time,ppg
0.0,31981
0.005,32083
0.01,32042
0.015,32086
0.02,32103
0.025,32005
0.03,32059
0.035,32075
0.04,32096
0.045,32115
0.05,32128
0.055,32157
0.06,32132
0.065,32222
0.07,32249
0.075,32337
0.08,32379
0.085,32489
0.09,32575
0.095,32643
0.1,32737
0.105,32828
0.11,32912
0.115,33029
0.12,33125
0.125,33265
0.13,33356
0.135,33475
0.14,33498
0.145,33660
0.15,33671
0.155,33729
0.16,33789
0.165,33801
0.17,34164
0.175,34119
0.18,34072
0.185,34036
0.19,34055
0.195,33938
0.2,33814
0.205,33768
0.21,33619
0.215,33643
0.22,33428
0.225,33407
0.23,33320
0.235,33166
0.24,33155
0.245,33115
0.25,33041
0.255,32989
0.26,32981
0.265,32931
0.27,32926
0.275,32909
0.28,32946
0.285,32908
0.29,32997
0.295,32984
0.3,33003
0.305,33101
0.31,33197
0.315,33223
0.32,33223
0.325,33320
0.33,33332
0.335,33395
0.34,33452
0.345,33410
0.35,33542
0.355,33533
0.36,33575
0.365,33571
0.37,33586
0.375,33616
0.38,33682
0.385,33706
0.39,33633
0.395,33652
0.4,33576
0.405,33483
0.41,33517
0.415,33482
0.42,33399
0.425,33371
0.43,33322
0.435,33209
0.44,33123
0.445,33104
0.45,33039
0.455,32969
0.46,32953
0.465,32917
0.47,32779
0.475,32761
0.48,32714
0.485,32652
0.49,32615
0.495,32517
0.5,32514
0.505,32521
0.51,32441
0.515,32357
0.52,32371
0.525,32368
0.53,32312
0.535,32257
0.54,32314
0.545,32198
0.55,32246
0.555,32215
0.56,32162
0.565,32240
0.57,32200
0.575,32139
0.58,32197
0.585,32155
0.59,32098
0.595,32138
0.6,32169
0.605,32180
0.61,32160
0.615,32154
0.62,32168
0.625,32142
0.63,32190
0.635,32152
0.64,32156
0.645,32164
0.65,32106
0.655,32117
0.66,32197
0.665,32154
0.67,32131
0.675,32152
0.68,32122
0.685,32149
0.69,32114
0.695,32148
0.7,32081
0.705,32185
0.71,32118
0.715,32079
0.72,32127
0.725,32122
0.73,32140
0.735,32093
0.74,32148
0.745,32264
0.75,32087
0.755,32145
0.76,32121
0.765,32139
0.77,32066
0.775,32090
0.78,32148
0.785,32129
0.79,32189
0.795,32105
0.8,32137
0.805,32235
0.81,32102
0.815,32098
0.82,32129
0.825,32129
0.83,32161
0.835,32137
0.84,32106
0.845,32142
0.85,32232
0.855,32186
0.86,32045
0.865,32146
0.87,32127
0.875,32190
0.88,32174
0.885,32265
0.89,32248
0.895,32270
0.9,32273
0.905,32298
0.91,32352
0.915,32433
0.92,32460
0.925,32489
0.93,32617
0.935,32655
0.94,32730
0.945,32796
0.95,32869
0.955,32970
0.96,32998
0.965,33244
0.97,33335
0.975,33412
0.98,33558
0.985,33630
0.99,33711
0.995,33681
1.0,33821
1.005,33893
1.01,33960
1.015,34304
1.02,34279
1.025,34160
1.03,34080
1.035,34124
1.04,34036
1.045,33990
1.05,33864
1.055,33784
1.06,33627
1.065,33601
1.07,33475
1.075,33413
1.08,33333
1.085,33237
1.09,33185
1.095,33116
1.1,33098
1.105,33054
1.11,32992
1.115,32978
1.12,33059
1.125,33001
1.13,33057
1.135,33061
1.14,33059
1.145,33091
1.15,33167
1.155,33220
1.16,33284
1.165,33269
1.17,33347
1.175,33418
1.18,33531
1.185,33438
1.19,33585
1.195,33591
1.2,33663
1.205,33661
1.21,33716
1.215,33778
1.22,33745
1.225,33751
1.23,33745
1.235,33693
1.24,33720
1.245,33667
1.25,33612
1.255,33601
1.26,33549
1.265,33535
1.27,33452
1.275,33376
1.28,33387
1.285,33307
1.29,33253
1.295,33164
1.3,33073
1.305,32998
1.31,32939
1.315,32922
1.32,32833
1.325,32719
1.33,32718
1.335,32618
1.34,32628
1.345,32535
1.35,32492
1.355,32505
1.36,32464
1.365,32377
1.37,32437
1.375,32463
1.38,32310
1.385,32410
1.39,32303
1.395,32295
1.4,32294
1.405,32237
1.41,32327
1.415,32289
1.42,32237
1.425,32249
1.43,32199
1.435,32236
1.44,32279
1.445,32180
1.45,32223
1.455,32242
1.46,32273
1.465,32282
1.47,32215
1.475,32203
1.48,32245
1.485,32215
1.49,32216
1.495,32265
1.5,32286
1.505,32234
1.51,32216
1.515,32243
1.52,32154
1.525,32221
1.53,32183
1.535,32306
1.54,32245
1.545,32224
1.55,32211
1.555,32127
1.56,32243
1.565,32276
1.57,32190
1.575,32241
1.58,32242
1.585,32159
1.59,32248
1.595,32263
1.6,32222
1.605,32211
1.61,32242
1.615,32157
1.62,32216
1.625,32250
1.63,32167
1.635,32247
1.64,32196
1.645,32136
1.65,32207
1.655,32175
1.66,32222
1.665,32168
1.67,32247
1.675,32183
1.68,32222
1.685,32188
1.69,32197
1.695,32252
1.7,32216
1.705,32194
1.71,32163
1.715,32250
1.72,32235
1.725,32197
1.73,32218
1.735,32172
1.74,32173
1.745,32181
1.75,32225
1.755,32225
1.76,32190
1.765,32248
1.77,32254
1.775,32238
1.78,32278
1.785,32241
1.79,32260
1.795,32266
1.8,32269
1.805,32324
1.81,32281
1.815,32414
1.82,32377
1.825,32449
1.83,32462
1.835,32598
1.84,32695
1.845,32768
1.85,32847
1.855,32855
1.86,32982
1.865,33098
1.87,33188
1.875,33370
1.88,33444
1.885,33540
1.89,33657
1.895,33695
1.9,33777
1.905,33846
1.91,33950
1.915,33983
1.92,34014
1.925,34360
1.93,34256
1.935,34253
1.94,34232
1.945,34117
1.95,34074
1.955,34048
1.96,33961
1.965,33867
1.97,33733
1.975,33629
1.98,33582
1.985,33442
1.99,33386
1.995,33348
2.0,33224
2.005,33162
2.01,33141
2.015,33132
2.02,33108
2.025,33087
2.03,33102
2.035,33036
2.04,33082
2.045,33147
2.05,33143
2.055,33168
2.06,33219
2.065,33279
2.07,33357
2.075,33380
2.08,33479
2.085,33584
2.09,33569
2.095,33669
2.1,33678
2.105,33667
2.11,33733
2.115,33736
2.12,33821
2.125,33768
2.13,33865
2.135,33839
2.14,33738
2.145,33825
2.15,33831
2.155,33718
2.16,33747
2.165,33606
2.17,33633
2.175,33512
2.18,33534
2.185,33393
2.19,33301
2.195,33346
2.2,33349
2.205,33180
2.21,33167
2.215,33077
2.22,32999
2.225,32972
2.23,32950
2.235,32791
2.24,32804
2.245,32746
2.25,32637
2.255,32704
2.26,32677
2.265,32536
2.27,32601
2.275,32511
2.28,32477
2.285,32513
2.29,32447
2.295,32432
2.3,32459
2.305,32436
2.31,32410
2.315,32317
2.32,32301
2.325,32391
2.33,32310
2.335,32343
2.34,32294
2.345,32322
2.35,32279
2.355,32381
2.36,32282
2.365,32312
2.37,32308
2.375,32357
2.38,32260
2.385,32309
2.39,32301
2.395,32327
2.4,32324
2.405,32289
2.41,32314
2.415,32291
2.42,32320
2.425,32299
2.43,32278
2.435,32300
2.44,32314
2.445,32381
2.45,32282
2.455,32310
2.46,32351
2.465,32223
2.47,32234
2.475,32254
2.48,32292
2.485,32383
2.49,32309
2.495,32338
2.5,32286
2.505,32205
2.51,32210
2.515,32329
2.52,32299
2.525,32245
2.53,32332
2.535,32236
2.54,32331
2.545,32342
2.55,32262
2.555,32250
2.56,32320
2.565,32249
2.57,32320
2.575,32245
2.58,32317
2.585,32291
2.59,32272
2.595,32255
2.6,32296
2.605,32219
2.61,32277
2.615,32273
2.62,32312
2.625,32243
2.63,32351
2.635,32279
2.64,32251
2.645,32344
2.65,32357
2.655,32295
2.66,32275
2.665,32315
2.67,32299
2.675,32324
2.68,32407
2.685,32383
2.69,32397
2.695,32432
2.7,32451
2.705,32490
2.71,32538
2.715,32547
2.72,32625
2.725,32777
2.73,32782
2.735,32844
2.74,33016
2.745,33040
2.75,33102
2.755,33272
2.76,33323
2.765,33445
2.77,33580
2.775,33665
2.78,33736
2.785,33829
2.79,33901
2.795,34025
2.8,34003
2.805,34038
2.81,34145
2.815,34368
2.82,34417
2.825,34370
2.83,34263
2.835,34149
2.84,34139
2.845,34060
2.85,33979
2.855,33851
2.86,33796
2.865,33708
2.87,33529
2.875,33534
2.88,33412
2.885,33317
2.89,33268
2.895,33299
2.9,33231
2.905,33106
2.91,33159
2.915,33148
2.92,33153
2.925,33157
2.93,33147
2.935,33263
2.94,33236
2.945,33300
2.95,33339
2.955,33386
2.96,33491
2.965,33532
2.97,33547
2.975,33589
2.98,33656
2.985,33754
2.99,33766
2.995,33807
3.0,33818
3.005,33846
3.01,33882
3.015,33819
3.02,33948
3.025,33858
3.03,33855
3.035,33905
3.04,33839
3.045,33800
3.05,33739
3.055,33660
3.06,33673
3.065,33655
3.07,33522
3.075,33543
3.08,33390
3.085,33340
3.09,33319
3.095,33236
3.1,33196
3.105,33081
3.11,33009
3.115,32920
3.12,32887
3.125,32837
3.13,32774
3.135,32789
3.14,32710
3.145,32621
3.15,32745
3.155,32591
3.16,32546
3.165,32608
3.17,32580
3.175,32475
3.18,32444
3.185,32444
3.19,32505
3.195,32440
3.2,32411
3.205,32429
3.21,32465
3.215,32365
3.22,32395
3.225,32353
3.23,32477
3.235,32460
3.24,32425
3.245,32383
3.25,32409
3.255,32308
3.26,32391
3.265,32332
3.27,32331
3.275,32352
3.28,32363
3.285,32395
3.29,32399
3.295,32382
3.3,32338
3.305,32395
3.31,32365
3.315,32412
3.32,32335
3.325,32268
3.33,32350
3.335,32444
3.34,32382
3.345,32358
3.35,32396
3.355,32382
3.36,32379
3.365,32344
3.37,32364
3.375,32368
3.38,32337
3.385,32320
3.39,32364
3.395,32394
3.4,32382
3.405,32376
3.41,32376
3.415,32451
3.42,32367
3.425,32395
3.43,32428
3.435,32360
3.44,32368
3.445,32397
3.45,32422
3.455,32375
3.46,32381
3.465,32376
3.47,32335
3.475,32427
3.48,32388
3.485,32349
3.49,32423
3.495,32386
3.5,32438
3.505,32505
3.51,32508
3.515,32622
3.52,32581
3.525,32700
3.53,32776
3.535,32881
3.54,32942
3.545,33005
3.55,33094
3.555,33189
3.56,33336
3.565,33378
3.57,33528
3.575,33612
3.58,33726
3.585,33805
3.59,33948
3.595,33926
3.6,34025
3.605,34078
3.61,34126
3.615,34141
3.62,34465
3.625,34467
3.63,34344
3.635,34349
3.64,34242
3.645,34221
3.65,34087
3.655,34005
3.66,33943
3.665,33899
3.67,33774
3.675,33671
3.68,33624
3.685,33459
3.69,33345
3.695,33343
3.7,33296
3.705,33309
3.71,33312
3.715,33168
3.72,33297
3.725,33267
3.73,33253
3.735,33256
3.74,33359
3.745,33310
3.75,33332
3.755,33400
3.76,33395
3.765,33513
3.77,33546
3.775,33615
3.78,33668
3.785,33668
3.79,33801
3.795,33761
3.8,33869
3.805,33814
3.81,33913
3.815,33891
3.82,33937
3.825,33919
3.83,33863
3.835,33894
3.84,33921
3.845,33918
3.85,33813
3.855,33754
3.86,33757
3.865,33733
3.87,33666
3.875,33603
3.88,33603
3.885,33545
3.89,33473
3.895,33348
3.9,33319
3.905,33244
3.91,33136
3.915,33156
3.92,33067
3.925,32988
3.93,33002
3.935,32926
3.94,32880
3.945,32847
3.95,32787
3.955,32677
3.96,32673
3.965,32691
3.97,32598
3.975,32601
3.98,32591
3.985,32608
3.99,32584
3.995,32554
4.0,32501
4.005,32528
4.01,32504
4.015,32470
4.02,32517
4.025,32479
4.03,32428
4.035,32496
4.04,32437
4.045,32464
4.05,32384
4.055,32436
4.06,32400
4.065,32397
4.07,32361
4.075,32505
4.08,32421
4.085,32434
4.09,32464
4.095,32418
4.1,32440
4.105,32372
4.11,32427
4.115,32404
4.12,32436
4.125,32423
4.13,32366
4.135,32349
4.14,32378
4.145,32440
4.15,32428
4.155,32427
4.16,32339
4.165,32314
4.17,32388
4.175,32397
4.18,32387
4.185,32421
4.19,32401
4.195,32364
4.2,32374
4.205,32411
4.21,32408
4.215,32402
4.22,32486
4.225,32394
4.23,32408
4.235,32367
4.24,32390
4.245,32422
4.25,32424
4.255,32398
4.26,32419
4.265,32409
4.27,32342
4.275,32295
4.28,32501
4.285,32454
4.29,32430
4.295,32380
4.3,32410
4.305,32521
4.31,32393
4.315,32507
4.32,32580
4.325,32590
4.33,32655
4.335,32673
4.34,32821
4.345,32763
4.35,32824
4.355,32963
4.36,33092
4.365,33133
4.37,33272
4.375,33319
4.38,33402
4.385,33603
4.39,33715
4.395,33816
4.4,33810
4.405,33873
4.41,33951
4.415,34051
4.42,34132
4.425,34166
4.43,34116
4.435,34500
4.44,34475
4.445,34444
4.45,34391
4.455,34322
4.46,34276
4.465,34176
4.47,34090
4.475,33962
4.48,33905
4.485,33791
4.49,33626
4.495,33632
4.5,33525
4.505,33495
4.51,33394
4.515,33344
4.52,33314
4.525,33276
4.53,33241
4.535,33185
4.54,33318
4.545,33207
4.55,33272
4.555,33336
4.56,33362
4.565,33410
4.57,33463
4.575,33530
4.58,33547
4.585,33695
4.59,33607
4.595,33704
4.6,33733
4.605,33774
4.61,33848
4.615,33930
4.62,33885
4.625,33913
4.63,33986
4.635,33994
4.64,34052
4.645,34018
4.65,33981
4.655,33945
4.66,33942
4.665,33899
4.67,33820
4.675,33827
4.68,33773
4.685,33718
4.69,33655
4.695,33671
4.7,33573
4.705,33518
4.71,33397
4.715,33317
4.72,33278
4.725,33233
4.73,33149
4.735,33094
4.74,33078
4.745,32998
4.75,32900
4.755,32871
4.76,32817
4.765,32805
4.77,32717
4.775,32717
4.78,32716
4.785,32663
4.79,32603
4.795,32590
4.8,32596
4.805,32591
4.81,32588
4.815,32538
4.82,32484
4.825,32572
4.83,32522
4.835,32518
4.84,32508
4.845,32453
4.85,32474
4.855,32491
4.86,32515
4.865,32476
4.87,32359
4.875,32460
4.88,32479
4.885,32511
4.89,32489
4.895,32551
4.9,32511
4.905,32507
4.91,32491
4.915,32406
4.92,32485
4.925,32475
4.93,32434
4.935,32473
4.94,32466
4.945,32433
4.95,32445
4.955,32439
4.96,32456
4.965,32431
4.97,32465
4.975,32376
4.98,32434
4.985,32383
4.99,32425
4.995,32460
5.0,32442
5.005,32436
5.01,32442
5.015,32495
5.02,32398
5.025,32469
5.03,32382
5.035,32419
5.04,32441
5.045,32404
5.05,32442
5.055,32460
5.06,32390
5.065,32430
5.07,32419
5.075,32362
5.08,32425
5.085,32403
5.09,32480
5.095,32401
5.1,32494
5.105,32415
5.11,32506
5.115,32458
5.12,32459
5.125,32476
5.13,32487
5.135,32513
5.14,32536
5.145,32476
5.15,32461
5.155,32432
5.16,32540
5.165,32614
5.17,32638
5.175,32673
5.18,32708
5.185,32757
5.19,32837
5.195,32936
5.2,32941
5.205,33120
5.21,33137
5.215,33253
5.22,33341
5.225,33458
5.23,33541
5.235,33643
5.24,33778
5.245,33842
5.25,34056
5.255,34027
5.26,34081
5.265,34132
5.27,34146
5.275,34111
5.28,34509
5.285,34507
5.29,34403
5.295,34404
5.3,34294
5.305,34259
5.31,34188
5.315,34101
5.32,34004
5.325,33866
5.33,33828
5.335,33689
5.34,33632
5.345,33566
5.35,33460
5.355,33365
5.36,33384
5.365,33283
5.37,33264
5.375,33241
5.38,33306
5.385,33275
5.39,33214
5.395,33344
5.4,33423
5.405,33450
5.41,33407
5.415,33478
5.42,33543
5.425,33609
5.43,33632
5.435,33644
5.44,33763
5.445,33807
5.45,33784
5.455,33861
5.46,33922
5.465,33944
5.47,33989
5.475,34018
5.48,34021
5.485,34002
5.49,33955
5.495,34016
5.5,34026
5.505,34022
5.51,33918
5.515,33880
5.52,33890
5.525,33840
5.53,33747
5.535,33703
5.54,33589
5.545,33575
5.55,33459
5.555,33418
5.56,33354
5.565,33276
5.57,33153
5.575,33137
5.58,33119
5.585,33047
5.59,32981
5.595,32959
5.6,32920
5.605,32881
5.61,32779
5.615,32771
5.62,32724
5.625,32673
5.63,32622
5.635,32647
5.64,32596
5.645,32685
5.65,32586
5.655,32566
5.66,32546
5.665,32616
5.67,32505
5.675,32524
5.68,32494
5.685,32511
5.69,32508
5.695,32544
5.7,32449
5.705,32496
5.71,32551
5.715,32472
5.72,32481
5.725,32454
5.73,32389
5.735,32478
5.74,32522
5.745,32462
5.75,32410
5.755,32485
5.76,32477
5.765,32509
5.77,32505
5.775,32461
5.78,32484
5.785,32404
5.79,32508
5.795,32473
5.8,32505
5.805,32503
5.81,32453
5.815,32457
5.82,32430
5.825,32387
5.83,32455
5.835,32465
5.84,32419
5.845,32483
5.85,32460
5.855,32472
5.86,32427
5.865,32391
5.87,32481
5.875,32475
5.88,32448
5.885,32436
5.89,32440
5.895,32445
5.9,32431
5.905,32376
5.91,32476
5.915,32393
5.92,32434
5.925,32435
5.93,32454
5.935,32386
5.94,32487
5.945,32467
5.95,32470
5.955,32488
5.96,32413
5.965,32329
5.97,32453
5.975,32489
5.98,32483
5.985,32423
5.99,32440
5.995,32455
6.0,32381
6.005,32425
6.01,32430
6.015,32516
6.02,32442
6.025,32532
6.03,32488
6.035,32442
6.04,32601
6.045,32509
6.05,32594
6.055,32635
6.06,32594
6.065,32616
6.07,32752
6.075,32779
6.08,32802
6.085,32884
6.09,32994
6.095,33134
6.1,33187
6.105,33323
6.11,33465
6.115,33559
6.12,33672
6.125,33769
6.13,33767
6.135,33961
6.14,34013
6.145,34068
6.15,34092
6.155,34117
6.16,34162
6.165,34536
6.17,34483
6.175,34469
6.18,34434
6.185,34423
6.19,34319
6.195,34245
6.2,34210
6.205,34058
6.21,33995
6.215,33839
6.22,33794
6.225,33696
6.23,33614
6.235,33515
6.24,33427
6.245,33396
6.25,33344
6.255,33363
6.26,33334
6.265,33245
6.27,33308
6.275,33276
6.28,33326
6.285,33317
6.29,33314
6.295,33442
6.3,33465
6.305,33453
6.31,33480
6.315,33581
6.32,33611
6.325,33693
6.33,33780
6.335,33859
6.34,33839
6.345,33943
6.35,33971
6.355,33944
6.36,33924
6.365,34032
6.37,34033
6.375,34099
6.38,34061
6.385,34025
6.39,34038
6.395,33913
6.4,33924
6.405,33867
6.41,33895
6.415,33802
6.42,33616
6.425,33717
6.43,33574
6.435,33571
6.44,33461
6.445,33421
6.45,33370
6.455,33289
6.46,33184
6.465,33207
6.47,33112
6.475,33040
6.48,33012
6.485,32917
6.49,32956
6.495,32852
6.5,32817
6.505,32779
6.51,32699
6.515,32659
6.52,32682
6.525,32662
6.53,32675
6.535,32624
6.54,32551
6.545,32594
6.55,32592
6.555,32586
6.56,32552
6.565,32488
6.57,32566
6.575,32491
6.58,32533
6.585,32450
6.59,32530
6.595,32471
6.6,32535
6.605,32556
6.61,32532
6.615,32446
6.62,32452
6.625,32453
6.63,32506
6.635,32493
6.64,32485
6.645,32489
6.65,32497
6.655,32498
6.66,32534
6.665,32470
6.67,32479
6.675,32403
6.68,32421
6.685,32443
6.69,32424
6.695,32473
6.7,32502
6.705,32448
6.71,32445
6.715,32443
6.72,32465
6.725,32440
6.73,32474
6.735,32468
6.74,32469
6.745,32483
6.75,32456
6.755,32459
6.76,32516
6.765,32450
6.77,32480
6.775,32452
6.78,32433
6.785,32432
6.79,32418
6.795,32447
6.8,32424
6.805,32430
6.81,32489
6.815,32440
6.82,32485
6.825,32454
6.83,32476
6.835,32423
6.84,32452
6.845,32544
6.85,32482
6.855,32492
6.86,32470
6.865,32500
6.87,32437
6.875,32460
6.88,32522
6.885,32556
6.89,32535
6.895,32572
6.9,32601
6.905,32648
6.91,32659
6.915,32706
6.92,32818
6.925,32829
6.93,32935
6.935,33032
6.94,33110
6.945,33223
6.95,33301
6.955,33421
6.96,33495
6.965,33611
6.97,33760
6.975,33853
6.98,33914
6.985,34024
6.99,34087
6.995,34140
7.0,34232
7.005,34184
7.01,34543
7.015,34528
7.02,34473
7.025,34393
7.03,34400
7.035,34313
7.04,34223
7.045,34133
7.05,34039
7.055,33909
7.06,33856
7.065,33687
7.07,33661
7.075,33526
7.08,33492
7.085,33466
7.09,33376
7.095,33324
7.1,33327
7.105,33277
7.11,33261
7.115,33261
7.12,33339
7.125,33327
7.13,33347
7.135,33321
7.14,33426
7.145,33401
7.15,33514
7.155,33507
7.16,33670
7.165,33593
7.17,33750
7.175,33785
7.18,33740
7.185,33840
7.19,33941
7.195,33964
7.2,33893
7.205,33956
7.21,33948
7.215,33962
7.22,33977
7.225,34059
7.23,33984
7.235,33949
7.24,33917
7.245,33918
7.25,33877
7.255,33773
7.26,33807
7.265,33659
7.27,33629
7.275,33593
7.28,33574
7.285,33435
7.29,33392
7.295,33363
7.3,33274
7.305,33229
7.31,33164
7.315,33077
7.32,33034
7.325,32991
7.33,32907
7.335,32918
7.34,32746
7.345,32744
7.35,32793
7.355,32723
7.36,32654
7.365,32664
7.37,32665
7.375,32584
7.38,32613
7.385,32564
7.39,32550
7.395,32538
7.4,32569
7.405,32479
7.41,32498
7.415,32528
7.42,32453
7.425,32435
7.43,32507
7.435,32483
7.44,32474
7.445,32481
7.45,32438
7.455,32575
7.46,32432
7.465,32450
7.47,32413
7.475,32447
7.48,32515
7.485,32459
7.49,32479
7.495,32438
7.5,32520
7.505,32459
7.51,32407
7.515,32478
7.52,32436
7.525,32470
7.53,32452
7.535,32455
7.54,32449
7.545,32410
7.55,32388
7.555,32476
7.56,32435
7.565,32449
7.57,32421
7.575,32364
7.58,32389
7.585,32485
7.59,32405
7.595,32418
7.6,32378
7.605,32411
7.61,32416
7.615,32420
7.62,32425
7.625,32404
7.63,32405
7.635,32424
7.64,32436
7.645,32418
7.65,32486
7.655,32430
7.66,32428
7.665,32399
7.67,32460
7.675,32388
7.68,32368
7.685,32394
7.69,32455
7.695,32397
7.7,32492
7.705,32454
7.71,32412
7.715,32474
7.72,32565
7.725,32494
7.73,32506
7.735,32606
7.74,32675
7.745,32712
7.75,32718
7.755,32799
7.76,32874
7.765,32982
7.77,33102
7.775,33113
7.78,33261
7.785,33305
7.79,33412
7.795,33464
7.8,33577
7.805,33724
7.81,33775
7.815,33930
7.82,33960
7.825,34052
7.83,34102
7.835,34134
7.84,34176
7.845,34541
7.85,34600
7.855,34415
7.86,34424
7.865,34347
7.87,34250
7.875,34212
7.88,34081
7.885,34016
7.89,33967
7.895,33753
7.9,33740
7.905,33658
7.91,33524
7.915,33502
7.92,33430
7.925,33349
7.93,33360
7.935,33236
7.94,33283
7.945,33240
7.95,33210
7.955,33250
7.96,33262
7.965,33330
7.97,33279
7.975,33366
7.98,33400
7.985,33522
7.99,33476
7.995,33606
8.0,33558
8.005,33686
8.01,33719
8.015,33786
8.02,33792
8.025,33787
8.03,33837
8.035,33969
8.04,33952
8.045,33929
8.05,34002
8.055,33944
8.06,33938
8.065,33907
8.07,33972
8.075,33972
8.08,33832
8.085,33836
8.09,33814
8.095,33804
8.1,33586
8.105,33618
8.11,33574
8.115,33433
8.12,33436
8.125,33362
8.13,33316
8.135,33204
8.14,33176
8.145,33078
8.15,33062
8.155,32989
8.16,32916
8.165,32828
8.17,32892
8.175,32828
8.18,32780
8.185,32687
8.19,32665
8.195,32707
8.2,32646
8.205,32564
8.21,32575
8.215,32559
8.22,32529
8.225,32488
8.23,32554
8.235,32518
8.24,32480
8.245,32422
8.25,32450
8.255,32464
8.26,32490
8.265,32440
8.27,32489
8.275,32451
8.28,32415
8.285,32339
8.29,32394
8.295,32380
8.3,32426
8.305,32442
8.31,32478
8.315,32426
8.32,32383
8.325,32507
8.33,32432
8.335,32410
8.34,32409
8.345,32368
8.35,32438
8.355,32428
8.36,32470
8.365,32451
8.37,32442
8.375,32454
8.38,32398
8.385,32391
8.39,32404
8.395,32360
8.4,32398
8.405,32390
8.41,32425
8.415,32400
8.42,32330
8.425,32399
8.43,32448
8.435,32331
8.44,32369
8.445,32397
8.45,32348
8.455,32377
8.46,32400
8.465,32352
8.47,32413
8.475,32421
8.48,32367
8.485,32421
8.49,32469
8.495,32436
8.5,32474
8.505,32501
8.51,32494
8.515,32568
8.52,32582
8.525,32574
8.53,32678
8.535,32746
8.54,32808
8.545,32828
8.55,32947
8.555,33066
8.56,33119
8.565,33252
8.57,33359
8.575,33417
8.58,33549
8.585,33621
8.59,33772
8.595,33827
8.6,33898
8.605,33995
8.61,34060
8.615,34128
8.62,34167
8.625,34096
8.63,34441
8.635,34459
8.64,34430
8.645,34367
8.65,34396
8.655,34268
8.66,34141
8.665,34080
8.67,34007
8.675,33875
8.68,33703
8.685,33676
8.69,33586
8.695,33580
8.7,33364
8.705,33422
8.71,33307
8.715,33304
8.72,33229
8.725,33226
8.73,33251
8.735,33215
8.74,33261
8.745,33240
8.75,33256
8.755,33297
8.76,33328
8.765,33387
8.77,33489
8.775,33449
8.78,33484
8.785,33596
8.79,33709
8.795,33737
8.8,33794
8.805,33835
8.81,33803
8.815,33867
8.82,33795
8.825,33890
8.83,33948
8.835,33877
8.84,33858
8.845,33877
8.85,33916
8.855,33928
8.86,33949
8.865,33871
8.87,33723
8.875,33646
8.88,33682
8.885,33658
8.89,33502
8.895,33479
8.9,33417
8.905,33369
8.91,33295
8.915,33255
8.92,33210
8.925,33111
8.93,33075
8.935,33061
8.94,32896
8.945,32842
8.95,32848
8.955,32850
8.96,32747
8.965,32740
8.97,32654
8.975,32665
8.98,32580
8.985,32600
8.99,32566
8.995,32545
9.0,32561
9.005,32534
9.01,32459
9.015,32500
9.02,32395
9.025,32483
9.03,32538
9.035,32450
9.04,32443
9.045,32422
9.05,32445
9.055,32394
9.06,32431
9.065,32394
9.07,32385
9.075,32402
9.08,32393
9.085,32331
9.09,32466
9.095,32394
9.1,32326
9.105,32424
9.11,32383
9.115,32390
9.12,32406
9.125,32347
9.13,32272
9.135,32373
9.14,32384
9.145,32410
9.15,32345
9.155,32361
9.16,32384
9.165,32357
9.17,32358
9.175,32375
9.18,32328
9.185,32420
9.19,32328
9.195,32362
9.2,32347
9.205,32332
9.21,32376
9.215,32392
9.22,32407
9.225,32374
9.23,32336
9.235,32382
9.24,32298
9.245,32350
9.25,32366
9.255,32367
9.26,32304
9.265,32290
9.27,32403
9.275,32323
9.28,32281
9.285,32295
9.29,32339
9.295,32380
9.3,32336
9.305,32378
9.31,32342
9.315,32350
9.32,32368
9.325,32318
9.33,32341
9.335,32316
9.34,32307
9.345,32353
9.35,32299
9.355,32332
9.36,32301
9.365,32328
9.37,32314
9.375,32376
9.38,32344
9.385,32349
9.39,32414
9.395,32260
9.4,32337
9.405,32295
9.41,32382
9.415,32424
9.42,32462
9.425,32485
9.43,32488
9.435,32633
9.44,32638
9.445,32683
9.45,32726
9.455,32862
9.46,32917
9.465,33013
9.47,33137
9.475,33241
9.48,33311
9.485,33493
9.49,33517
9.495,33615
9.5,33762
9.505,33843
9.51,33918
9.515,33965
9.52,34031
9.525,34044
9.53,34023
9.535,34431
9.54,34348
9.545,34340
9.55,34324
9.555,34234
9.56,34257
9.565,34023
9.57,33955
9.575,33890
9.58,33839
9.585,33685
9.59,33549
9.595,33554
9.6,33399
9.605,33353
9.61,33330
9.615,33222
9.62,33189
9.625,33193
9.63,33150
9.635,33160
9.64,33118
9.645,33160
9.65,33146
9.655,33158
9.66,33312
9.665,33307
9.67,33369
9.675,33350
9.68,33436
9.685,33482
9.69,33491
9.695,33613
9.7,33617
9.705,33683
9.71,33678
9.715,33807
9.72,33831
9.725,33845
9.73,33818
9.735,33845
9.74,33914
9.745,33858
9.75,33868
9.755,33847
9.76,33778
9.765,33842
9.77,33679
9.775,33715
9.78,33655
9.785,33547
9.79,33559
9.795,33506
9.8,33426
9.805,33329
9.81,33309
9.815,33267
9.82,33170
9.825,33159
9.83,33065
9.835,33001
9.84,32965
9.845,32835
9.85,32787
9.855,32775
9.86,32729
9.865,32722
9.87,32670
9.875,32599
9.88,32568
9.885,32521
9.89,32492
9.895,32465
9.9,32493
9.905,32424
9.91,32412
9.915,32416
9.92,32380
9.925,32379
9.93,32299
9.935,32382
9.94,32351
9.945,32362
9.95,32363
9.955,32278
9.96,32428
9.965,32343
9.97,32341
9.975,32267
9.98,32352
9.985,32342
9.99,32312
9.995,32332
10.0,32368
10.005,32308
10.01,32286
10.015,32365
10.02,32325
10.025,32307
10.03,32395
10.035,32317
10.04,32303
10.045,32317
10.05,32292
10.055,32313
10.06,32309
10.065,32278
10.07,32291
10.075,32310
10.08,32311
10.085,32317
10.09,32323
10.095,32302
10.1,32311
10.105,32277
10.11,32280
10.115,32325
10.12,32216
10.125,32299
10.13,32398
10.135,32216
10.14,32335
10.145,32217
10.15,32292
10.155,32336
10.16,32329
10.165,32242
10.17,32226
10.175,32220
10.18,32296
10.185,32255
10.19,32269
10.195,32277
10.2,32281
10.205,32285
10.21,32269
10.215,32207
10.22,32317
10.225,32166
10.23,32310
10.235,32245
10.24,32262
10.245,32254
10.25,32265
10.255,32284
10.26,32284
10.265,32266
10.27,32350
10.275,32317
10.28,32409
10.285,32383
10.29,32396
10.295,32477
10.3,32539
10.305,32528
10.31,32579
10.315,32710
10.32,32700
10.325,32790
10.33,32918
10.335,32966
10.34,33023
10.345,33157
10.35,33338
10.355,33455
10.36,33556
10.365,33648
10.37,33682
10.375,33833
10.38,33921
10.385,33912
10.39,34014
10.395,33993
10.4,34346
10.405,34341
10.41,34246
10.415,34308
10.42,34167
10.425,34124
10.43,34030
10.435,33976
10.44,33881
10.445,33770
10.45,33723
10.455,33587
10.46,33472
10.465,33299
10.47,33316
10.475,33248
10.48,33170
10.485,33124
10.49,33141
10.495,33133
10.5,33150
10.505,33121
10.51,33061
10.515,33113
10.52,33079
10.525,33187
10.53,33211
10.535,33220
10.54,33286
10.545,33331
10.55,33369
10.555,33492
10.56,33609
10.565,33578
10.57,33634
10.575,33647
10.58,33669
10.585,33796
10.59,33734
10.595,33785
10.6,33783
10.605,33818
10.61,33797
10.615,33814
10.62,33734
10.625,33756
10.63,33782
10.635,33661
10.64,33634
10.645,33661
10.65,33575
10.655,33543
10.66,33365
10.665,33389
10.67,33274
10.675,33204
10.68,33203
10.685,33165
10.69,33003
10.695,32953
10.7,32910
10.705,32867
10.71,32766
10.715,32841
10.72,32730
10.725,32648
10.73,32598
10.735,32659
10.74,32619
10.745,32486
10.75,32485
10.755,32490
10.76,32376
10.765,32375
10.77,32426
10.775,32334
10.78,32328
10.785,32281
10.79,32291
10.795,32332
10.8,32269
10.805,32243
10.81,32261
10.815,32342
10.82,32279
10.825,32247
10.83,32269
10.835,32276
10.84,32261
10.845,32188
10.85,32261
10.855,32240
10.86,32276
10.865,32195
10.87,32279
10.875,32222
10.88,32176
10.885,32284
10.89,32215
10.895,32246
10.9,32225
10.905,32269
10.91,32268
10.915,32266
10.92,32250
10.925,32164
10.93,32160
10.935,32227
10.94,32184
10.945,32234
10.95,32222
10.955,32163
10.96,32175
10.965,32170
10.97,32178
10.975,32201
10.98,32232
10.985,32255
10.99,32169
10.995,32183
11.0,32258
11.005,32233
11.01,32208
11.015,32113
11.02,32160
11.025,32202
11.03,32173
11.035,32266
11.04,32196
11.045,32202
11.05,32151
11.055,32152
11.06,32165
11.065,32166
11.07,32180
11.075,32202
11.08,32198
11.085,32227
11.09,32143
11.095,32203
11.1,32208
11.105,32263
11.11,32206
11.115,32236
11.12,32208
11.125,32270
11.13,32290
11.135,32278
11.14,32316
11.145,32368
11.15,32434
11.155,32422
11.16,32554
11.165,32575
11.17,32730
11.175,32796
11.18,32784
11.185,32871
11.19,33084
11.195,33122
11.2,33226
11.205,33297
11.21,33413
11.215,33549
11.22,33637
11.225,33670
11.23,33821
11.235,33850
11.24,33852
11.245,33955
11.25,33928
11.255,34283
11.26,34212
11.265,34207
11.27,34082
11.275,34089
11.28,33943
11.285,33918
11.29,33728
11.295,33722
11.3,33654
11.305,33549
11.31,33483
11.315,33313
11.32,33330
11.325,33260
11.33,33097
11.335,33061
11.34,33030
11.345,33022
11.35,33012
11.355,32909
11.36,33024
11.365,33006
11.37,33001
11.375,33102
11.38,33091
11.385,33186
11.39,33210
11.395,33229
11.4,33334
11.405,33374
11.41,33379
11.415,33390
11.42,33478
11.425,33566
11.43,33578
11.435,33688
11.44,33665
11.445,33688
11.45,33715
11.455,33680
11.46,33713
11.465,33690
11.47,33619
11.475,33622
11.48,33688
11.485,33614
11.49,33587
11.495,33494
11.5,33477
11.505,33472
11.51,33390
11.515,33306
11.52,33317
11.525,33194
11.53,33118
11.535,33106
11.54,32936
11.545,32955
11.55,32831
11.555,32782
11.56,32728
11.565,32702
11.57,32649
11.575,32607
11.58,32558
11.585,32559
11.59,32530
11.595,32459
11.6,32429
11.605,32358
11.61,32306
11.615,32344
11.62,32303
11.625,32314
11.63,32201
11.635,32350
11.64,32194
11.645,32230
11.65,32255
11.655,32161
11.66,32184
11.665,32124
11.67,32140
11.675,32117
11.68,32186
11.685,32189
11.69,32164
11.695,32218
11.7,32220
11.705,32167
11.71,32156
11.715,32152
11.72,32144
11.725,32206
11.73,32165
11.735,32142
11.74,32144
11.745,32171
11.75,32135
11.755,32159
11.76,32145
11.765,32194
11.77,32185
11.775,32090
11.78,32134
11.785,32164
11.79,32121
11.795,32165
11.8,32146
11.805,32154
11.81,32129
11.815,32141
11.82,32147
11.825,32074
11.83,32092
11.835,32087
11.84,32184
11.845,32133
11.85,32134
11.855,32126
11.86,32100
11.865,32090
11.87,32147
11.875,32102
11.88,32172
11.885,32122
11.89,32119
11.895,32108
11.9,32115
11.905,32121
11.91,32179
11.915,32214
11.92,32094
11.925,32154
11.93,32183
11.935,32139
11.94,32168
11.945,32198
11.95,32156
11.955,32301
11.96,32316
11.965,32361
11.97,32423
11.975,32491
11.98,32636
11.985,32636
11.99,32745
11.995,32788
12.0,32917
12.005,32996
12.01,33107
12.015,33186
12.02,33295
12.025,33444
12.03,33520
12.035,33600
12.04,33640
12.045,33744
12.05,33696
12.055,33861
12.06,33849
12.065,34190
12.07,34207
12.075,34119
12.08,34122
12.085,34012
12.09,33975
12.095,33859
12.1,33795
12.105,33742
12.11,33569
12.115,33474
12.12,33390
12.125,33323
12.13,33328
12.135,33133
12.14,33014
12.145,33009
12.15,32931
12.155,32935
12.16,32933
12.165,32887
12.17,32896
12.175,32862
12.18,32954
12.185,32947
12.19,33046
12.195,33084
12.2,33059
12.205,33125
12.21,33191
12.215,33269
12.22,33234
12.225,33344
12.23,33464
12.235,33441
12.24,33497
12.245,33528
12.25,33520
12.255,33626
12.26,33623
12.265,33635
12.27,33663
12.275,33666
12.28,33563
12.285,33634
12.29,33574
12.295,33572
12.3,33505
12.305,33458
12.31,33477
12.315,33390
12.32,33324
12.325,33264
12.33,33215
12.335,33147
12.34,32997
12.345,32985
12.35,32942
12.355,32912
12.36,32871
12.365,32726
12.37,32770
12.375,32647
12.38,32608
12.385,32520
12.39,32470
12.395,32500
12.4,32400
12.405,32367
12.41,32379
12.415,32369
12.42,32225
12.425,32248
12.43,32232
12.435,32279
12.44,32285
12.445,32179
12.45,32181
12.455,32187
12.46,32188
12.465,32126
12.47,32160
12.475,32097
12.48,32020
12.485,32062
12.49,32115
12.495,32131
12.5,32018
12.505,32031
12.51,32092
12.515,31969
12.52,32109
12.525,32123
12.53,31976
12.535,32110
12.54,32073
12.545,32130
12.55,32087
12.555,32066
12.56,32078
12.565,32106
12.57,32077
12.575,32070
12.58,32015
12.585,32083
12.59,32065
12.595,32129
12.6,32061
12.605,32057
12.61,32036
12.615,32083
12.62,32048
12.625,32029
12.63,32111
12.635,32116
12.64,32034
12.645,32012
12.65,32088
12.655,32016
12.66,32147
12.665,32039
12.67,32077
12.675,31994
12.68,32039
12.685,32078
12.69,32054
12.695,32017
12.7,32124
12.705,32062
12.71,32026
12.715,32013
12.72,32025
12.725,32084
12.73,32009
12.735,32041
12.74,32013
12.745,32093
12.75,32049
12.755,32095
12.76,32096
12.765,32069
12.77,32134
12.775,32165
12.78,32118
12.785,32218
12.79,32361
12.795,32268
12.8,32356
12.805,32346
12.81,32480
12.815,32519
12.82,32652
12.825,32714
12.83,32770
12.835,32955
12.84,33012
12.845,33058
12.85,33203
12.855,33270
12.86,33418
12.865,33493
12.87,33563
12.875,33671
12.88,33657
12.885,33780
12.89,33698
12.895,34161
12.9,34096
12.905,34051
12.91,33989
12.915,33977
12.92,33880
12.925,33799
12.93,33754
12.935,33607
12.94,33517
12.945,33444
12.95,33373
12.955,33238
12.96,33166
12.965,33085
12.97,33044
12.975,33014
12.98,32880
12.985,32875
12.99,32854
12.995,32865
13.0,32896
13.005,32849
13.01,32874
13.015,32933
13.02,32879
13.025,32934
13.03,32990
13.035,33053
13.04,33112
13.045,33137
13.05,33273
13.055,33235
13.06,33304
13.065,33399
13.07,33433
13.075,33444
13.08,33494
13.085,33539
13.09,33532
13.095,33572
13.1,33524
13.105,33561
13.11,33493
13.115,33507
13.12,33477
13.125,33536
13.13,33439
13.135,33426
13.14,33335
13.145,33310
13.15,33251
13.155,33171
13.16,33171
13.165,33015
13.17,33033
13.175,33041
13.18,32848
13.185,32814
13.19,32691
13.195,32685
13.2,32563
13.205,32592
13.21,32497
13.215,32396
13.22,32369
13.225,32314
13.23,32320
13.235,32324
13.24,32244
13.245,32185
13.25,32169
13.255,32179
13.26,32063
13.265,32154
13.27,32130
13.275,32009
13.28,32129
13.285,32014
13.29,32055
13.295,32097
13.3,31986
13.305,31971
13.31,31992
13.315,31988
13.32,32018
13.325,31999
13.33,31997
13.335,31994
13.34,32002
13.345,31974
13.35,32015
13.355,32001
13.36,31961
13.365,32064
13.37,31948
13.375,32020
13.38,31964
13.385,32003
13.39,32007
13.395,32018
13.4,32037
13.405,31952
13.41,32087
13.415,31995
13.42,31949
13.425,31927
13.43,32062
13.435,32035
13.44,31973
13.445,32000
13.45,32019
13.455,31973
13.46,31952
13.465,31965
13.47,31996
13.475,31965
13.48,31917
13.485,31989
13.49,31896
13.495,31931
13.5,32003
13.505,31965
13.51,31963
13.515,31957
13.52,31990
13.525,31949
13.53,31878
13.535,31958
13.54,31835
13.545,31871
13.55,32003
13.555,31982
13.56,31926
13.565,31939
13.57,31944
13.575,31977
13.58,31910
13.585,31906
13.59,31915
13.595,31942
13.6,31947
13.605,31923
13.61,31967
13.615,31903
13.62,31941
13.625,31922
13.63,31916
13.635,32006
13.64,31958
13.645,31945
13.65,32000
13.655,31981
13.66,32064
13.665,32103
13.67,32144
13.675,32077
13.68,32160
13.685,32289
13.69,32278
13.695,32404
13.7,32493
13.705,32473
13.71,32662
13.715,32744
13.72,32852
13.725,32988
13.73,33050
13.735,33142
13.74,33264
13.745,33326
13.75,33446
13.755,33433
13.76,33637
13.765,33607
13.77,33683
13.775,33696
13.78,34015
13.785,33998
13.79,33963
13.795,33852
13.8,33830
13.805,33820
13.81,33655
13.815,33564
13.82,33585
13.825,33455
13.83,33372
13.835,33220
13.84,33141
13.845,33078
13.85,32996
13.855,32908
13.86,32804
13.865,32788
13.87,32727
13.875,32820
13.88,32738
13.885,32746
13.89,32774
13.895,32783
13.9,32829
13.905,32821
13.91,32828
13.915,32993
13.92,32951
13.925,33011
13.93,33051
13.935,33113
13.94,33186
13.945,33262
13.95,33244
13.955,33336
13.96,33340
13.965,33443
13.97,33381
13.975,33451
13.98,33488
13.985,33419
13.99,33472
13.995,33466
14.0,33416
14.005,33414
14.01,33429
14.015,33365
14.02,33299
14.025,33258
14.03,33230
14.035,33203
14.04,33125
14.045,33060
14.05,33026
14.055,32847
14.06,32785
14.065,32688
14.07,32737
14.075,32560
14.08,32580
14.085,32550
14.09,32415
14.095,32389
14.1,32353
14.105,32342
14.11,32217
14.115,32244
14.12,32221
14.125,32168
14.13,32138
14.135,32151
14.14,32089
14.145,32059
14.15,32028
14.155,32047
14.16,31998
14.165,32019
14.17,31988
14.175,32015
14.18,31937
14.185,31961
14.19,31964
14.195,31961
14.2,31981
14.205,31950
14.21,31965
14.215,31999
14.22,31956
14.225,31884
14.23,31868
14.235,31942
14.24,31902
14.245,31924
14.25,31905
14.255,31956
14.26,31951
14.265,31865
14.27,31914
14.275,31891
14.28,31853
14.285,31922
14.29,31892
14.295,31912
14.3,31984
14.305,31941
14.31,31931
14.315,31875
14.32,31846
14.325,31932
14.33,31875
14.335,31886
14.34,31870
14.345,31885
14.35,31967
14.355,31868
14.36,31868
14.365,31884
14.37,31885
14.375,31831
14.38,31809
14.385,31850
14.39,31862
14.395,31840
14.4,31831
14.405,31832
14.41,31851
14.415,31859
14.42,31804
14.425,31841
14.43,31873
14.435,31854
14.44,31809
14.445,31844
14.45,31855
14.455,31882
14.46,31795
14.465,31878
14.47,31836
14.475,31859
14.48,31876
14.485,31821
14.49,31824
14.495,31850
14.5,31882
14.505,31840
14.51,31813
14.515,31845
14.52,31892
14.525,31931
14.53,31885
14.535,31908
14.54,31935
14.545,31963
14.55,31965
14.555,32021
14.56,32057
14.565,32105
14.57,32161
14.575,32192
14.58,32283
14.585,32359
14.59,32512
14.595,32622
14.6,32684
14.605,32833
14.61,32872
14.615,32980
14.62,33049
14.625,33204
14.63,33274
14.635,33379
14.64,33468
14.645,33503
14.65,33518
14.655,33588
14.66,33601
14.665,33923
14.67,33922
14.675,33851
14.68,33795
14.685,33800
14.69,33698
14.695,33570
14.7,33448
14.705,33370
14.71,33302
14.715,33223
14.72,33187
14.725,33006
14.73,32941
14.735,32853
14.74,32809
14.745,32743
14.75,32680
14.755,32727
14.76,32679
14.765,32715
14.77,32656
14.775,32697
14.78,32734
14.785,32674
14.79,32731
14.795,32847
14.8,32870
14.805,32851
14.81,32942
14.815,32983
14.82,33056
14.825,33180
14.83,33154
14.835,33292
14.84,33253
14.845,33273
14.85,33386
14.855,33390
14.86,33424
14.865,33455
14.87,33428
14.875,33431
14.88,33315
14.885,33329
14.89,33348
14.895,33308
14.9,33287
14.905,33200
14.91,33207
14.915,33185
14.92,33076
14.925,33024
14.93,32949
14.935,32899
14.94,32808
14.945,32716
14.95,32676
14.955,32608
14.96,32487
14.965,32490
14.97,32424
14.975,32376
14.98,32297
14.985,32285
14.99,32245
14.995,32155
15.0,32153
15.005,32134
15.01,32101
15.015,32013
15.02,31984
15.025,31998
15.03,31939
15.035,32047
15.04,31913
15.045,31899
15.05,31938
15.055,31887
15.06,31811
15.065,31881
15.07,31844
15.075,31854
15.08,31810
15.085,31830
15.09,31852
15.095,31851
15.1,31811
15.105,31822
15.11,31814
15.115,31847
15.12,31834
15.125,31793
15.13,31858
15.135,31808
15.14,31845
15.145,31797
15.15,31838
15.155,31822
15.16,31826
15.165,31841
15.17,31837
15.175,31826
15.18,31824
15.185,31772
15.19,31813
15.195,31736
15.2,31733
15.205,31800
15.21,31802
15.215,31862
15.22,31831
15.225,31845
15.23,31794
15.235,31819
15.24,31844
15.245,31820
15.25,31813
15.255,31803
15.26,31765
15.265,31765
15.27,31745
15.275,31809
15.28,31784
15.285,31769
15.29,31805
15.295,31772
15.3,31829
15.305,31860
15.31,31809
15.315,31770
15.32,31744
15.325,31872
15.33,31821
15.335,31770
15.34,31858
15.345,31772
15.35,31830
15.355,31855
15.36,31873
15.365,31872
15.37,32030
15.375,31969
15.38,32042
15.385,32082
15.39,32084
15.395,32189
15.4,32292
15.405,32401
15.41,32445
15.415,32567
15.42,32643
15.425,32781
15.43,32778
15.435,32994
15.44,33023
15.445,33124
15.45,33137
15.455,33284
15.46,33417
15.465,33537
15.47,33474
15.475,33504
15.48,33557
15.485,33865
15.49,33808
15.495,33781
15.5,33718
15.505,33685
15.51,33612
15.515,33559
15.52,33436
15.525,33331
15.53,33216
15.535,33149
15.54,32989
15.545,33016
15.55,32871
15.555,32843
15.56,32706
15.565,32723
15.57,32664
15.575,32617
15.58,32585
15.585,32574
15.59,32676
15.595,32671
15.6,32655
15.605,32689
15.61,32694
15.615,32697
15.62,32745
15.625,32838
15.63,32906
15.635,32922
15.64,33046
15.645,33087
15.65,33123
15.655,33099
15.66,33196
15.665,33239
15.67,33226
15.675,33217
15.68,33382
15.685,33346
15.69,33313
15.695,33380
15.7,33350
15.705,33307
15.71,33273
15.715,33260
15.72,33245
15.725,33149
15.73,33088
15.735,33063
15.74,32882
15.745,32925
15.75,32843
15.755,32792
15.76,32720
15.765,32673
15.77,32600
15.775,32534
15.78,32465
15.785,32426
15.79,32334
15.795,32333
15.8,32185
15.805,32205
15.81,32169
15.815,32066
15.82,32058
15.825,32087
15.83,32003
15.835,31948
15.84,31847
15.845,31944
15.85,31915
15.855,31915
15.86,31952
15.865,31864
15.87,31857
15.875,31817
15.88,31830
15.885,31824
15.89,31845
15.895,31832
15.9,31779
15.905,31785
15.91,31847
15.915,31760
15.92,31818
15.925,31847
15.93,31809
15.935,31792
15.94,31830
15.945,31792
15.95,31777
15.955,31768
15.96,31815
15.965,31797
15.97,31826
15.975,31757
15.98,31756
15.985,31750
15.99,31774
15.995,31738
16.0,31795
16.005,31772
16.01,31723
16.015,31651
16.02,31690
16.025,31807
16.03,31751
16.035,31758
16.04,31736
16.045,31764
16.05,31680
16.055,31675
16.06,31687
16.065,31748
16.07,31769
16.075,31760
16.08,31737
16.085,31695
16.09,31769
16.095,31729
16.1,31738
16.105,31735
16.11,31720
16.115,31711
16.12,31716
16.125,31692
16.13,31749
16.135,31736
16.14,31782
16.145,31685
16.15,31799
16.155,31763
16.16,31771
16.165,31762
16.17,31779
16.175,31777
16.18,31890
16.185,31882
16.19,31954
16.195,32003
16.2,32008
16.205,32077
16.21,32141
16.215,32266
16.22,32317
16.225,32408
16.23,32524
16.235,32597
16.24,32778
16.245,32777
16.25,32962
16.255,33072
16.26,33048
16.265,33214
16.27,33277
16.275,33371
16.28,33356
16.285,33453
16.29,33438
16.295,33474
16.3,33853
16.305,33771
16.31,33654
16.315,33629
16.32,33570
16.325,33569
16.33,33420
16.335,33296
16.34,33296
16.345,33168
16.35,33076
16.355,32944
16.36,32939
16.365,32805
16.37,32670
16.375,32641
16.38,32604
16.385,32592
16.39,32599
16.395,32531
16.4,32532
16.405,32639
16.41,32577
16.415,32579
16.42,32631
16.425,32622
16.43,32729
16.435,32792
16.44,32786
16.445,32895
16.45,32902
16.455,32975
16.46,32989
16.465,33036
16.47,33057
16.475,33160
16.48,33179
16.485,33211
16.49,33204
16.495,33220
16.5,33250
16.505,33293
16.51,33283
16.515,33236
16.52,33252
16.525,33278
16.53,33186
16.535,33216
16.54,33113
16.545,33096
16.55,32974
16.555,32977
16.56,32831
16.565,32818
16.57,32732
16.575,32607
16.58,32564
16.585,32588
16.59,32501
16.595,32468
16.6,32369
16.605,32200
16.61,32258
16.615,32178
16.62,32132
16.625,32089
16.63,32036
16.635,31991
16.64,32036
16.645,31976
16.65,31908
16.655,31891
16.66,31919
16.665,31877
16.67,31853
16.675,31786
16.68,31801
16.685,31764
16.69,31725
16.695,31817
16.7,31765
16.705,31755
16.71,31730
16.715,31786
16.72,31830
16.725,31772
16.73,31781
16.735,31699
16.74,31748
16.745,31747
16.75,31790
16.755,31735
16.76,31698
16.765,31728
16.77,31713
16.775,31779
16.78,31749
16.785,31736
16.79,31729
16.795,31751
16.8,31702
16.805,31685
16.81,31649
16.815,31758
16.82,31733
16.825,31736
16.83,31713
16.835,31771
16.84,31674
16.845,31752
16.85,31677
16.855,31690
16.86,31661
16.865,31707
16.87,31692
16.875,31717
16.88,31679
16.885,31649
16.89,31718
16.895,31743
16.9,31722
16.905,31693
16.91,31708
16.915,31632
16.92,31680
16.925,31733
16.93,31707
16.935,31658
16.94,31719
16.945,31682
16.95,31713
16.955,31635
16.96,31666
16.965,31696
16.97,31695
16.975,31703
16.98,31683
16.985,31677
16.99,31701
16.995,31717
17.0,31633
17.005,31679
17.01,31687
17.015,31706
17.02,31744
17.025,31669
17.03,31748
17.035,31682
17.04,31737
17.045,31769
17.05,31807
17.055,31829
17.06,31874
17.065,31928
17.07,31985
17.075,31959
17.08,32046
17.085,32160
17.09,32280
17.095,32390
17.1,32555
17.105,32560
17.11,32634
17.115,32776
17.12,32901
17.125,32985
17.13,33040
17.135,33165
17.14,33248
17.145,33268
17.15,33330
17.155,33456
17.16,33357
17.165,33772
17.17,33742
17.175,33770
17.18,33696
17.185,33583
17.19,33588
17.195,33441
17.2,33443
17.205,33336
17.21,33178
17.215,33112
17.22,32997
17.225,32869
17.23,32856
17.235,32759
17.24,32709
17.245,32662
17.25,32630
17.255,32583
17.26,32521
17.265,32517
17.27,32528
17.275,32519
17.28,32533
17.285,32634
17.29,32619
17.295,32709
17.3,32658
17.305,32733
17.31,32770
17.315,32824
17.32,32880
17.325,32939
17.33,32978
17.335,33106
17.34,33110
17.345,33100
17.35,33142
17.355,33217
17.36,33232
17.365,33206
17.37,33269
17.375,33186
17.38,33214
17.385,33278
17.39,33102
17.395,33159
17.4,33167
17.405,33085
17.41,33016
17.415,32960
17.42,32862
17.425,32829
17.43,32817
17.435,32730
17.44,32685
17.445,32614
17.45,32564
17.455,32430
17.46,32415
17.465,32352
17.47,32294
17.475,32217
17.48,32117
17.485,32168
17.49,32127
17.495,32139
17.5,32041
17.505,32036
17.51,31966
17.515,31901
17.52,31905
17.525,31821
17.53,31850
17.535,31818
17.54,31768
17.545,31834
17.55,31817
17.555,31783
17.56,31786
17.565,31807
17.57,31736
17.575,31686
17.58,31695
17.585,31749
17.59,31728
17.595,31663
17.6,31760
17.605,31717
17.61,31765
17.615,31745
17.62,31687
17.625,31704
17.63,31673
17.635,31667
17.64,31685
17.645,31712
17.65,31742
17.655,31660
17.66,31715
17.665,31690
17.67,31680
17.675,31727
17.68,31673
17.685,31733
17.69,31671
17.695,31649
17.7,31708
17.705,31628
17.71,31636
17.715,31671
17.72,31677
17.725,31666
17.73,31604
17.735,31626
17.74,31691
17.745,31691
17.75,31635
17.755,31679
17.76,31676
17.765,31704
17.77,31641
17.775,31718
17.78,31654
17.785,31716
17.79,31697
17.795,31627
17.8,31651
17.805,31672
17.81,31697
17.815,31611
17.82,31642
17.825,31682
17.83,31676
17.835,31622
17.84,31628
17.845,31676
17.85,31626
17.855,31673
17.86,31701
17.865,31674
17.87,31583
17.875,31730
17.88,31740
17.885,31763
17.89,31761
17.895,31691
17.9,31829
17.905,31822
17.91,31881
17.915,31886
17.92,31934
17.925,31993
17.93,32126
17.935,32153
17.94,32217
17.945,32236
17.95,32394
17.955,32479
17.96,32589
17.965,32726
17.97,32824
17.975,32904
17.98,33013
17.985,33103
17.99,33212
17.995,33286
18.0,33329
18.005,33341
18.01,33434
18.015,33452
18.02,33700
18.025,33730
18.03,33664
18.035,33546
18.04,33557
18.045,33516
18.05,33370
18.055,33279
18.06,33245
18.065,33072
18.07,32983
18.075,32913
18.08,32861
18.085,32782
18.09,32670
18.095,32618
18.1,32582
18.105,32527
18.11,32482
18.115,32458
18.12,32517
18.125,32488
18.13,32612
18.135,32555
18.14,32535
18.145,32599
18.15,32654
18.155,32702
18.16,32754
18.165,32806
18.17,32838
18.175,32919
18.18,33026
18.185,32981
18.19,33030
18.195,33112
18.2,33169
18.205,33185
18.21,33226
18.215,33200
18.22,33205
18.225,33242
18.23,33240
18.235,33266
18.24,33244
18.245,33098
18.25,33159
18.255,33070
18.26,32974
18.265,33015
18.27,32941
18.275,32877
18.28,32782
18.285,32729
18.29,32693
18.295,32581
18.3,32565
18.305,32508
18.31,32435
18.315,32389
18.32,32315
18.325,32218
18.33,32168
18.335,32158
18.34,32139
18.345,32065
18.35,32000
18.355,31985
18.36,31879
18.365,31877
18.37,31870
18.375,31856
18.38,31824
18.385,31805
18.39,31755
18.395,31761
18.4,31777
18.405,31689
18.41,31702
18.415,31723
18.42,31781
18.425,31746
18.43,31772
18.435,31758
18.44,31690
18.445,31699
18.45,31656
18.455,31738
18.46,31719
18.465,31712
18.47,31712
18.475,31703
18.48,31692
18.485,31693
18.49,31725
18.495,31652
18.5,31641
18.505,31678
18.51,31718
18.515,31684
18.52,31667
18.525,31703
18.53,31676
18.535,31602
18.54,31633
18.545,31593
18.55,31660
18.555,31650
18.56,31681
18.565,31740
18.57,31642
18.575,31663
18.58,31648
18.585,31560
18.59,31633
18.595,31633
18.6,31668
18.605,31627
18.61,31610
18.615,31677
18.62,31653
18.625,31622
18.63,31627
18.635,31643
18.64,31683
18.645,31704
18.65,31607
18.655,31696
18.66,31657
18.665,31670
18.67,31695
18.675,31629
18.68,31700
18.685,31629
18.69,31668
18.695,31666
18.7,31772
18.705,31788
18.71,31780
18.715,31798
18.72,31794
18.725,31915
18.73,31949
18.735,31984
18.74,32009
18.745,32069
18.75,32155
18.755,32290
18.76,32299
18.765,32434
18.77,32590
18.775,32669
18.78,32807
18.785,32866
18.79,32971
18.795,33072
18.8,33139
18.805,33212
18.81,33253
18.815,33278
18.82,33428
18.825,33388
18.83,33387
18.835,33759
18.84,33670
18.845,33611
18.85,33582
18.855,33532
18.86,33464
18.865,33386
18.87,33309
18.875,33174
18.88,33095
18.885,32983
18.89,32874
18.895,32827
18.9,32749
18.905,32734
18.91,32632
18.915,32539
18.92,32550
18.925,32495
18.93,32547
18.935,32427
18.94,32471
18.945,32488
18.95,32540
18.955,32563
18.96,32550
18.965,32584
18.97,32704
18.975,32801
18.98,32853
18.985,32840
18.99,32923
18.995,32928
19.0,32956
19.005,33097
19.01,33119
19.015,33119
19.02,33148
19.025,33219
19.03,33215
19.035,33202
19.04,33227
19.045,33212
19.05,33186
19.055,33156
19.06,33188
19.065,33105
19.07,33040
19.075,33101
19.08,33031
19.085,32951
19.09,32871
19.095,32819
19.1,32697
19.105,32683
19.11,32628
19.115,32546
19.12,32504
19.125,32397
19.13,32369
19.135,32248
19.14,32245
19.145,32170
19.15,32094
19.155,32080
19.16,32050
19.165,31988
19.17,32004
19.175,31913
19.18,31940
19.185,31905
19.19,31833
19.195,31883
19.2,31764
19.205,31814
19.21,31782
19.215,31794
19.22,31700
19.225,31703
19.23,31707
19.235,31730
19.24,31725
19.245,31717
19.25,31703
19.255,31683
19.26,31656
19.265,31686
19.27,31717
19.275,31731
19.28,31675
19.285,31729
19.29,31642
19.295,31715
19.3,31648
19.305,31693
19.31,31650
19.315,31648
19.32,31662
19.325,31730
19.33,31655
19.335,31700
19.34,31682
19.345,31686
19.35,31686
19.355,31696
19.36,31630
19.365,31673
19.37,31683
19.375,31649
19.38,31682
19.385,31632
19.39,31693
19.395,31642
19.4,31656
19.405,31693
19.41,31702
19.415,31643
19.42,31640
19.425,31697
19.43,31560
19.435,31708
19.44,31705
19.445,31622
19.45,31701
19.455,31671
19.46,31674
19.465,31576
19.47,31640
19.475,31651
19.48,31644
19.485,31645
19.49,31650
19.495,31561
19.5,31658
19.505,31645
19.51,31671
19.515,31664
19.52,31691
19.525,31713
19.53,31781
19.535,31708
19.54,31820
19.545,31780
19.55,31791
19.555,31811
19.56,31939
19.565,31910
19.57,32057
19.575,32106
19.58,32151
19.585,32232
19.59,32364
19.595,32450
19.6,32573
19.605,32653
19.61,32709
19.615,32854
19.62,32897
19.625,33069
19.63,33133
19.635,33175
19.64,33250
19.645,33332
19.65,33322
19.655,33462
19.66,33781
19.665,33697
19.67,33704
19.675,33724
19.68,33621
19.685,33501
19.69,33381
19.695,33312
19.7,33319
19.705,33192
19.71,33038
19.715,33015
19.72,32887
19.725,32793
19.73,32722
19.735,32657
19.74,32676
19.745,32538
19.75,32522
19.755,32560
19.76,32554
19.765,32464
19.77,32580
19.775,32563
19.78,32497
19.785,32646
19.79,32568
19.795,32689
19.8,32672
19.805,32701
19.81,32847
19.815,32885
19.82,32920
19.825,32981
19.83,33020
19.835,33060
19.84,33072
19.845,33167
19.85,33177
19.855,33192
19.86,33197
19.865,33217
19.87,33176
19.875,33214
19.88,33177
19.885,33238
19.89,33132
19.895,33116
19.9,33093
19.905,33075
19.91,33012
19.915,32942
19.92,32960
19.925,32821
19.93,32769
19.935,32790
19.94,32596
19.945,32597
19.95,32513
19.955,32387
19.96,32350
19.965,32343
19.97,32205
19.975,32197
19.98,32186
19.985,32097
19.99,32071
19.995,31998
20.0,31962
20.005,31929
20.01,31908
20.015,31916
20.02,31871
20.025,31917
20.03,31847
20.035,31820
20.04,31876
20.045,31779
20.05,31743
20.055,31767
20.06,31714
20.065,31764
20.07,31788
20.075,31757
20.08,31715
20.085,31720
20.09,31739
20.095,31761
20.1,31702
20.105,31699
20.11,31751
20.115,31718
20.12,31721
20.125,31724
20.13,31678
20.135,31699
20.14,31741
20.145,31696
20.15,31694
20.155,31711
20.16,31713
20.165,31789
20.17,31668
20.175,31701
20.18,31767
20.185,31696
20.19,31707
20.195,31641
20.2,31727
20.205,31722
20.21,31720
20.215,31683
20.22,31702
20.225,31686
20.23,31718
20.235,31686
20.24,31714
20.245,31638
20.25,31673
20.255,31583
20.26,31679
20.265,31711
20.27,31674
20.275,31767
20.28,31648
20.285,31672
20.29,31651
20.295,31668
20.3,31671
20.305,31637
20.31,31659
20.315,31771
20.32,31696
20.325,31746
20.33,31679
20.335,31735
20.34,31775
20.345,31772
20.35,31786
20.355,31829
20.36,31874
20.365,31947
20.37,32012
20.375,31981
20.38,32021
20.385,32162
20.39,32251
20.395,32366
20.4,32474
20.405,32512
20.41,32714
20.415,32757
20.42,32792
20.425,32995
20.43,33072
20.435,33167
20.44,33154
20.445,33276
20.45,33356
20.455,33393
20.46,33456
20.465,33493
20.47,33823
20.475,33791
20.48,33703
20.485,33718
20.49,33601
20.495,33545
20.5,33421
20.505,33289
20.51,33162
20.515,33154
20.52,33028
20.525,32960
20.53,32906
20.535,32740
20.54,32662
20.545,32674
20.55,32628
20.555,32566
20.56,32530
20.565,32475
20.57,32523
20.575,32504
20.58,32560
20.585,32602
20.59,32578
20.595,32650
20.6,32684
20.605,32749
20.61,32829
20.615,32850
20.62,32905
20.625,32961
20.63,32970
20.635,33035
20.64,33094
20.645,33169
20.65,33209
20.655,33277
20.66,33183
20.665,33241
20.67,33193
20.675,33241
20.68,33199
20.685,33290
20.69,33258
20.695,33169
20.7,33188
20.705,33165
20.71,33157
20.715,33076
20.72,32998
20.725,32933
20.73,32898
20.735,32824
20.74,32731
20.745,32640
20.75,32656
20.755,32527
20.76,32480
20.765,32456
20.77,32365
20.775,32350
20.78,32215
20.785,32231
20.79,32108
20.795,32056
20.8,32031
20.805,32035
20.81,31971
20.815,31915
20.82,31979
20.825,31876
20.83,31884
20.835,31877
20.84,31833
20.845,31847
20.85,31843
20.855,31805
20.86,31836
20.865,31769
20.87,31745
20.875,31783
20.88,31736
20.885,31779
20.89,31758
20.895,31741
20.9,31775
20.905,31771
20.91,31644
20.915,31736
20.92,31751
20.925,31762
20.93,31723
20.935,31700
20.94,31744
20.945,31763
20.95,31664
20.955,31683
20.96,31715
20.965,31642
20.97,31713
20.975,31763
20.98,31694
20.985,31736
20.99,31699
20.995,31745
21.0,31752
21.005,31775
21.01,31730
21.015,31765
21.02,31741
21.025,31709
21.03,31778
21.035,31703
21.04,31730
21.045,31811
21.05,31754
21.055,31693
21.06,31732
21.065,31701
21.07,31716
21.075,31667
21.08,31728
21.085,31665
21.09,31734
21.095,31734
21.1,31752
21.105,31803
21.11,31666
21.115,31685
21.12,31696
21.125,31716
21.13,31775
21.135,31740
21.14,31743
21.145,31737
21.15,31773
21.155,31802
21.16,31841
21.165,31825
21.17,31912
21.175,31980
21.18,32024
21.185,32026
21.19,32167
21.195,32242
21.2,32306
21.205,32341
21.21,32428
21.215,32583
21.22,32650
21.225,32746
21.23,32933
21.235,33039
21.24,33131
21.245,33217
21.25,33289
21.255,33290
21.26,33435
21.265,33446
21.27,33490
21.275,33546
21.28,33824
21.285,33842
21.29,33749
21.295,33681
21.3,33603
21.305,33547
21.31,33406
21.315,33373
21.32,33275
21.325,33164
21.33,33008
21.335,32920
21.34,32937
21.345,32799
21.35,32813
21.355,32678
21.36,32668
21.365,32565
21.37,32567
21.375,32567
21.38,32590
21.385,32635
21.39,32624
21.395,32560
21.4,32643
21.405,32674
21.41,32700
21.415,32792
21.42,32878
21.425,32857
21.43,32967
21.435,33030
21.44,32994
21.445,33146
21.45,33190
21.455,33182
21.46,33271
21.465,33251
21.47,33310
21.475,33311
21.48,33269
21.485,33314
21.49,33297
21.495,33275
21.5,33234
21.505,33222
21.51,33175
21.515,33222
21.52,33067
21.525,33092
21.53,33013
21.535,32933
21.54,32944
21.545,32826
21.55,32834
21.555,32719
21.56,32672
21.565,32591
21.57,32555
21.575,32504
21.58,32394
21.585,32353
21.59,32362
21.595,32226
21.6,32264
21.605,32140
21.61,32093
21.615,32015
21.62,32010
21.625,31947
21.63,31961
21.635,31981
21.64,31932
21.645,31892
21.65,31860
21.655,31857
21.66,31816
21.665,31811
21.67,31916
21.675,31846
21.68,31797
21.685,31848
21.69,31872
21.695,31791
21.7,31806
21.705,31761
21.71,31746
21.715,31850
21.72,31922
21.725,31770
21.73,31736
21.735,31844
21.74,31830
21.745,31807
21.75,31842
21.755,31776
21.76,31797
21.765,31815
21.77,31774
21.775,31802
21.78,31775
21.785,31799
21.79,31788
21.795,31710
21.8,31784
21.805,31728
21.81,31749
21.815,31719
21.82,31807
21.825,31766
21.83,31763
21.835,31821
21.84,31801
21.845,31767
21.85,31700
21.855,31798
21.86,31764
21.865,31760
21.87,31799
21.875,31749
21.88,31769
21.885,31803
21.89,31791
21.895,31748
21.9,31822
21.905,31811
21.91,31837
21.915,31767
21.92,31777
21.925,31807
21.93,31785
21.935,31774
21.94,31765
21.945,31758
21.95,31747
21.955,31748
21.96,31788
21.965,31764
21.97,31728
21.975,31785
21.98,31848
21.985,31845
21.99,31733
21.995,31787
22.0,31861
22.005,31855
22.01,31878
22.015,31899
22.02,31940
22.025,31941
22.03,32067
22.035,32042
22.04,32136
22.045,32265
22.05,32327
22.055,32340
22.06,32432
22.065,32509
22.07,32615
22.075,32731
22.08,32895
22.085,32939
22.09,33080
22.095,33175
22.1,33268
22.105,33327
22.11,33435
22.115,33473
22.12,33514
22.125,33521
22.13,33796
22.135,33889
22.14,33862
22.145,33775
22.15,33730
22.155,33677
22.16,33553
22.165,33526
22.17,33433
22.175,33342
22.18,33249
22.185,33054
22.19,33051
22.195,32933
22.2,32912
22.205,32844
22.21,32778
22.215,32700
22.22,32769
22.225,32643
22.23,32595
22.235,32665
22.24,32587
22.245,32725
22.25,32718
22.255,32762
22.26,32791
22.265,32812
22.27,32799
22.275,32876
22.28,32970
22.285,32996
22.29,33070
22.295,33084
22.3,33130
22.305,33214
22.31,33272
22.315,33282
22.32,33277
22.325,33277
22.33,33426
22.335,33324
22.34,33336
22.345,33337
22.35,33383
22.355,33305
22.36,33325
22.365,33282
22.37,33192
22.375,33193
22.38,33093
22.385,33077
22.39,33051
22.395,32955
22.4,32867
22.405,32820
22.41,32763
22.415,32717
22.42,32559
22.425,32511
22.43,32533
22.435,32453
22.44,32401
22.445,32354
22.45,32290
22.455,32233
22.46,32209
22.465,32189
22.47,32140
22.475,32095
22.48,32027
22.485,32046
22.49,31972
22.495,31967
22.5,31978
22.505,31960
22.51,31980
22.515,31959
22.52,31934
22.525,31896
22.53,31899
22.535,31883
22.54,31948
22.545,31897
22.55,31853
22.555,31843
22.56,31914
22.565,31836
22.57,31877
22.575,31868
22.58,31898
22.585,31828
22.59,31874
22.595,31863
22.6,31883
22.605,31902
22.61,31857
22.615,31844
22.62,31882
22.625,31800
22.63,31856
22.635,31814
22.64,31805
22.645,31791
22.65,31788
22.655,31876
22.66,31877
22.665,31849
22.67,31881
22.675,31845
22.68,31826
22.685,31805
22.69,31870
22.695,31871
22.7,31887
22.705,31813
22.71,31831
22.715,31792
22.72,31881
22.725,31865
22.73,31858
22.735,31838
22.74,31833
22.745,31825
22.75,31877
22.755,31816
22.76,31869
22.765,31848
22.77,31802
22.775,31787
22.78,31811
22.785,31838
22.79,31795
22.795,31864
22.8,31885
22.805,31867
22.81,31792
22.815,31774
22.82,31896
22.825,31928
22.83,31873
22.835,31921
22.84,31912
22.845,31922
22.85,32009
22.855,31988
22.86,32078
22.865,32156
22.87,32144
22.875,32277
22.88,32233
22.885,32389
22.89,32442
22.895,32625
22.9,32632
22.905,32705
22.91,32865
22.915,32860
22.92,33038
22.925,33100
22.93,33277
22.935,33317
22.94,33435
22.945,33475
22.95,33496
22.955,33502
22.96,33671
22.965,33950
22.97,33890
22.975,33893
22.98,33897
22.985,33752
22.99,33817
22.995,33648
23.0,33557
23.005,33523
23.01,33389
23.015,33249
23.02,33224
23.025,33118
23.03,33058
23.035,32909
23.04,32835
23.045,32841
23.05,32757
23.055,32660
23.06,32693
23.065,32724
23.07,32673
23.075,32753
23.08,32706
23.085,32746
23.09,32724
23.095,32793
23.1,32859
23.105,32935
23.11,32972
23.115,33056
23.12,32994
23.125,33126
23.13,33172
23.135,33189
23.14,33271
23.145,33287
23.15,33366
23.155,33369
23.16,33424
23.165,33391
23.17,33480
23.175,33451
23.18,33497
23.185,33416
23.19,33383
23.195,33380
23.2,33325
23.205,33265
23.21,33258
23.215,33205
23.22,33130
23.225,33081
23.23,32999
23.235,32976
23.24,32858
23.245,32902
23.25,32777
23.255,32746
23.26,32606
23.265,32600
23.27,32524
23.275,32508
23.28,32450
23.285,32309
23.29,32363
23.295,32224
23.3,32286
23.305,32199
23.31,32124
23.315,32163
23.32,32111
23.325,32050
23.33,32037
23.335,32062
23.34,31979
23.345,31983
23.35,32068
23.355,31962
23.36,31994
23.365,31988
23.37,32000
23.375,31991
23.38,31863
23.385,31932
23.39,31989
23.395,31914
23.4,32006
23.405,31947
23.41,31891
23.415,31954
23.42,32003
23.425,31907
23.43,31950
23.435,31897
23.44,31906
23.445,31931
23.45,31944
23.455,31938
23.46,31932
23.465,32011
23.47,31884
23.475,31855
23.48,31942
23.485,31928
23.49,31869
23.495,31982
23.5,31894
23.505,31868
23.51,31934
23.515,31941
23.52,32003
23.525,31861
23.53,31871
23.535,31906
23.54,31900
23.545,31913
23.55,31890
23.555,31859
23.56,31900
23.565,31942
23.57,31945
23.575,31894
23.58,31938
23.585,31936
23.59,31906
23.595,31915
23.6,31935
23.605,32041
23.61,31954
23.615,31927
23.62,31968
23.625,31971
23.63,32055
23.635,31961
23.64,32032
23.645,32140
23.65,32169
23.655,32206
23.66,32290
23.665,32283
23.67,32419
23.675,32446
23.68,32530
23.685,32690
23.69,32744
23.695,32865
23.7,33008
23.705,33055
23.71,33221
23.715,33382
23.72,33388
23.725,33517
23.73,33586
23.735,33575
23.74,33620
23.745,33671
23.75,33610
23.755,34010
23.76,33997
23.765,33968
23.77,33915
23.775,33883
23.78,33746
23.785,33723
23.79,33602
23.795,33507
23.8,33386
23.805,33332
23.81,33178
23.815,33146
23.82,33081
23.825,32946
23.83,32876
23.835,32833
23.84,32820
23.845,32808
23.85,32810
23.855,32842
23.86,32836
23.865,32801
23.87,32800
23.875,32800
23.88,32911
23.885,32943
23.89,32961
23.895,33015
23.9,33070
23.905,33033
23.91,33179
23.915,33245
23.92,33279
23.925,33292
23.93,33376
23.935,33430
23.94,33511
23.945,33511
23.95,33514
23.955,33504
23.96,33463
23.965,33493
23.97,33451
23.975,33480
23.98,33499
23.985,33467
23.99,33425
23.995,33350
24.0,33337
24.005,33238
24.01,33119
24.015,33136
24.02,33070
24.025,32941
24.03,32920
24.035,32785
24.04,32792
24.045,32790
24.05,32661
24.055,32672
24.06,32575
24.065,32486
24.07,32396
24.075,32440
24.08,32393
24.085,32273
24.09,32274
24.095,32295
24.1,32196
24.105,32209
24.11,32098
24.115,32114
24.12,32154
24.125,32067
24.13,32042
24.135,32030
24.14,32056
24.145,32002
24.15,32047
24.155,32064
24.16,32093
24.165,32017
24.17,32086
24.175,32044
24.18,32012
24.185,32036
24.19,32070
24.195,32067
24.2,32038
24.205,32006
24.21,32038
24.215,32014
24.22,32011
24.225,32014
24.23,32069
24.235,31959
24.24,31999
24.245,31961
24.25,32032
24.255,32040
24.26,32048
24.265,31985
24.27,32000
24.275,32025
24.28,32003
24.285,32007
24.29,32003
24.295,32005
24.3,31991
24.305,32011
24.31,31941
24.315,31978
24.32,31945
24.325,31990
24.33,31966
24.335,32012
24.34,32038
24.345,31947
24.35,31964
24.355,32005
24.36,32046
24.365,32023
24.37,32012
24.375,31996
24.38,31985
24.385,32020
24.39,32029
24.395,32024
24.4,32006
24.405,31981
24.41,32023
24.415,32058
24.42,32052
24.425,32134
24.43,32103
24.435,32182
24.44,32252
24.445,32321
24.45,32361
24.455,32464
24.46,32474
24.465,32551
24.47,32709
24.475,32734
24.48,32862
24.485,32910
24.49,33121
24.495,33213
24.5,33265
24.505,33330
24.51,33497
24.515,33583
24.52,33689
24.525,33775
24.53,33730
24.535,33745
24.54,33758
24.545,34073
24.55,34011
24.555,33988
24.56,33964
24.565,33841
24.57,33775
24.575,33781
24.58,33621
24.585,33579
24.59,33494
24.595,33360
24.6,33299
24.605,33177
24.61,33075
24.615,33034
24.62,32982
24.625,32936
24.63,32897
24.635,32855
24.64,32893
24.645,32843
24.65,32842
24.655,32906
24.66,32860
24.665,32928
24.67,33019
24.675,33012
24.68,33109
24.685,33099
24.69,33142
24.695,33209
24.7,33248
24.705,33307
24.71,33354
24.715,33446
24.72,33474
24.725,33489
24.73,33502
24.735,33671
24.74,33567
24.745,33637
24.75,33548
24.755,33561
24.76,33622
24.765,33520
24.77,33496
24.775,33501
24.78,33438
24.785,33410
24.79,33377
24.795,33349
24.8,33267
24.805,33211
24.81,33185
24.815,33124
24.82,32995
24.825,32876
24.83,32842
24.835,32854
24.84,32736
24.845,32669
24.85,32621
24.855,32641
24.86,32535
24.865,32471
24.87,32415
24.875,32360
24.88,32464
24.885,32327
24.89,32303
24.895,32258
24.9,32284
24.905,32187
24.91,32134
24.915,32166
24.92,32184
24.925,32240
24.93,32145
24.935,32106
24.94,32121
24.945,32094
24.95,32087
24.955,32114
24.96,32117
24.965,32078
24.97,32139
24.975,32094
24.98,32098
24.985,32073
24.99,32103
24.995,32103
25.0,32111
25.005,32056
25.01,32108
25.015,32063
25.02,32087
25.025,32109
25.03,32136
25.035,32065
25.04,32040
25.045,32085
25.05,32123
25.055,32066
25.06,32166
25.065,32009
25.07,32131
25.075,32119
25.08,32116
25.085,32045
25.09,32124
25.095,32117
25.1,32119
25.105,32065
25.11,32064
25.115,32120
25.12,32085
25.125,32059
25.13,32042
25.135,32081
25.14,32022
25.145,32092
25.15,32076
25.155,32014
25.16,32086
25.165,32113
25.17,32079
25.175,32021
25.18,32047
25.185,32099
25.19,32022
25.195,32055
25.2,32110
25.205,32059
25.21,32048
25.215,32099
25.22,32129
25.225,32086
25.23,32024
25.235,32016
25.24,32068
25.245,32016
25.25,32083
25.255,32125
25.26,32004
25.265,32105
25.27,32136
25.275,32122
25.28,32176
25.285,32205
25.29,32256
25.295,32352
25.3,32308
25.305,32313
25.31,32365
25.315,32422
25.32,32533
25.325,32600
25.33,32692
25.335,32777
25.34,32927
25.345,33013
25.35,33118
25.355,33164
25.36,33284
25.365,33353
25.37,33474
25.375,33591
25.38,33624
25.385,33712
25.39,33863
25.395,33821
25.4,33795
25.405,34132
25.41,34158
25.415,34159
25.42,34078
25.425,34051
25.43,33959
25.435,33825
25.44,33813
25.445,33665
25.45,33654
25.455,33469
25.46,33392
25.465,33290
25.47,33219
25.475,33172
25.48,33086
25.485,33083
25.49,33013
25.495,33024
25.5,32950
25.505,32986
25.51,32984
25.515,32946
25.52,33064
25.525,33055
25.53,33055
25.535,33069
25.54,33119
25.545,33166
25.55,33234
25.555,33236
25.56,33333
25.565,33362
25.57,33495
25.575,33511
25.58,33588
25.585,33654
25.59,33620
25.595,33705
25.6,33667
25.605,33692
25.61,33643
25.615,33681
25.62,33723
25.625,33674
25.63,33621
25.635,33606
25.64,33544
25.645,33505
25.65,33430
25.655,33471
25.66,33415
25.665,33312
25.67,33205
25.675,33182
25.68,33199
25.685,33012
25.69,32977
25.695,32915
25.7,32898
25.705,32763
25.71,32760
25.715,32666
25.72,32630
25.725,32550
25.73,32567
25.735,32488
25.74,32445
25.745,32471
25.75,32412
25.755,32455
25.76,32359
25.765,32324
25.77,32305
25.775,32382
25.78,32311
25.785,32242
25.79,32252
25.795,32211
25.8,32245
25.805,32195
25.81,32186
25.815,32217
25.82,32245
25.825,32223
25.83,32215
25.835,32187
25.84,32095
25.845,32174
25.85,32171
25.855,32196
25.86,32239
25.865,32201
25.87,32109
25.875,32172
25.88,32162
25.885,32196
25.89,32166
25.895,32099
25.9,32134
25.905,32155
25.91,32091
25.915,32161
25.92,32154
25.925,32203
25.93,32159
25.935,32140
25.94,32157
25.945,32162
25.95,32196
25.955,32126
25.96,32078
25.965,32260
25.97,32187
25.975,32160
25.98,32246
25.985,32116
25.99,32129
25.995,32141
26.0,32175
26.005,32140
26.01,32185
26.015,32143
26.02,32203
26.025,32172
26.03,32094
26.035,32153
26.04,32113
26.045,32149
26.05,32154
26.055,32235
26.06,32145
26.065,32094
26.07,32157
26.075,32110
26.08,32219
26.085,32178
26.09,32210
26.095,32138
26.1,32114
26.105,32163
26.11,32103
26.115,32119
26.12,32127
26.125,32151
26.13,32103
26.135,32086
26.14,32217
26.145,32150
26.15,32169
26.155,32206
26.16,32211
26.165,32184
26.17,32208
26.175,32303
26.18,32315
26.185,32295
26.19,32364
26.195,32277
26.2,32400
26.205,32442
26.21,32446
26.215,32601
26.22,32692
26.225,32765
26.23,32783
26.235,32941
26.24,33061
26.245,33151
26.25,33278
26.255,33394
26.26,33532
26.265,33587
26.27,33766
26.275,33758
26.28,33829
26.285,33902
26.29,33911
26.295,33925
26.3,34312
26.305,34173
26.31,34155
26.315,34250
26.32,34141
26.325,34062
26.33,33972
26.335,33882
26.34,33743
26.345,33672
26.35,33549
26.355,33536
26.36,33428
26.365,33332
26.37,33264
26.375,33181
26.38,33090
26.385,33152
26.39,33081
26.395,33030
26.4,33049
26.405,33075
26.41,33082
26.415,33082
26.42,33116
26.425,33112
26.43,33210
26.435,33241
26.44,33290
26.445,33259
26.45,33384
26.455,33439
26.46,33496
26.465,33423
26.47,33498
26.475,33622
26.48,33617
26.485,33701
26.49,33713
26.495,33770
26.5,33734
26.505,33724
26.51,33783
26.515,33747
26.52,33700
26.525,33649
26.53,33810
26.535,33646
26.54,33610
26.545,33500
26.55,33483
26.555,33459
26.56,33418
26.565,33373
26.57,33253
26.575,33234
26.58,33194
26.585,33067
26.59,33019
26.595,32893
26.6,32868
26.605,32789
26.61,32809
26.615,32725
26.62,32741
26.625,32643
26.63,32623
26.635,32574
26.64,32526
26.645,32446
26.65,32518
26.655,32427
26.66,32339
26.665,32364
26.67,32327
26.675,32395
26.68,32376
26.685,32382
26.69,32395
26.695,32281
26.7,32227
26.705,32256
26.71,32300
26.715,32179
26.72,32253
26.725,32303
26.73,32237
26.735,32262
26.74,32230
26.745,32327
26.75,32333
26.755,32221
26.76,32226
26.765,32261
26.77,32281
26.775,32271
26.78,32279
26.785,32291
26.79,32298
26.795,32323
26.8,32260
26.805,32235
26.81,32249
26.815,32335
26.82,32283
26.825,32278
26.83,32301
26.835,32296
26.84,32338
26.845,32219
26.85,32256
26.855,32276
26.86,32278
26.865,32233
26.87,32186
26.875,32236
26.88,32220
26.885,32241
26.89,32286
26.895,32271
26.9,32201
26.905,32215
26.91,32250
26.915,32285
26.92,32240
26.925,32250
26.93,32185
26.935,32224
26.94,32212
26.945,32250
26.95,32232
26.955,32210
26.96,32204
26.965,32254
26.97,32225
26.975,32295
26.98,32264
26.985,32255
26.99,32307
26.995,32240
27.0,32333
27.005,32289
27.01,32365
27.015,32339
27.02,32360
27.025,32364
27.03,32479
27.035,32547
27.04,32535
27.045,32720
27.05,32728
27.055,32768
27.06,32972
27.065,32980
27.07,33150
27.075,33095
27.08,33356
27.085,33390
27.09,33489
27.095,33604
27.1,33645
27.105,33810
27.11,33868
27.115,33928
27.12,33944
27.125,33955
27.13,34030
27.135,34368
27.14,34322
27.145,34272
27.15,34209
27.155,34190
27.16,34142
27.165,33998
27.17,33881
27.175,33909
27.18,33663
27.185,33636
27.19,33531
27.195,33497
27.2,33364
27.205,33237
27.21,33196
27.215,33193
27.22,33149
27.225,33097
27.23,33084
27.235,33041
27.24,33049
27.245,33094
27.25,33114
27.255,33165
27.26,33163
27.265,33308
27.27,33231
27.275,33379
27.28,33420
27.285,33512
27.29,33558
27.295,33510
27.3,33622
27.305,33685
27.31,33735
27.315,33758
27.32,33751
27.325,33847
27.33,33815
27.335,33814
27.34,33845
27.345,33820
27.35,33803
27.355,33815
27.36,33885
27.365,33768
27.37,33722
27.375,33660
27.38,33641
27.385,33531
27.39,33536
27.395,33468
27.4,33399
27.405,33349
27.41,33260
27.415,33226
27.42,33157
27.425,33094
27.43,33011
27.435,32984
27.44,32887
27.445,32887
27.45,32784
27.455,32787
27.46,32704
27.465,32652
27.47,32578
27.475,32604
27.48,32562
27.485,32522
27.49,32510
27.495,32477
27.5,32419
27.505,32391
27.51,32443
27.515,32413
27.52,32450
27.525,32458
27.53,32406
27.535,32392
27.54,32382
27.545,32360
27.55,32328
27.555,32250
27.56,32372
27.565,32363
27.57,32340
27.575,32341
27.58,32370
27.585,32366
27.59,32338
27.595,32320
27.6,32351
27.605,32357
27.61,32408
27.615,32292
27.62,32343
27.625,32291
27.63,32306
27.635,32409
27.64,32306
27.645,32316
27.65,32299
27.655,32351
27.66,32303
27.665,32256
27.67,32323
27.675,32347
27.68,32315
27.685,32321
27.69,32289
27.695,32280
27.7,32314
27.705,32272
27.71,32297
27.715,32276
27.72,32304
27.725,32341
27.73,32310
27.735,32354
27.74,32325
27.745,32307
27.75,32279
27.755,32318
27.76,32273
27.765,32346
27.77,32272
27.775,32274
27.78,32300
27.785,32278
27.79,32354
27.795,32334
27.8,32362
27.805,32422
27.81,32342
27.815,32445
27.82,32502
27.825,32569
27.83,32585
27.835,32611
27.84,32734
27.845,32806
27.85,32933
27.855,33017
27.86,33023
27.865,33180
27.87,33241
27.875,33302
27.88,33473
27.885,33602
27.89,33570
27.895,33804
27.9,33814
27.905,33984
27.91,33969
27.915,34020
27.92,34106
27.925,34065
27.93,34483
27.935,34354
27.94,34336
27.945,34272
27.95,34271
27.955,34176
27.96,34127
27.965,34048
27.97,33943
27.975,33858
27.98,33762
27.985,33626
27.99,33513
27.995,33422
28.0,33413
28.005,33301
28.01,33232
28.015,33193
28.02,33185
28.025,33181
28.03,33153
28.035,33126
28.04,33194
28.045,33111
28.05,33209
28.055,33294
28.06,33306
28.065,33385
28.07,33394
28.075,33463
28.08,33497
28.085,33533
28.09,33615
28.095,33688
28.1,33628
28.105,33715
28.11,33708
28.115,33785
28.12,33801
28.125,33853
28.13,33875
28.135,33930
28.14,33941
28.145,33859
28.15,33856
28.155,33876
28.16,33801
28.165,33774
28.17,33680
28.175,33728
28.18,33659
28.185,33559
28.19,33486
28.195,33434
28.2,33426
28.205,33327
28.21,33234
28.215,33202
28.22,33182
28.225,33134
28.23,33076
28.235,32974
28.24,32923
28.245,32872
28.25,32836
28.255,32787
28.26,32687
28.265,32657
28.27,32633
28.275,32641
28.28,32567
28.285,32531
28.29,32573
28.295,32568
28.3,32463
28.305,32475
28.31,32508
28.315,32439
28.32,32477
28.325,32382
28.33,32418
28.335,32443
28.34,32469
28.345,32443
28.35,32344
28.355,32343
28.36,32365
28.365,32424
28.37,32418
28.375,32429
28.38,32413
28.385,32365
28.39,32370
28.395,32350
28.4,32412
28.405,32334
28.41,32382
28.415,32388
28.42,32423
28.425,32349
28.43,32391
28.435,32338
28.44,32412
28.445,32360
28.45,32362
28.455,32337
28.46,32349
28.465,32347
28.47,32348
28.475,32412
28.48,32333
28.485,32377
28.49,32398
28.495,32326
28.5,32288
28.505,32383
28.51,32305
28.515,32336
28.52,32361
28.525,32374
28.53,32354
28.535,32337
28.54,32399
28.545,32370
28.55,32432
28.555,32328
28.56,32358
28.565,32359
28.57,32380
28.575,32369
28.58,32361
28.585,32432
28.59,32355
28.595,32378
28.6,32370
28.605,32343
28.61,32395
28.615,32304
28.62,32418
28.625,32326
28.63,32380
28.635,32406
28.64,32398
28.645,32414
28.65,32498
28.655,32567
28.66,32549
28.665,32554
28.67,32568
28.675,32613
28.68,32743
28.685,32797
28.69,32886
28.695,32956
28.7,33055
28.705,33080
28.71,33141
28.715,33237
28.72,33381
28.725,33483
28.73,33600
28.735,33655
28.74,33802
28.745,33913
28.75,33965
28.755,33929
28.76,34078
28.765,34101
28.77,34167
28.775,34451
28.78,34461
28.785,34389
28.79,34365
28.795,34325
28.8,34205
28.805,34143
28.81,34047
28.815,33969
28.82,33846
28.825,33772
28.83,33596
28.835,33567
28.84,33525
28.845,33448
28.85,33327
28.855,33281
28.86,33284
28.865,33254
28.87,33239
28.875,33217
28.88,33222
28.885,33268
28.89,33218
28.895,33231
28.9,33354
28.905,33331
28.91,33430
28.915,33430
28.92,33467
28.925,33616
28.93,33611
28.935,33615
28.94,33708
28.945,33757
28.95,33800
28.955,33852
28.96,33838
28.965,33897
28.97,33944
28.975,33964
28.98,33952
28.985,33919
28.99,33868
28.995,33976
29.0,33860
29.005,33854
29.01,33834
29.015,33808
29.02,33743
29.025,33662
29.03,33633
29.035,33649
29.04,33603
29.045,33440
29.05,33407
29.055,33255
29.06,33261
29.065,33215
29.07,33116
29.075,33132
29.08,33040
29.085,32975
29.09,32807
29.095,32830
29.1,32833
29.105,32747
29.11,32663
29.115,32670
29.12,32714
29.125,32655
29.13,32636
29.135,32588
29.14,32619
29.145,32442
29.15,32484
29.155,32582
29.16,32539
29.165,32499
29.17,32469
29.175,32408
29.18,32452
29.185,32456
29.19,32423
29.195,32502
29.2,32486
29.205,32435
29.21,32475
29.215,32439
29.22,32448
29.225,32419
29.23,32524
29.235,32379
29.24,32426
29.245,32468
29.25,32466
29.255,32369
29.26,32393
29.265,32423
29.27,32396
29.275,32400
29.28,32414
29.285,32417
29.29,32461
29.295,32359
29.3,32458
29.305,32411
29.31,32440
29.315,32405
29.32,32502
29.325,32351
29.33,32459
29.335,32399
29.34,32406
29.345,32465
29.35,32406
29.355,32445
29.36,32465
29.365,32390
29.37,32484
29.375,32456
29.38,32402
29.385,32417
29.39,32383
29.395,32419
29.4,32439
29.405,32444
29.41,32415
29.415,32388
29.42,32383
29.425,32371
29.43,32395
29.435,32426
29.44,32383
29.445,32379
29.45,32365
29.455,32424
29.46,32394
29.465,32344
29.47,32443
29.475,32442
29.48,32405
29.485,32393
29.49,32406
29.495,32376
29.5,32448
29.505,32467
29.51,32459
29.515,32438
29.52,32448
29.525,32471
29.53,32529
29.535,32457
29.54,32509
29.545,32513
29.55,32496
29.555,32592
29.56,32669
29.565,32645
29.57,32781
29.575,32840
29.58,32910
29.585,33028
29.59,33047
29.595,33227
29.6,33259
29.605,33398
29.61,33430
29.615,33628
29.62,33699
29.625,33777
29.63,33853
29.635,33980
29.64,34092
29.645,34121
29.65,34132
29.655,34143
29.66,34467
29.665,34481
29.67,34407
29.675,34408
29.68,34403
29.685,34292
29.69,34208
29.695,34104
29.7,34059
29.705,33960
29.71,33892
29.715,33721
29.72,33617
29.725,33551
29.73,33453
29.735,33429
29.74,33359
29.745,33298
29.75,33293
29.755,33307
29.76,33285
29.765,33234
29.77,33267
29.775,33294
29.78,33332
29.785,33329
29.79,33334
29.795,33437
29.8,33437
29.805,33510
29.81,33567
29.815,33663
29.82,33666
29.825,33740
29.83,33775
29.835,33808
29.84,33901
29.845,33889
29.85,33953
29.855,33970
29.86,33910
29.865,33927
29.87,33875
29.875,33994
29.88,33981
29.885,33932
29.89,33905
29.895,33879
29.9,33828
29.905,33804
29.91,33753
29.915,33667
29.92,33692
29.925,33616
29.93,33501
29.935,33529
29.94,33474
29.945,33365
29.95,33299
29.955,33172
29.96,33120
29.965,33015
29.97,33001
29.975,32997
29.98,32897
29.985,32804
29.99,32879
29.995,32851
30.0,32798
30.005,32655
30.01,32710
30.015,32623
30.02,32623
30.025,32632
30.03,32642
30.035,32548
30.04,32543
30.045,32497
30.05,32531
30.055,32486
30.06,32495
30.065,32533
30.07,32499
30.075,32498
30.08,32499
30.085,32514
30.09,32532
30.095,32437
30.1,32418
30.105,32492
30.11,32497
30.115,32520
30.12,32496
30.125,32529
30.13,32484
30.135,32441
30.14,32499
30.145,32429
30.15,32436
30.155,32474
30.16,32449
30.165,32491
30.17,32443
30.175,32521
30.18,32417
30.185,32479
30.19,32436
30.195,32503
30.2,32430
30.205,32478
30.21,32335
30.215,32422
30.22,32508
30.225,32454
30.23,32449
30.235,32478
30.24,32532
30.245,32405
30.25,32441
30.255,32426
30.26,32468
30.265,32416
30.27,32384
30.275,32385
30.28,32464
30.285,32447
30.29,32470
30.295,32380
30.3,32405
30.305,32417
30.31,32467
30.315,32452
30.32,32430
30.325,32399
30.33,32443
30.335,32419
30.34,32469
30.345,32501
30.35,32444
30.355,32401
30.36,32531
30.365,32472
30.37,32475
30.375,32467
30.38,32480
30.385,32490
30.39,32512
30.395,32468
30.4,32521
30.405,32574
30.41,32618
30.415,32661
30.42,32719
30.425,32693
30.43,32788
30.435,32871
30.44,32947
30.445,33022
30.45,33194
30.455,33208
30.46,33317
30.465,33377
30.47,33607
30.475,33650
30.48,33747
30.485,33825
30.49,33942
30.495,34006
30.5,34130
30.505,34111
30.51,34163
30.515,34182
30.52,34550
30.525,34525
30.53,34516
30.535,34453
30.54,34393
30.545,34301
30.55,34250
30.555,34145
30.56,34045
30.565,33879
30.57,33824
30.575,33722
30.58,33593
30.585,33624
30.59,33556
30.595,33479
30.6,33407
30.605,33397
30.61,33251
30.615,33337
30.62,33208
30.625,33288
30.63,33297
30.635,33331
30.64,33363
30.645,33400
30.65,33389
30.655,33435
30.66,33479
30.665,33565
30.67,33601
30.675,33609
30.68,33754
30.685,33728
30.69,33800
30.695,33835
30.7,33875
30.705,33957
30.71,33940
30.715,33935
30.72,33978
30.725,33972
30.73,33954
30.735,34036
30.74,34030
30.745,33914
30.75,33994
30.755,33968
30.76,33810
30.765,33828
30.77,33751
30.775,33735
30.78,33539
30.785,33606
30.79,33506
30.795,33471
30.8,33421
30.805,33238
30.81,33257
30.815,33196
30.82,33157
30.825,33117
30.83,33048
30.835,32940
30.84,32944
30.845,32844
30.85,32856
30.855,32783
30.86,32747
30.865,32725
30.87,32633
30.875,32652
30.88,32597
30.885,32652
30.89,32646
30.895,32532
30.9,32488
30.905,32565
30.91,32525
30.915,32503
30.92,32611
30.925,32506
30.93,32478
30.935,32499
30.94,32515
30.945,32558
30.95,32508
30.955,32449
30.96,32474
30.965,32556
30.97,32424
30.975,32483
30.98,32526
30.985,32492
30.99,32473
30.995,32447
31.0,32483
31.005,32495
31.01,32483
31.015,32511
31.02,32480
31.025,32518
31.03,32476
31.035,32503
31.04,32457
31.045,32531
31.05,32512
31.055,32491
31.06,32429
31.065,32471
31.07,32357
31.075,32449
31.08,32467
31.085,32429
31.09,32465
31.095,32483
31.1,32523
31.105,32458
31.11,32400
31.115,32371
31.12,32449
31.125,32487
31.13,32494
31.135,32456
31.14,32428
31.145,32426
31.15,32446
31.155,32453
31.16,32471
31.165,32454
31.17,32522
31.175,32455
31.18,32467
31.185,32488
31.19,32485
31.195,32429
31.2,32397
31.205,32412
31.21,32477
31.215,32491
31.22,32491
31.225,32518
31.23,32550
31.235,32492
31.24,32634
31.245,32663
31.25,32626
31.255,32630
31.26,32689
31.265,32680
31.27,32790
31.275,32826
31.28,32926
31.285,32999
31.29,33174
31.295,33163
31.3,33274
31.305,33353
31.31,33532
31.315,33621
31.32,33633
31.325,33755
31.33,33896
31.335,33950
31.34,34065
31.345,34115
31.35,34123
31.355,34184
31.36,34229
31.365,34530
31.37,34517
31.375,34488
31.38,34418
31.385,34406
31.39,34236
31.395,34213
31.4,34086
31.405,34024
31.41,33944
31.415,33841
31.42,33750
31.425,33666
31.43,33579
31.435,33480
31.44,33454
31.445,33412
31.45,33369
31.455,33320
31.46,33303
31.465,33214
31.47,33260
31.475,33296
31.48,33361
31.485,33398
31.49,33396
31.495,33392
31.5,33497
31.505,33565
31.51,33609
31.515,33609
31.52,33648
31.525,33706
31.53,33750
31.535,33872
31.54,33890
31.545,33995
31.55,34009
31.555,34012
31.56,33971
31.565,34032
31.57,34030
31.575,33961
31.58,33956
31.585,33958
31.59,34006
31.595,33915
31.6,33842
31.605,33852
31.61,33821
31.615,33702
31.62,33758
31.625,33601
31.63,33604
31.635,33526
31.64,33409
31.645,33366
31.65,33305
31.655,33228
31.66,33205
31.665,33120
31.67,32997
31.675,33008
31.68,32911
31.685,32895
31.69,32867
31.695,32812
31.7,32814
31.705,32740
31.71,32692
31.715,32741
31.72,32682
31.725,32628
31.73,32612
31.735,32579
31.74,32581
31.745,32529
31.75,32616
31.755,32586
31.76,32451
31.765,32489
31.77,32516
31.775,32488
31.78,32429
31.785,32527
31.79,32454
31.795,32519
31.8,32508
31.805,32544
31.81,32454
31.815,32550
31.82,32437
31.825,32534
31.83,32517
31.835,32493
31.84,32436
31.845,32532
31.85,32502
31.855,32411
31.86,32376
31.865,32445
31.87,32436
31.875,32492
31.88,32470
31.885,32476
31.89,32444
31.895,32496
31.9,32440
31.905,32405
31.91,32372
31.915,32477
31.92,32435
31.925,32393
31.93,32423
31.935,32440
31.94,32478
31.945,32375
31.95,32436
31.955,32477
31.96,32467
31.965,32478
31.97,32520
31.975,32416
31.98,32424
31.985,32485
31.99,32504
31.995,32457
32.0,32432
32.005,32401
32.01,32465
32.015,32455
32.02,32404
32.025,32424
32.03,32408
32.035,32466
32.04,32441
32.045,32494
32.05,32502
32.055,32470
32.06,32509
32.065,32513
32.07,32541
32.075,32484
32.08,32543
32.085,32610
32.09,32594
32.095,32589
32.1,32652
32.105,32773
32.11,32729
32.115,32781
32.12,32905
32.125,32935
32.13,32976
32.135,33066
32.14,33189
32.145,33268
32.15,33450
32.155,33482
32.16,33560
32.165,33687
32.17,33770
32.175,33951
32.18,33963
32.185,34119
32.19,34143
32.195,34240
32.2,34190
32.205,34560
32.21,34442
32.215,34474
32.22,34422
32.225,34434
32.23,34318
32.235,34268
32.24,34130
32.245,34016
32.25,33964
32.255,33918
32.26,33774
32.265,33742
32.27,33589
32.275,33511
32.28,33443
32.285,33389
32.29,33327
32.295,33307
32.3,33262
32.305,33240
32.31,33331
32.315,33314
32.32,33288
32.325,33301
32.33,33298
32.335,33415
32.34,33412
32.345,33555
32.35,33472
32.355,33600
32.36,33685
32.365,33674
32.37,33819
32.375,33830
32.38,33875
32.385,33849
32.39,33954
32.395,33984
32.4,33976
32.405,34054
32.41,34011
32.415,33919
32.42,34009
32.425,34049
32.43,33943
32.435,33966
32.44,33881
32.445,33865
32.45,33720
32.455,33703
32.46,33703
32.465,33634
32.47,33525
32.475,33556
32.48,33478
32.485,33367
32.49,33258
32.495,33289
32.5,33186
32.505,33169
32.51,33124
32.515,33013
32.52,32963
32.525,32948
32.53,32862
32.535,32755
32.54,32808
32.545,32760
32.55,32693
32.555,32702
32.56,32641
32.565,32615
32.57,32637
32.575,32537
32.58,32511
32.585,32549
32.59,32493
32.595,32561
32.6,32492
32.605,32446
32.61,32487
32.615,32414
32.62,32540
32.625,32484
32.63,32505
32.635,32495
32.64,32480
32.645,32432
32.65,32496
32.655,32453
32.66,32435
32.665,32386
32.67,32506
32.675,32448
32.68,32440
32.685,32384
32.69,32487
32.695,32447
32.7,32486
32.705,32447
32.71,32416
32.715,32466
32.72,32387
32.725,32386
32.73,32439
32.735,32468
32.74,32480
32.745,32435
32.75,32433
32.755,32443
32.76,32427
32.765,32415
32.77,32451
32.775,32413
32.78,32423
32.785,32473
32.79,32436
32.795,32408
32.8,32452
32.805,32420
32.81,32449
32.815,32392
32.82,32394
32.825,32369
32.83,32462
32.835,32471
32.84,32462
32.845,32431
32.85,32425
32.855,32409
32.86,32438
32.865,32410
32.87,32380
32.875,32454
32.88,32452
32.885,32441
32.89,32423
32.895,32416
32.9,32439
32.905,32452
32.91,32413
32.915,32452
32.92,32447
32.925,32547
32.93,32484
32.935,32520
32.94,32570
32.945,32651
32.95,32663
32.955,32819
32.96,32848
32.965,32808
32.97,32985
32.975,33078
32.98,33115
32.985,33225
32.99,33336
32.995,33417
33.0,33544
33.005,33665
33.01,33736
33.015,33847
33.02,33893
33.025,34034
33.03,34051
33.035,34166
33.04,34229
33.045,34231
33.05,34474
33.055,34484
33.06,34421
33.065,34394
33.07,34282
33.075,34198
33.08,34147
33.085,34028
33.09,34006
33.095,33891
33.1,33782
33.105,33672
33.11,33585
33.115,33547
33.12,33444
33.125,33381
33.13,33398
33.135,33296
33.14,33254
33.145,33238
33.15,33286
33.155,33226
33.16,33241
33.165,33320
33.17,33352
33.175,33397
33.18,33357
33.185,33450
33.19,33464
33.195,33551
33.2,33532
33.205,33635
33.21,33733
33.215,33750
33.22,33702
33.225,33868
33.23,33883
33.235,33892
33.24,33928
33.245,33935
33.25,34001
33.255,33963
33.26,33904
33.265,33921
33.27,33993
33.275,33950
33.28,33907
33.285,33811
33.29,33815
33.295,33784
33.3,33696
33.305,33662
33.31,33616
33.315,33549
33.32,33463
33.325,33398
33.33,33270
33.335,33239
33.34,33216
33.345,33185
33.35,33069
33.355,33044
33.36,32950
33.365,32862
33.37,32864
33.375,32820
33.38,32729
33.385,32691
33.39,32689
33.395,32637
33.4,32644
33.405,32551
33.41,32607
33.415,32534
33.42,32551
33.425,32466
33.43,32542
33.435,32503
33.44,32562
33.445,32416
33.45,32402
33.455,32487
33.46,32487
33.465,32385
33.47,32464
33.475,32474
33.48,32488
33.485,32439
33.49,32375
33.495,32358
33.5,32502
33.505,32439
33.51,32457
33.515,32408
33.52,32410
33.525,32409
33.53,32381
33.535,32403
33.54,32372
33.545,32395
33.55,32449
33.555,32408
33.56,32382
33.565,32467
33.57,32451
33.575,32404
33.58,32338
33.585,32447
33.59,32446
33.595,32376
33.6,32448
33.605,32365
33.61,32384
33.615,32376
33.62,32398
33.625,32385
33.63,32441
33.635,32375
33.64,32403
33.645,32387
33.65,32393
33.655,32354
33.66,32381
33.665,32432
33.67,32410
33.675,32337
33.68,32364
33.685,32341
33.69,32350
33.695,32352
33.7,32331
33.705,32391
33.71,32407
33.715,32379
33.72,32357
33.725,32380
33.73,32348
33.735,32415
33.74,32464
33.745,32286
33.75,32402
33.755,32396
33.76,32411
33.765,32405
33.77,32375
33.775,32445
33.78,32456
33.785,32493
33.79,32529
33.795,32552
33.8,32699
33.805,32624
33.81,32716
33.815,32753
33.82,32869
33.825,32982
33.83,33016
33.835,33085
33.84,33169
33.845,33342
33.85,33404
33.855,33559
33.86,33616
33.865,33721
33.87,33831
33.875,33857
33.88,34031
33.885,34005
33.89,34095
33.895,34133
33.9,34537
33.905,34458
33.91,34444
33.915,34353
33.92,34309
33.925,34244
33.93,34203
33.935,34041
33.94,33998
33.945,33991
33.95,33756
33.955,33629
33.96,33586
33.965,33516
33.97,33504
33.975,33393
33.98,33359
33.985,33246
33.99,33234
33.995,33221
34.0,33167
34.005,33205
34.01,33191
34.015,33226
34.02,33191
34.025,33200
34.03,33361
34.035,33357
34.04,33400
34.045,33547
34.05,33542
34.055,33575
34.06,33587
34.065,33676
34.07,33720
34.075,33747
34.08,33849
34.085,33861
34.09,33884
34.095,33858
34.1,33880
34.105,33955
34.11,33926
34.115,33893
34.12,33912
34.125,33881
34.13,33838
34.135,33813
34.14,33807
34.145,33746
34.15,33652
34.155,33602
34.16,33580
34.165,33470
34.17,33449
34.175,33374
34.18,33266
34.185,33160
34.19,33151
34.195,33117
34.2,33055
34.205,33041
34.21,32938
34.215,32881
34.22,32846
34.225,32769
34.23,32802
34.235,32678
34.24,32630
34.245,32608
34.25,32639
34.255,32547
34.26,32515
34.265,32541
34.27,32542
34.275,32467
34.28,32492
34.285,32429
34.29,32491
34.295,32392
34.3,32412
34.305,32398
34.31,32373
34.315,32398
34.32,32419
34.325,32361
34.33,32455
34.335,32392
34.34,32392
34.345,32349
34.35,32372
34.355,32404
34.36,32333
34.365,32343
34.37,32336
34.375,32317
34.38,32385
34.385,32331
34.39,32418
34.395,32312
34.4,32343
34.405,32355
34.41,32317
34.415,32274
34.42,32326
34.425,32347
34.43,32312
34.435,32355
34.44,32277
34.445,32353
34.45,32417
34.455,32375
34.46,32375
34.465,32325
34.47,32321
34.475,32375
34.48,32322
34.485,32356
34.49,32296
34.495,32344
34.5,32335
34.505,32248
34.51,32322
34.515,32346
34.52,32344
34.525,32336
34.53,32368
34.535,32319
34.54,32292
34.545,32352
34.55,32394
34.555,32305
34.56,32371
34.565,32309
34.57,32261
34.575,32282
34.58,32283
34.585,32355
34.59,32318
34.595,32295
34.6,32321
34.605,32369
34.61,32319
34.615,32300
34.62,32345
34.625,32311
34.63,32370
34.635,32401
34.64,32390
34.645,32389
34.65,32435
34.655,32412
34.66,32557
34.665,32630
34.67,32597
34.675,32581
34.68,32666
34.685,32714
34.69,32781
34.695,32933
34.7,33028
34.705,33113
34.71,33280
34.715,33348
34.72,33419
34.725,33574
34.73,33614
34.735,33741
34.74,33809
34.745,33924
34.75,33965
34.755,34000
34.76,34061
34.765,34083
34.77,34392
34.775,34399
34.78,34281
34.785,34279
34.79,34258
34.795,34120
34.8,33954
34.805,33976
34.81,33838
34.815,33771
34.82,33663
34.825,33583
34.83,33519
34.835,33401
34.84,33355
34.845,33219
34.85,33185
34.855,33175
34.86,33209
34.865,33106
34.87,33118
34.875,33160
34.88,33131
34.885,33126
34.89,33132
34.895,33268
34.9,33242
34.905,33341
34.91,33397
34.915,33394
34.92,33499
34.925,33459
34.93,33583
34.935,33599
34.94,33690
34.945,33731
34.95,33767
34.955,33815
34.96,33794
34.965,33784
34.97,33802
34.975,33887
34.98,33810
34.985,33824
34.99,33831
34.995,33787
35.0,33724
35.005,33645
35.01,33711
35.015,33606
35.02,33514
35.025,33491
35.03,33455
35.035,33318
35.04,33329
35.045,33259
35.05,33209
35.055,33127
35.06,33027
35.065,32941
35.07,32932
35.075,32863
35.08,32882
35.085,32764
35.09,32741
35.095,32683
35.1,32576
35.105,32628
35.11,32549
35.115,32481
35.12,32519
35.125,32523
35.13,32451
35.135,32425
35.14,32394
35.145,32386
35.15,32427
35.155,32378
35.16,32379
35.165,32375
35.17,32241
35.175,32345
35.18,32354
35.185,32336
35.19,32269
35.195,32290
35.2,32339
35.205,32327
35.21,32325
35.215,32265
35.22,32313
35.225,32353
35.23,32300
35.235,32345
35.24,32326
35.245,32323
35.25,32267
35.255,32266
35.26,32264
35.265,32328
35.27,32330
35.275,32246
35.28,32236
35.285,32285
35.29,32326
35.295,32287
35.3,32299
35.305,32292
35.31,32294
35.315,32267
35.32,32288
35.325,32294
35.33,32264
35.335,32327
35.34,32227
35.345,32250
35.35,32232
35.355,32299
35.36,32299
35.365,32232
35.37,32260
35.375,32240
35.38,32206
35.385,32225
35.39,32265
35.395,32272
35.4,32225
35.405,32251
35.41,32280
35.415,32300
35.42,32263
35.425,32223
35.43,32197
35.435,32259
35.44,32249
35.445,32244
35.45,32248
35.455,32262
35.46,32299
35.465,32334
35.47,32300
35.475,32419
35.48,32432
35.485,32407
35.49,32468
35.495,32559
35.5,32528
35.505,32601
35.51,32672
35.515,32736
35.52,32884
35.525,32943
35.53,33052
35.535,33154
35.54,33250
35.545,33385
35.55,33432
35.555,33510
35.56,33589
35.565,33704
35.57,33815
35.575,33882
35.58,33940
35.585,33954
35.59,34007
35.595,34335
35.6,34260
35.605,34285
35.61,34239
35.615,34153
35.62,34129
35.625,34010
35.63,33891
35.635,33857
35.64,33790
35.645,33589
35.65,33533
35.655,33478
35.66,33386
35.665,33326
35.67,33271
35.675,33106
35.68,33151
35.685,33036
35.69,33038
35.695,33023
35.7,33078
35.705,33012
35.71,33093
35.715,33062
35.72,33221
35.725,33171
35.73,33233
35.735,33240
35.74,33313
35.745,33432
35.75,33447
35.755,33449
35.76,33523
35.765,33582
35.77,33695
35.775,33667
35.78,33721
35.785,33772
35.79,33841
35.795,33794
35.8,33740
35.805,33743
35.81,33832
35.815,33771
35.82,33665
35.825,33687
35.83,33653
35.835,33615
35.84,33603
35.845,33552
35.85,33519
35.855,33344
35.86,33360
35.865,33277
35.87,33181
35.875,33183
35.88,33039
35.885,32972
35.89,33017
35.895,32912
35.9,32867
35.905,32828
35.91,32682
35.915,32727
35.92,32634
35.925,32606
35.93,32576
35.935,32533
35.94,32463
35.945,32446
35.95,32425
35.955,32432
35.96,32293
35.965,32404
35.97,32303
35.975,32400
35.98,32325
35.985,32360
35.99,32278
35.995,32340
36.0,32285
36.005,32279
36.01,32274
36.015,32163
36.02,32195
36.025,32186
36.03,32243
36.035,32229
36.04,32264
36.045,32244
36.05,32274
36.055,32202
36.06,32237
36.065,32205
36.07,32179
36.075,32155
36.08,32214
36.085,32182
36.09,32194
36.095,32177
36.1,32171
36.105,32310
36.11,32208
36.115,32158
36.12,32197
36.125,32203
36.13,32148
36.135,32238
36.14,32164
36.145,32215
36.15,32178
36.155,32164
36.16,32309
36.165,32168
36.17,32134
36.175,32169
36.18,32150
36.185,32224
36.19,32199
36.195,32139
36.2,32245
36.205,32171
36.21,32131
36.215,32216
36.22,32199
36.225,32138
36.23,32132
36.235,32167
36.24,32147
36.245,32190
36.25,32180
36.255,32126
36.26,32129
36.265,32160
36.27,32216
36.275,32147
36.28,32194
36.285,32151
36.29,32194
36.295,32163
36.3,32206
36.305,32168
36.31,32186
36.315,32299
36.32,32282
36.325,32226
36.33,32344
36.335,32330
36.34,32427
36.345,32377
36.35,32478
36.355,32529
36.36,32590
36.365,32652
36.37,32852
36.375,32842
36.38,32929
36.385,32984
36.39,33191
36.395,33299
36.4,33358
36.405,33417
36.41,33585
36.415,33653
36.42,33679
36.425,33875
36.43,33879
36.435,33854
36.44,33882
36.445,34267
36.45,34265
36.455,34210
36.46,34159
36.465,34065
36.47,34081
36.475,33912
36.48,33840
36.485,33751
36.49,33630
36.495,33572
36.5,33507
36.505,33280
36.51,33272
36.515,33251
36.52,33192
36.525,33070
36.53,33068
36.535,33019
36.54,32997
36.545,32958
36.55,33019
36.555,33036
36.56,33070
36.565,33048
36.57,33078
36.575,33154
36.58,33279
36.585,33198
36.59,33254
36.595,33374
36.6,33321
36.605,33322
36.61,33500
36.615,33563
36.62,33604
36.625,33631
36.63,33669
36.635,33631
36.64,33716
36.645,33656
36.65,33642
36.655,33691
36.66,33644
36.665,33635
36.67,33629
36.675,33608
36.68,33592
36.685,33507
36.69,33475
36.695,33439
36.7,33393
36.705,33345
36.71,33293
36.715,33208
36.72,33151
36.725,33093
36.73,33002
36.735,32944
36.74,32841
36.745,32821
36.75,32789
36.755,32673
36.76,32692
36.765,32575
36.77,32586
36.775,32564
36.78,32472
36.785,32412
36.79,32410
36.795,32349
36.8,32303
36.805,32350
36.81,32220
36.815,32304
36.82,32225
36.825,32273
36.83,32207
36.835,32281
36.84,32186
36.845,32114
36.85,32295
36.855,32182
36.86,32171
36.865,32170
36.87,32154
36.875,32172
36.88,32130
36.885,32234
36.89,32126
36.895,32173
36.9,32196
36.905,32136
36.91,32174
36.915,32120
36.92,32102
36.925,32107
36.93,32174
36.935,32171
36.94,32098
36.945,32167
36.95,32095
36.955,32133
36.96,32150
36.965,32048
36.97,32144
36.975,32109
36.98,32064
36.985,32142
36.99,32126
36.995,32127
37.0,32102
37.005,32086
37.01,32061
37.015,32100
37.02,32068
37.025,32089
37.03,32118
37.035,32131
37.04,32117
37.045,32110
37.05,32089
37.055,32132
37.06,32139
37.065,32077
37.07,32078
37.075,32058
37.08,32082
37.085,32076
37.09,32164
37.095,32142
37.1,32044
37.105,32123
37.11,32089
37.115,32038
37.12,32116
37.125,32089
37.13,32135
37.135,32155
37.14,32128
37.145,32226
37.15,32201
37.155,32196
37.16,32201
37.165,32383
37.17,32321
37.175,32408
37.18,32480
37.185,32573
37.19,32571
37.195,32617
37.2,32803
37.205,32843
37.21,32990
37.215,33181
37.22,33191
37.225,33311
37.23,33348
37.235,33595
37.24,33561
37.245,33668
37.25,33715
37.255,33750
37.26,33849
37.265,33822
37.27,34123
37.275,34119
37.28,34094
37.285,34059
37.29,33999
37.295,33890
37.3,33817
37.305,33821
37.31,33641
37.315,33603
37.32,33441
37.325,33376
37.33,33251
37.335,33120
37.34,33098
37.345,33086
37.35,33046
37.355,32996
37.36,32905
37.365,32893
37.37,32853
37.375,32906
37.38,32936
37.385,32934
37.39,32925
37.395,33002
37.4,33031
37.405,33090
37.41,33114
37.415,33179
37.42,33198
37.425,33246
37.43,33236
37.435,33387
37.44,33432
37.445,33434
37.45,33565
37.455,33587
37.46,33633
37.465,33587
37.47,33597
37.475,33625
37.48,33646
37.485,33660
37.49,33554
37.495,33560
37.5,33462
37.505,33490
37.51,33491
37.515,33435
37.52,33444
37.525,33326
37.53,33225
37.535,33150
37.54,33123
37.545,33108
37.55,32935
37.555,32880
37.56,32853
37.565,32775
37.57,32758
37.575,32650
37.58,32612
37.585,32557
37.59,32515
37.595,32510
37.6,32369
37.605,32313
37.61,32286
37.615,32296
37.62,32281
37.625,32270
37.63,32237
37.635,32209
37.64,32120
37.645,32144
37.65,32169
37.655,32095
37.66,32111
37.665,32103
37.67,32128
37.675,32070
37.68,32034
37.685,32076
37.69,32074
37.695,32111
37.7,32054
37.705,32064
37.71,32050
37.715,32049
37.72,32140
37.725,31968
37.73,32081
37.735,32028
37.74,32058
37.745,31996
37.75,32058
37.755,32020
37.76,32068
37.765,32096
37.77,31998
37.775,31984
37.78,32083
37.785,32111
37.79,32038
37.795,31960
37.8,31977
37.805,32068
37.81,32096
37.815,32026
37.82,31979
37.825,32070
37.83,31976
37.835,32000
37.84,32000
37.845,31998
37.85,32040
37.855,31984
37.86,32023
37.865,32057
37.87,32055
37.875,32063
37.88,31999
37.885,31949
37.89,32017
37.895,32017
37.9,32018
37.905,31992
37.91,32022
37.915,31967
37.92,32033
37.925,32067
37.93,32007
37.935,32003
37.94,32024
37.945,32021
37.95,32022
37.955,32009
37.96,31993
37.965,32063
37.97,31965
37.975,32054
37.98,31988
37.985,32045
37.99,32004
37.995,31996
38.0,32032
38.005,32057
38.01,32168
38.015,32129
38.02,32163
38.025,32198
38.03,32285
38.035,32345
38.04,32434
38.045,32463
38.05,32495
38.055,32627
38.06,32758
38.065,32855
38.07,32896
38.075,33021
38.08,33158
38.085,33230
38.09,33300
38.095,33451
38.1,33515
38.105,33612
38.11,33692
38.115,33688
38.12,33694
38.125,33720
38.13,34091
38.135,34041
38.14,34025
38.145,33928
38.15,33899
38.155,33776
38.16,33683
38.165,33613
38.17,33513
38.175,33411
38.18,33326
38.185,33268
38.19,33123
38.195,33006
38.2,33016
38.205,33010
38.21,32932
38.215,32812
38.22,32846
38.225,32855
38.23,32843
38.235,32883
38.24,32862
38.245,32753
38.25,32907
38.255,32895
38.26,32932
38.265,32950
38.27,33016
38.275,33101
38.28,33207
38.285,33261
38.29,33294
38.295,33364
38.3,33350
38.305,33375
38.31,33512
38.315,33490
38.32,33485
38.325,33543
38.33,33499
38.335,33587
38.34,33477
38.345,33493
38.35,33487
38.355,33460
38.36,33389
38.365,33426
38.37,33373
38.375,33302
38.38,33266
38.385,33169
38.39,33160
38.395,33040
38.4,32957
38.405,32923
38.41,32856
38.415,32811
38.42,32759
38.425,32734
38.43,32563
38.435,32495
38.44,32509
38.445,32495
38.45,32437
38.455,32350
38.46,32304
38.465,32264
38.47,32305
38.475,32201
38.48,32192
38.485,32110
38.49,32165
38.495,32106
38.5,32084
38.505,32067
38.51,32059
38.515,32150
38.52,32063
38.525,32056
38.53,31996
38.535,31965
38.54,31932
38.545,31984
38.55,32006
38.555,32004
38.56,31939
38.565,32013
38.57,31965
38.575,32024
38.58,31971
38.585,31980
38.59,31949
38.595,31949
38.6,31973
38.605,31991
38.61,31995
38.615,31941
38.62,31920
38.625,31979
38.63,32008
38.635,31942
38.64,31943
38.645,31941
38.65,31968
38.655,31989
38.66,31919
38.665,31967
38.67,32002
38.675,31970
38.68,31919
38.685,31893
38.69,31946
38.695,31992
38.7,31971
38.705,31993
38.71,31926
38.715,31940
38.72,31908
38.725,31955
38.73,31927
38.735,31905
38.74,31918
38.745,31951
38.75,31962
38.755,31958
38.76,32013
38.765,31955
38.77,31895
38.775,31967
38.78,31898
38.785,31890
38.79,31958
38.795,31914
38.8,31940
38.805,31927
38.81,31947
38.815,31902
38.82,32010
38.825,32039
38.83,32007
38.835,32087
38.84,32104
38.845,32153
38.85,32207
38.855,32161
38.86,32293
38.865,32324
38.87,32431
38.875,32476
38.88,32648
38.885,32729
38.89,32769
38.895,32889
38.9,32988
38.905,33063
38.91,33193
38.915,33225
38.92,33304
38.925,33481
38.93,33528
38.935,33562
38.94,33601
38.945,33604
38.95,33662
38.955,33929
38.96,33974
38.965,33940
38.97,33852
38.975,33847
38.98,33760
38.985,33654
38.99,33527
38.995,33435
39.0,33327
39.005,33195
39.01,33173
39.015,33112
39.02,32952
39.025,32948
39.03,32866
39.035,32828
39.04,32811
39.045,32790
39.05,32716
39.055,32761
39.06,32723
39.065,32659
39.07,32847
39.075,32805
39.08,32828
39.085,32930
39.09,32944
39.095,32957
39.1,33036
39.105,33093
39.11,33126
39.115,33099
39.12,33240
39.125,33246
39.13,33285
39.135,33361
39.14,33469
39.145,33374
39.15,33447
39.155,33394
39.16,33394
39.165,33436
39.17,33472
39.175,33431
39.18,33406
39.185,33408
39.19,33343
39.195,33260
39.2,33197
39.205,33166
39.21,33132
39.215,33047
39.22,32986
39.225,32910
39.23,32835
39.235,32755
39.24,32704
39.245,32732
39.25,32644
39.255,32595
39.26,32491
39.265,32427
39.27,32408
39.275,32316
39.28,32326
39.285,32247
39.29,32232
39.295,32140
39.3,32202
39.305,32115
39.31,32105
39.315,32031
39.32,32012
39.325,32044
39.33,31943
39.335,32033
39.34,31954
39.345,32000
39.35,31932
39.355,31946
39.36,31943
39.365,31967
39.37,31897
39.375,31943
39.38,31930
39.385,31943
39.39,31882
39.395,31909
39.4,31879
39.405,31890
39.41,31940
39.415,31942
39.42,31863
39.425,31889
39.43,31891
39.435,31857
39.44,31875
39.445,31849
39.45,31906
39.455,31850
39.46,31934
39.465,31811
39.47,31901
39.475,31900
39.48,31853
39.485,31814
39.49,31880
39.495,31828
39.5,31911
39.505,31874
39.51,31868
39.515,31871
39.52,31893
39.525,31864
39.53,31884
39.535,31876
39.54,31844
39.545,31902
39.55,31920
39.555,31903
39.56,31869
39.565,31891
39.57,31832
39.575,31845
39.58,31850
39.585,31869
39.59,31932
39.595,31887
39.6,31911
39.605,31903
39.61,31960
39.615,31958
39.62,32089
39.625,32098
39.63,32190
39.635,32267
39.64,32303
39.645,32375
39.65,32452
39.655,32523
39.66,32557
39.665,32743
39.67,32817
39.675,32913
39.68,33034
39.685,33157
39.69,33281
39.695,33312
39.7,33384
39.705,33538
39.71,33576
39.715,33627
39.72,33614
39.725,33907
39.73,33959
39.735,33927
39.74,33818
39.745,33796
39.75,33750
39.755,33719
39.76,33585
39.765,33468
39.77,33344
39.775,33239
39.78,33158
39.785,33046
39.79,33009
39.795,32915
39.8,32834
39.805,32749
39.81,32743
39.815,32692
39.82,32694
39.825,32634
39.83,32689
39.835,32668
39.84,32758
39.845,32687
39.85,32817
39.855,32889
39.86,32828
39.865,32950
39.87,32968
39.875,32936
39.88,33013
39.885,33122
39.89,33147
39.895,33216
39.9,33245
39.905,33323
39.91,33298
39.915,33298
39.92,33335
39.925,33375
39.93,33353
39.935,33386
39.94,33374
39.945,33357
39.95,33346
39.955,33306
39.96,33321
39.965,33249
39.97,33227
39.975,33097
39.98,33094
39.985,33017
39.99,32902
39.995,32981
40.0,32795
40.005,32806
40.01,32737
40.015,32687
40.02,32566
40.025,32428
40.03,32482
40.035,32399
40.04,32372
40.045,32292
40.05,32296
40.055,32224
40.06,32152
40.065,32213
40.07,32072
40.075,31984
40.08,32038
40.085,32026
40.09,32007
40.095,31948
40.1,31949
40.105,31904
40.11,31906
40.115,31933
40.12,31880
40.125,31915
40.13,31873
40.135,31878
40.14,31858
40.145,31905
40.15,31863
40.155,31827
40.16,31856
40.165,31891
40.17,31855
40.175,31805
40.18,31813
40.185,31801
40.19,31884
40.195,31840
40.2,31863
40.205,31859
40.21,31816
40.215,31866
40.22,31821
40.225,31835
40.23,31749
40.235,31816
40.24,31803
40.245,31789
40.25,31822
40.255,31768
40.26,31802
40.265,31719
40.27,31801
40.275,31782
40.28,31868
40.285,31811
40.29,31824
40.295,31697
40.3,31785
40.305,31757
40.31,31845
40.315,31831
40.32,31800
40.325,31800
40.33,31797
40.335,31790
40.34,31814
40.345,31811
40.35,31783
40.355,31762
40.36,31845
40.365,31771
40.37,31760
40.375,31869
40.38,31791
40.385,31782
40.39,31741
40.395,31755
40.4,31845
40.405,31790
40.41,31850
40.415,31780
40.42,31860
40.425,31851
40.43,31851
40.435,31825
40.44,31966
40.445,31957
40.45,31992
40.455,32072
40.46,32059
40.465,32209
40.47,32257
40.475,32326
40.48,32413
40.485,32460
40.49,32576
40.495,32700
40.5,32771
40.505,32913
40.51,33000
40.515,33125
40.52,33119
40.525,33319
40.53,33327
40.535,33386
40.54,33458
40.545,33559
40.55,33549
40.555,33876
40.56,33885
40.565,33856
40.57,33812
40.575,33745
40.58,33650
40.585,33576
40.59,33419
40.595,33368
40.6,33198
40.605,33177
40.61,33090
40.615,32969
40.62,32894
40.625,32876
40.63,32760
40.635,32717
40.64,32740
40.645,32650
40.65,32649
40.655,32621
40.66,32624
40.665,32653
40.67,32623
40.675,32684
40.68,32673
40.685,32715
40.69,32796
40.695,32799
40.7,32779
40.705,32916
40.71,33023
40.715,32993
40.72,33101
40.725,33114
40.73,33118
40.735,33200
40.74,33164
40.745,33317
40.75,33283
40.755,33326
40.76,33321
40.765,33269
40.77,33301
40.775,33343
40.78,33308
40.785,33237
40.79,33190
40.795,33171
40.8,33081
40.805,33084
40.81,32961
40.815,32933
40.82,32928
40.825,32833
40.83,32744
40.835,32707
40.84,32627
40.845,32580
40.85,32546
40.855,32442
40.86,32326
40.865,32345
40.87,32248
40.875,32267
40.88,32214
40.885,32134
40.89,32111
40.895,32006
40.9,31962
40.905,31981
40.91,31978
40.915,31990
40.92,31896
40.925,31868
40.93,31853
40.935,31842
40.94,31862
40.945,31793
40.95,31861
40.955,31778
40.96,31898
40.965,31806
40.97,31808
40.975,31741
40.98,31806
40.985,31724
40.99,31818
40.995,31762
41.0,31791
41.005,31798
41.01,31811
41.015,31823
41.02,31813
41.025,31798
41.03,31748
41.035,31728
41.04,31793
41.045,31777
41.05,31745
41.055,31760
41.06,31794
41.065,31791
41.07,31736
41.075,31710
41.08,31687
41.085,31737
41.09,31741
41.095,31704
41.1,31787
41.105,31816
41.11,31720
41.115,31772
41.12,31741
41.125,31764
41.13,31749
41.135,31739
41.14,31774
41.145,31764
41.15,31723
41.155,31754
41.16,31715
41.165,31733
41.17,31755
41.175,31749
41.18,31677
41.185,31751
41.19,31687
41.195,31736
41.2,31753
41.205,31674
41.21,31688
41.215,31754
41.22,31735
41.225,31650
41.23,31756
41.235,31700
41.24,31680
41.245,31731
41.25,31699
41.255,31724
41.26,31732
41.265,31811
41.27,31761
41.275,31741
41.28,31740
41.285,31756
41.29,31771
41.295,31743
41.3,31799
41.305,31775
41.31,31803
41.315,31848
41.32,31921
41.325,31955
41.33,31868
41.335,32038
41.34,32060
41.345,32131
41.35,32258
41.355,32266
41.36,32347
41.365,32412
41.37,32543
41.375,32720
41.38,32769
41.385,32868
41.39,33022
41.395,33071
41.4,33171
41.405,33251
41.41,33363
41.415,33380
41.42,33428
41.425,33464
41.43,33736
41.435,33779
41.44,33694
41.445,33670
41.45,33637
41.455,33586
41.46,33492
41.465,33450
41.47,33322
41.475,33242
41.48,33108
41.485,33008
41.49,33000
41.495,32799
41.5,32823
41.505,32689
41.51,32683
41.515,32569
41.52,32598
41.525,32569
41.53,32472
41.535,32522
41.54,32576
41.545,32607
41.55,32608
41.555,32610
41.56,32667
41.565,32667
41.57,32726
41.575,32820
41.58,32864
41.585,32942
41.59,32976
41.595,33041
41.6,33065
41.605,33135
41.61,33241
41.615,33154
41.62,33223
41.625,33225
41.63,33275
41.635,33283
41.64,33239
41.645,33267
41.65,33256
41.655,33224
41.66,33211
41.665,33214
41.67,33146
41.675,33069
41.68,33035
41.685,33041
41.69,32890
41.695,32889
41.7,32762
41.705,32664
41.71,32630
41.715,32601
41.72,32515
41.725,32435
41.73,32371
41.735,32305
41.74,32245
41.745,32207
41.75,32090
41.755,32146
41.76,32097
41.765,32050
41.77,32042
41.775,31955
41.78,31945
41.785,31826
41.79,31900
41.795,31857
41.8,31873
41.805,31865
41.81,31813
41.815,31762
41.82,31807
41.825,31815
41.83,31808
41.835,31750
41.84,31729
41.845,31746
41.85,31714
41.855,31670
41.86,31756
41.865,31755
41.87,31759
41.875,31703
41.88,31730
41.885,31686
41.89,31674
41.895,31741
41.9,31658
41.905,31709
41.91,31803
41.915,31761
41.92,31740
41.925,31737
41.93,31707
41.935,31691
41.94,31782
41.945,31703
41.95,31688
41.955,31731
41.96,31704
41.965,31751
41.97,31682
41.975,31674
41.98,31687
41.985,31757
41.99,31733
41.995,31708
42.0,31701
42.005,31709
42.01,31661
42.015,31712
42.02,31676
42.025,31701
42.03,31692
42.035,31701
42.04,31673
42.045,31722
42.05,31700
42.055,31660
42.06,31701
42.065,31673
42.07,31698
42.075,31713
42.08,31666
42.085,31681
42.09,31684
42.095,31683
42.1,31753
42.105,31694
42.11,31642
42.115,31688
42.12,31667
42.125,31775
42.13,31671
42.135,31660
42.14,31733
42.145,31699
42.15,31717
42.155,31738
42.16,31743
42.165,31777
42.17,31744
42.175,31855
42.18,31923
42.185,32016
42.19,32009
42.195,32101
42.2,32118
42.205,32275
42.21,32358
42.215,32385
42.22,32461
42.225,32579
42.23,32739
42.235,32748
42.24,32943
42.245,32965
42.25,33068
42.255,33195
42.26,33287
42.265,33364
42.27,33432
42.275,33378
42.28,33440
42.285,33789
42.29,33753
42.295,33749
42.3,33661
42.305,33586
42.31,33443
42.315,33372
42.32,33376
42.325,33213
42.33,33167
42.335,33084
42.34,32963
42.345,32915
42.35,32776
42.355,32747
42.36,32658
42.365,32558
42.37,32498
42.375,32531
42.38,32576
42.385,32551
42.39,32529
42.395,32552
42.4,32576
42.405,32564
42.41,32654
42.415,32657
42.42,32676
42.425,32880
42.43,32818
42.435,32843
42.44,32927
42.445,32909
42.45,32959
42.455,33118
42.46,33115
42.465,33094
42.47,33108
42.475,33189
42.48,33177
42.485,33275
42.49,33166
42.495,33277
42.5,33189
42.505,33164
42.51,33187
42.515,33111
42.52,33098
42.525,33057
42.53,32942
42.535,32933
42.54,32931
42.545,32785
42.55,32747
42.555,32699
42.56,32699
42.565,32633
42.57,32588
42.575,32436
42.58,32437
42.585,32355
42.59,32242
42.595,32251
42.6,32179
42.605,32106
42.61,32045
42.615,31983
42.62,32020
42.625,31982
42.63,31923
42.635,31890
42.64,31856
42.645,31881
42.65,31840
42.655,31750
42.66,31801
42.665,31800
42.67,31749
42.675,31743
42.68,31729
42.685,31765
42.69,31721
42.695,31728
42.7,31727
42.705,31774
42.71,31661
42.715,31795
42.72,31665
42.725,31697
42.73,31674
42.735,31705
42.74,31718
42.745,31780
42.75,31738
42.755,31669
42.76,31700
42.765,31695
42.77,31665
42.775,31709
42.78,31696
42.785,31669
42.79,31659
42.795,31708
42.8,31677
42.805,31723
42.81,31710
42.815,31634
42.82,31601
42.825,31677
42.83,31650
42.835,31636
42.84,31646
42.845,31724
42.85,31662
42.855,31738
42.86,31697
42.865,31605
42.87,31683
42.875,31719
42.88,31601
42.885,31618
42.89,31659
42.895,31642
42.9,31722
42.905,31629
42.91,31721
42.915,31608
42.92,31627
42.925,31669
42.93,31675
42.935,31661
42.94,31713
42.945,31720
42.95,31725
42.955,31650
42.96,31684
42.965,31643
42.97,31704
42.975,31569
42.98,31630
42.985,31646
42.99,31638
42.995,31715
43.0,31611
43.005,31636
43.01,31628
43.015,31678
43.02,31657
43.025,31737
43.03,31752
43.035,31664
43.04,31688
43.045,31825
43.05,31846
43.055,31817
43.06,31922
43.065,31904
43.07,32043
43.075,32039
43.08,32145
43.085,32273
43.09,32352
43.095,32488
43.1,32569
43.105,32607
43.11,32777
43.115,32834
43.12,33029
43.125,33131
43.13,33204
43.135,33320
43.14,33335
43.145,33411
43.15,33428
43.155,33446
43.16,33770
43.165,33731
43.17,33751
43.175,33597
43.18,33516
43.185,33471
43.19,33472
43.195,33315
43.2,33200
43.205,33102
43.21,33054
43.215,32942
43.22,32900
43.225,32764
43.23,32736
43.235,32609
43.24,32607
43.245,32656
43.25,32509
43.255,32493
43.26,32524
43.265,32456
43.27,32486
43.275,32504
43.28,32561
43.285,32538
43.29,32680
43.295,32679
43.3,32730
43.305,32769
43.31,32826
43.315,32797
43.32,32979
43.325,32951
43.33,33060
43.335,33069
43.34,33106
43.345,33165
43.35,33235
43.355,33192
43.36,33188
43.365,33233
43.37,33126
43.375,33176
43.38,33155
43.385,33155
43.39,33089
43.395,33132
43.4,33048
43.405,33016
43.41,32959
43.415,32891
43.42,32818
43.425,32826
43.43,32745
43.435,32704
43.44,32578
43.445,32529
43.45,32468
43.455,32380
43.46,32330
43.465,32214
43.47,32174
43.475,32131
43.48,32074
43.485,32085
43.49,32040
43.495,32002
43.5,31942
43.505,31956
43.51,31923
43.515,31884
43.52,31828
43.525,31875
43.53,31758
43.535,31725
43.54,31723
43.545,31801
43.55,31750
43.555,31716
43.56,31646
43.565,31714
43.57,31680
43.575,31636
43.58,31746
43.585,31704
43.59,31749
43.595,31695
43.6,31714
43.605,31666
43.61,31711
43.615,31672
43.62,31707
43.625,31691
43.63,31642
43.635,31681
43.64,31685
43.645,31652
43.65,31672
43.655,31709
43.66,31719
43.665,31675
43.67,31590
43.675,31698
43.68,31736
43.685,31660
43.69,31637
43.695,31678
43.7,31673
43.705,31697
43.71,31641
43.715,31726
43.72,31695
43.725,31625
43.73,31698
43.735,31655
43.74,31684
43.745,31671
43.75,31659
43.755,31668
43.76,31640
43.765,31628
43.77,31645
43.775,31643
43.78,31667
43.785,31659
43.79,31593
43.795,31681
43.8,31649
43.805,31681
43.81,31675
43.815,31661
43.82,31672
43.825,31601
43.83,31711
43.835,31728
43.84,31685
43.845,31649
43.85,31701
43.855,31673
43.86,31756
43.865,31697
43.87,31691
43.875,31727
43.88,31759
43.885,31846
43.89,31859
43.895,31919
43.9,31952
43.905,32074
43.91,32098
43.915,32183
43.92,32317
43.925,32364
43.93,32433
43.935,32545
43.94,32669
43.945,32750
43.95,32815
43.955,32989
43.96,32993
43.965,33059
43.97,33183
43.975,33219
43.98,33336
43.985,33384
43.99,33398
43.995,33717
44.0,33686
44.005,33727
44.01,33578
44.015,33615
44.02,33527
44.025,33433
44.03,33363
44.035,33197
44.04,33192
44.045,33079
44.05,33007
44.055,32804
44.06,32804
44.065,32715
44.07,32572
44.075,32588
44.08,32557
44.085,32494
44.09,32514
44.095,32510
44.1,32473
44.105,32486
44.11,32544
44.115,32508
44.12,32595
44.125,32664
44.13,32660
44.135,32723
44.14,32762
44.145,32843
44.15,32813
44.155,32858
44.16,32939
44.165,32996
44.17,33098
44.175,33153
44.18,33160
44.185,33213
44.19,33176
44.195,33188
44.2,33160
44.205,33259
44.21,33230
44.215,33196
44.22,33128
44.225,33112
44.23,33131
44.235,33072
44.24,33066
44.245,32982
44.25,32894
44.255,32818
44.26,32798
44.265,32793
44.27,32741
44.275,32577
44.28,32557
44.285,32448
44.29,32420
44.295,32248
44.3,32268
44.305,32169
44.31,32233
44.315,32117
44.32,32101
44.325,32042
44.33,31953
44.335,31987
44.34,31970
44.345,31909
44.35,31894
44.355,31890
44.36,31849
44.365,31805
44.37,31734
44.375,31748
44.38,31738
44.385,31782
44.39,31793
44.395,31737
44.4,31765
44.405,31637
44.41,31728
44.415,31671
44.42,31743
44.425,31751
44.43,31743
44.435,31729
44.44,31739
44.445,31761
44.45,31676
44.455,31749
44.46,31680
44.465,31641
44.47,31710
44.475,31715
44.48,31698
44.485,31662
44.49,31706
44.495,31675
44.5,31771
44.505,31694
44.51,31695
44.515,31661
44.52,31700
44.525,31738
44.53,31651
44.535,31663
44.54,31607
44.545,31672
44.55,31731
44.555,31629
44.56,31657
44.565,31643
44.57,31659
44.575,31641
44.58,31655
44.585,31627
44.59,31674
44.595,31700
44.6,31692
44.605,31597
44.61,31711
44.615,31688
44.62,31703
44.625,31630
44.63,31639
44.635,31685
44.64,31723
44.645,31625
44.65,31669
44.655,31675
44.66,31647
44.665,31672
44.67,31642
44.675,31707
44.68,31605
44.685,31677
44.69,31651
44.695,31672
44.7,31648
44.705,31581
44.71,31754
44.715,31740
44.72,31746
44.725,31751
44.73,31790
44.735,31799
44.74,31851
44.745,31941
44.75,31920
44.755,31969
44.76,32133
44.765,32123
44.77,32230
44.775,32272
44.78,32395
44.785,32498
44.79,32584
44.795,32652
44.8,32761
44.805,32903
44.81,33068
44.815,33035
44.82,33182
44.825,33279
44.83,33306
44.835,33385
44.84,33406
44.845,33456
44.85,33809
44.855,33717
44.86,33703
44.865,33657
44.87,33582
44.875,33501
44.88,33339
44.885,33328
44.89,33191
44.895,33117
44.9,33053
44.905,32966
44.91,32843
44.915,32762
44.92,32698
44.925,32609
44.93,32652
44.935,32619
44.94,32522
44.945,32568
44.95,32532
44.955,32470
44.96,32554
44.965,32567
44.97,32579
44.975,32557
44.98,32630
44.985,32615
44.99,32746
44.995,32789
45.0,32813
45.005,32861
45.01,33006
45.015,32954
45.02,33081
45.025,33102
45.03,33181
45.035,33112
45.04,33201
45.045,33261
45.05,33224
45.055,33185
45.06,33165
45.065,33200
45.07,33245
45.075,33239
45.08,33156
45.085,33149
45.09,33110
45.095,33047
45.1,32942
45.105,32941
45.11,32819
45.115,32797
45.12,32757
45.125,32702
45.13,32594
45.135,32573
45.14,32524
45.145,32441
45.15,32345
45.155,32300
45.16,32235
45.165,32184
45.17,32160
45.175,32127
45.18,32047
45.185,32035
45.19,31982
45.195,31947
45.2,31878
45.205,31901
45.21,31860
45.215,31854
45.22,31862
45.225,31837
45.23,31822
45.235,31766
45.24,31717
45.245,31751
45.25,31756
45.255,31757
45.26,31793
45.265,31750
45.27,31786
45.275,31717
45.28,31690
45.285,31756
45.29,31683
45.295,31665
45.3,31699
45.305,31729
45.31,31755
45.315,31715
45.32,31745
45.325,31711
45.33,31653
45.335,31670
45.34,31649
45.345,31700
45.35,31632
45.355,31655
45.36,31675
45.365,31735
45.37,31722
45.375,31688
45.38,31708
45.385,31691
45.39,31796
45.395,31639
45.4,31625
45.405,31628
45.41,31645
45.415,31683
45.42,31727
45.425,31685
45.43,31683
45.435,31686
45.44,31698
45.445,31658
45.45,31712
45.455,31687
45.46,31697
45.465,31707
45.47,31707
45.475,31714
45.48,31655
45.485,31702
45.49,31630
45.495,31610
45.5,31670
45.505,31698
45.51,31700
45.515,31695
45.52,31712
45.525,31619
45.53,31662
45.535,31673
45.54,31653
45.545,31694
45.55,31703
45.555,31695
45.56,31690
45.565,31770
45.57,31694
45.575,31697
45.58,31746
45.585,31775
45.59,31689
45.595,31700
45.6,31799
45.605,31811
45.61,31827
45.615,31818
45.62,31886
45.625,31824
45.63,31883
45.635,32035
45.64,32001
45.645,32112
45.65,32220
45.655,32297
45.66,32342
45.665,32459
45.67,32605
45.675,32676
45.68,32857
45.685,32901
45.69,33073
45.695,33106
45.7,33239
45.705,33291
45.71,33345
45.715,33348
45.72,33454
45.725,33457
45.73,33794
45.735,33745
45.74,33698
45.745,33649
45.75,33618
45.755,33580
45.76,33453
45.765,33337
45.77,33252
45.775,33145
45.78,33032
45.785,32983
45.79,32885
45.795,32814
45.8,32820
45.805,32724
45.81,32689
45.815,32597
45.82,32575
45.825,32518
45.83,32475
45.835,32483
45.84,32537
45.845,32587
45.85,32677
45.855,32631
45.86,32620
45.865,32707
45.87,32787
45.875,32780
45.88,32857
45.885,32945
45.89,32984
45.895,33046
45.9,33081
45.905,33123
45.91,33211
45.915,33229
45.92,33235
45.925,33267
45.93,33261
45.935,33269
45.94,33285
45.945,33271
45.95,33339
45.955,33236
45.96,33213
45.965,33238
45.97,33089
45.975,33078
45.98,33067
45.985,32974
45.99,32906
45.995,32816
46.0,32782
46.005,32691
46.01,32688
46.015,32606
46.02,32512
46.025,32500
46.03,32363
46.035,32310
46.04,32311
46.045,32242
46.05,32143
46.055,32111
46.06,32086
46.065,32033
46.07,32027
46.075,31983
46.08,31975
46.085,31929
46.09,31921
46.095,31872
46.1,31882
46.105,31865
46.11,31863
46.115,31839
46.12,31802
46.125,31804
46.13,31844
46.135,31783
46.14,31788
46.145,31836
46.15,31799
46.155,31797
46.16,31739
46.165,31736
46.17,31775
46.175,31837
46.18,31698
46.185,31700
46.19,31777
46.195,31765
46.2,31721
46.205,31785
46.21,31759
46.215,31735
46.22,31747
46.225,31731
46.23,31759
46.235,31723
46.24,31707
46.245,31721
46.25,31758
46.255,31784
46.26,31722
46.265,31708
46.27,31753
46.275,31780
46.28,31728
46.285,31793
46.29,31713
46.295,31789
46.3,31763
46.305,31679
46.31,31756
46.315,31729
46.32,31730
46.325,31711
46.33,31736
46.335,31712
46.34,31739
46.345,31771
46.35,31781
46.355,31772
46.36,31763
46.365,31747
46.37,31725
46.375,31693
46.38,31766
46.385,31715
46.39,31737
46.395,31683
46.4,31745
46.405,31777
46.41,31726
46.415,31761
46.42,31724
46.425,31735
46.43,31713
46.435,31638
46.44,31744
46.445,31750
46.45,31755
46.455,31797
46.46,31774
46.465,31763
46.47,31732
46.475,31865
46.48,31728
46.485,31776
46.49,31790
46.495,31867
46.5,31868
46.505,31908
46.51,31834
46.515,31923
46.52,32029
46.525,32036
46.53,32078
46.535,32204
46.54,32260
46.545,32370
46.55,32479
46.555,32534
46.56,32672
46.565,32829
46.57,32880
46.575,32988
46.58,33077
46.585,33204
46.59,33297
46.595,33323
46.6,33421
46.605,33522
46.61,33439
46.615,33546
46.62,33862
46.625,33754
46.63,33712
46.635,33696
46.64,33698
46.645,33551
46.65,33489
46.655,33400
46.66,33298
46.665,33274
46.67,33120
46.675,32978
46.68,32943
46.685,32877
46.69,32748
46.695,32732
46.7,32656
46.705,32593
46.71,32580
46.715,32625
46.72,32586
46.725,32539
46.73,32637
46.735,32624
46.74,32562
46.745,32665
46.75,32663
46.755,32771
46.76,32940
46.765,32967
46.77,32959
46.775,32973
46.78,33014
46.785,33079
46.79,33160
46.795,33239
46.8,33234
46.805,33309
46.81,33286
46.815,33237
46.82,33334
46.825,33364
46.83,33346
46.835,33354
46.84,33266
46.845,33264
46.85,33243
46.855,33217
46.86,33181
46.865,33147
46.87,33044
46.875,32964
46.88,32925
46.885,32871
46.89,32798
46.895,32716
46.9,32714
46.905,32653
46.91,32590
46.915,32521
46.92,32453
46.925,32360
46.93,32308
46.935,32281
46.94,32158
46.945,32187
46.95,32067
46.955,32164
46.96,32087
46.965,32011
46.97,32005
46.975,31962
46.98,32012
46.985,31978
46.99,31924
46.995,31888
47.0,31913
47.005,31890
47.01,31870
47.015,31844
47.02,31801
47.025,31801
47.03,31818
47.035,31781
47.04,31801
47.045,31894
47.05,31829
47.055,31850
47.06,31802
47.065,31869
47.07,31824
47.075,31846
47.08,31856
47.085,31831
47.09,31883
47.095,31781
47.1,31801
47.105,31829
47.11,31808
47.115,31826
47.12,31886
47.125,31798
47.13,31817
47.135,31789
47.14,31778
47.145,31738
47.15,31822
47.155,31854
47.16,31805
47.165,31846
47.17,31756
47.175,31796
47.18,31796
47.185,31827
47.19,31803
47.195,31819
47.2,31852
47.205,31761
47.21,31795
47.215,31813
47.22,31776
47.225,31813
47.23,31739
47.235,31766
47.24,31794
47.245,31742
47.25,31885
47.255,31880
47.26,31864
47.265,31857
47.27,31870
47.275,31841
47.28,31859
47.285,31815
47.29,31945
47.295,31935
47.3,31907
47.305,31990
47.31,32086
47.315,32067
47.32,32169
47.325,32182
47.33,32321
47.335,32422
47.34,32433
47.345,32590
47.35,32736
47.355,32814
47.36,32987
47.365,33072
47.37,33185
47.375,33199
47.38,33299
47.385,33424
47.39,33498
47.395,33483
47.4,33533
47.405,33529
47.41,33875
47.415,33891
47.42,33896
47.425,33818
47.43,33769
47.435,33668
47.44,33602
47.445,33529
47.45,33369
47.455,33340
47.46,33231
47.465,33152
47.47,33044
47.475,32923
47.48,32858
47.485,32810
47.49,32666
47.495,32684
47.5,32660
47.505,32642
47.51,32616
47.515,32614
47.52,32653
47.525,32660
47.53,32756
47.535,32744
47.54,32783
47.545,32860
47.55,32877
47.555,32931
47.56,33026
47.565,33073
47.57,33084
47.575,33097
47.58,33170
47.585,33255
47.59,33219
47.595,33300
47.6,33338
47.605,33310
47.61,33420
47.615,33378
47.62,33334
47.625,33346
47.63,33382
47.635,33393
47.64,33327
47.645,33289
47.65,33234
47.655,33251
47.66,33188
47.665,33031
47.67,33029
47.675,32987
47.68,32896
47.685,32854
47.69,32796
47.695,32677
47.7,32689
47.705,32587
47.71,32558
47.715,32472
47.72,32404
47.725,32402
47.73,32318
47.735,32314
47.74,32238
47.745,32253
47.75,32114
47.755,32112
47.76,32053
47.765,32015
47.77,32036
47.775,31957
47.78,31987
47.785,32020
47.79,31979
47.795,31929
47.8,31929
47.805,31953
47.81,31975
47.815,31905
47.82,31912
47.825,31920
47.83,31892
47.835,31907
47.84,31901
47.845,31935
47.85,31866
47.855,31888
47.86,31895
47.865,31856
47.87,31869
47.875,31878
47.88,31827
47.885,31860
47.89,31837
47.895,31857
47.9,31851
47.905,31856
47.91,31897
47.915,31915
47.92,31900
47.925,31843
47.93,31881
47.935,31825
47.94,31888
47.945,31894
47.95,31856
47.955,31869
47.96,31895
47.965,31891
47.97,31846
47.975,31840
47.98,31806
47.985,31852
47.99,31843
47.995,31863
48.0,31882
48.005,31814
48.01,31836
48.015,31850
48.02,31806
48.025,31854
48.03,31843
48.035,31873
48.04,31884
48.045,31885
48.05,31852
48.055,31869
48.06,31869
48.065,31899
48.07,31801
48.075,31858
48.08,31843
48.085,31877
48.09,31914
48.095,31893
48.1,31899
48.105,31881
48.11,31931
48.115,31946
48.12,31925
48.125,32008
48.13,32002
48.135,31983
48.14,32094
48.145,32170
48.15,32227
48.155,32283
48.16,32351
48.165,32458
48.17,32544
48.175,32557
48.18,32696
48.185,32829
48.19,32899
48.195,33038
48.2,33150
48.205,33223
48.21,33300
48.215,33460
48.22,33447
48.225,33536
48.23,33659
48.235,33644
48.24,33659
48.245,33959
48.25,33979
48.255,34001
48.26,33859
48.265,33775
48.27,33748
48.275,33689
48.28,33544
48.285,33408
48.29,33353
48.295,33218
48.3,33188
48.305,33061
48.31,33008
48.315,32923
48.32,32888
48.325,32740
48.33,32783
48.335,32751
48.34,32739
48.345,32673
48.35,32775
48.355,32720
48.36,32781
48.365,32778
48.37,32826
48.375,32860
48.38,32866
48.385,32950
48.39,33071
48.395,33039
48.4,33137
48.405,33124
48.41,33273
48.415,33234
48.42,33285
48.425,33358
48.43,33415
48.435,33378
48.44,33440
48.445,33475
48.45,33462
48.455,33433
48.46,33466
48.465,33472
48.47,33490
48.475,33424
48.48,33282
48.485,33344
48.49,33286
48.495,33208
48.5,33164
48.505,33119
48.51,33009
48.515,32911
48.52,32879
48.525,32847
48.53,32739
48.535,32673
48.54,32589
48.545,32592
48.55,32479
48.555,32455
48.56,32385
48.565,32408
48.57,32353
48.575,32357
48.58,32214
48.585,32170
48.59,32182
48.595,32097
48.6,32102
48.605,32121
48.61,32079
48.615,32090
48.62,32019
48.625,32015
48.63,32015
48.635,32039
48.64,32040
48.645,32036
48.65,31991
48.655,31957
48.66,31963
48.665,31974
48.67,31916
48.675,31935
48.68,31904
48.685,31973
48.69,31969
48.695,31927
48.7,31991
48.705,31960
48.71,31951
48.715,31978
48.72,31965
48.725,31916
48.73,31928
48.735,31901
48.74,31972
48.745,31946
48.75,31981
48.755,31924
48.76,31906
48.765,31986
48.77,31976
48.775,31895
48.78,31982
48.785,31920
48.79,31997
48.795,31962
48.8,31922
48.805,31935
48.81,31937
48.815,31840
48.82,31966
48.825,31931
48.83,31967
48.835,31842
48.84,31965
48.845,31941
48.85,31901
48.855,32008
48.86,31968
48.865,31906
48.87,31911
48.875,31959
48.88,32001
48.885,31956
48.89,31923
48.895,32001
48.9,31917
48.905,31984
48.91,31962
48.915,31934
48.92,31918
48.925,31920
48.93,31941
48.935,31991
48.94,31943
48.945,31918
48.95,32000
48.955,31995
48.96,31969
48.965,32020
48.97,31995
48.975,32067
48.98,32019
48.985,32020
48.99,32058
48.995,32111
49.0,32152
49.005,32174
49.01,32229
49.015,32263
49.02,32326
49.025,32479
49.03,32500
49.035,32564
49.04,32673
49.045,32772
49.05,32901
49.055,32983
49.06,33161
49.065,33196
49.07,33317
49.075,33471
49.08,33503
49.085,33622
49.09,33631
49.095,33710
49.1,33787
49.105,33691
49.11,34057
49.115,33974
49.12,33970
49.125,33892
49.13,33852
49.135,33727
49.14,33608
49.145,33610
49.15,33498
49.155,33444
49.16,33312
49.165,33218
49.17,33100
49.175,33005
49.18,32991
49.185,32888
49.19,32931
49.195,32897
49.2,32841
49.205,32852
49.21,32804
49.215,32795
49.22,32915
49.225,32847
49.23,32933
49.235,32898
49.24,32985
49.245,33049
49.25,33010
49.255,33069
49.26,33151
49.265,33217
49.27,33283
49.275,33304
49.28,33351
49.285,33382
49.29,33420
49.295,33500
49.3,33494
49.305,33492
49.31,33500
49.315,33517
49.32,33485
49.325,33537
49.33,33526
49.335,33438
49.34,33434
49.345,33401
49.35,33398
49.355,33293
49.36,33254
49.365,33171
49.37,33113
49.375,33061
49.38,33136
49.385,32995
49.39,32902
49.395,32835
49.4,32708
49.405,32666
49.41,32669
49.415,32586
49.42,32571
49.425,32482
49.43,32454
49.435,32395
49.44,32369
49.445,32326
49.45,32318
49.455,32230
49.46,32214
49.465,32173
49.47,32175
49.475,32173
49.48,32142
49.485,32056
49.49,32087
49.495,32082
49.5,32080
49.505,32060
49.51,32063
49.515,32102
49.52,32086
49.525,32111
49.53,31999
49.535,32016
49.54,32006
49.545,32084
49.55,32071
49.555,32024
49.56,32024
49.565,32051
49.57,32087
49.575,32094
49.58,32015
49.585,32069
49.59,32030
49.595,32093
49.6,32128
49.605,32054
49.61,32056
49.615,31942
49.62,32053
49.625,31971
49.63,32010
49.635,32062
49.64,31974
49.645,32114
49.65,32010
49.655,32057
49.66,32009
49.665,32053
49.67,32007
49.675,32025
49.68,31944
49.685,32061
49.69,32051
49.695,32014
49.7,32015
49.705,31986
49.71,31999
49.715,32033
49.72,32035
49.725,32051
49.73,32066
49.735,32060
49.74,32039
49.745,32037
49.75,32018
49.755,32070
49.76,32001
49.765,32001
49.77,32044
49.775,31984
49.78,32028
49.785,31991
49.79,32022
49.795,32187
49.8,32016
49.805,32125
49.81,32088
49.815,32091
49.82,32107
49.825,32216
49.83,32221
49.835,32282
49.84,32395
49.845,32349
49.85,32390
49.855,32549
49.86,32678
49.865,32726
49.87,32868
49.875,32961
49.88,33039
49.885,33075
49.89,33215
49.895,33356
49.9,33433
49.905,33508
49.91,33606
49.915,33665
49.92,33753
49.925,33760
49.93,33854
49.935,34145
49.94,34128
49.945,34031
49.95,33975
49.955,33989
49.96,33911
49.965,33917
49.97,33734
49.975,33633
49.98,33601
49.985,33403
49.99,33385
49.995,33246
50.0,33109
50.005,33068
50.01,33060
50.015,33008
50.02,32953
50.025,32894
50.03,32905
50.035,32901
50.04,32891
50.045,32955
50.05,32948
50.055,32906
50.06,32948
50.065,32977
50.07,33060
50.075,33140
50.08,33211
50.085,33214
50.09,33239
50.095,33276
50.1,33308
50.105,33478
50.11,33450
50.115,33486
50.12,33606
50.125,33549
50.13,33593
50.135,33629
50.14,33559
50.145,33580
50.15,33740
50.155,33625
50.16,33523
50.165,33546
50.17,33530
50.175,33516
50.18,33446
50.185,33358
50.19,33346
50.195,33327
50.2,33205
50.205,33123
50.21,33060
50.215,32952
50.22,33014
50.225,32917
50.23,32839
50.235,32787
50.24,32767
50.245,32652
50.25,32564
50.255,32601
50.26,32432
50.265,32458
50.27,32473
50.275,32449
50.28,32358
50.285,32327
50.29,32299
50.295,32270
50.3,32253
50.305,32288
50.31,32239
50.315,32269
50.32,32215
50.325,32171
50.33,32164
50.335,32244
50.34,32137
50.345,32190
50.35,32114
50.355,32163
50.36,32127
50.365,32121
50.37,32103
50.375,32105
50.38,32135
50.385,32177
50.39,32140
50.395,32093
50.4,32140
50.405,32032
50.41,32119
50.415,32201
50.42,32034
50.425,32107
50.43,32154
50.435,32185
50.44,32162
50.445,32101
50.45,32175
50.455,32172
50.46,32103
50.465,32118
50.47,32082
50.475,32103
50.48,32163
50.485,32071
50.49,32155
50.495,32125
50.5,32125
50.505,32090
50.51,32138
50.515,32106
50.52,32103
50.525,32052
50.53,32110
50.535,32095
50.54,32140
50.545,32113
50.55,32105
50.555,32089
50.56,32085
50.565,32081
50.57,32132
50.575,32054
50.58,32053
50.585,32115
50.59,32158
50.595,32118
50.6,32100
50.605,32182
50.61,32118
50.615,32086
50.62,32114
50.625,32146
50.63,32097
50.635,32142
50.64,32104
50.645,32126
50.65,32138
50.655,32046
50.66,32189
50.665,32178
50.67,32189
50.675,32199
50.68,32207
50.685,32293
50.69,32279
50.695,32351
50.7,32306
50.705,32493
50.71,32492
50.715,32533
50.72,32564
50.725,32654
50.73,32794
50.735,32759
50.74,33026
50.745,33060
50.75,33166
50.755,33304
50.76,33476
50.765,33515
50.77,33639
50.775,33637
50.78,33731
50.785,33842
50.79,33811
50.795,33784
50.8,34187
50.805,34186
50.81,34163
50.815,34153
50.82,34093
50.825,33984
50.83,33940
50.835,33828
50.84,33744
50.845,33609
50.85,33572
50.855,33442
50.86,33410
50.865,33231
50.87,33248
50.875,33099
50.88,33102
50.885,33001
50.89,32974
50.895,33011
50.9,32914
50.905,33006
50.91,33058
50.915,33025
50.92,32970
50.925,33082
50.93,33095
50.935,33150
50.94,33192
50.945,33283
50.95,33359
50.955,33363
50.96,33456
50.965,33439
50.97,33591
50.975,33517
50.98,33553
50.985,33615
50.99,33689
50.995,33719
51.0,33644
51.005,33719
51.01,33728
51.015,33801
51.02,33685
51.025,33625
51.03,33589
51.035,33608
51.04,33594
51.045,33538
51.05,33477
51.055,33396
51.06,33365
51.065,33307
51.07,33334
51.075,33174
51.08,33073
51.085,33031
51.09,32975
51.095,32843
51.1,32858
51.105,32806
51.11,32749
51.115,32654
51.12,32631
51.125,32604
51.13,32581
51.135,32522
51.14,32427
51.145,32466
51.15,32468
51.155,32376
51.16,32267
51.165,32370
51.17,32359
51.175,32306
51.18,32276
51.185,32320
51.19,32298
51.195,32258
51.2,32245
51.205,32251
51.21,32275
51.215,32238
51.22,32186
51.225,32203
51.23,32228
51.235,32233
51.24,32196
51.245,32242
51.25,32190
51.255,32247
51.26,32271
51.265,32239
51.27,32211
51.275,32227
51.28,32128
51.285,32257
51.29,32171
51.295,32166
51.3,32185
51.305,32164
51.31,32197
51.315,32186
51.32,32193
51.325,32237
51.33,32209
51.335,32172
51.34,32186
51.345,32162
51.35,32228
51.355,32151
51.36,32175
51.365,32249
51.37,32178
51.375,32195
51.38,32207
51.385,32129
51.39,32195
51.395,32223
51.4,32194
51.405,32209
51.41,32155
51.415,32189
51.42,32176
51.425,32188
51.43,32140
51.435,32167
51.44,32208
51.445,32169
51.45,32214
51.455,32253
51.46,32213
51.465,32213
51.47,32240
51.475,32196
51.48,32223
51.485,32219
51.49,32248
51.495,32364
51.5,32305
51.505,32368
51.51,32398
51.515,32444
51.52,32505
51.525,32572
51.53,32664
51.535,32720
51.54,32832
51.545,32906
51.55,33000
51.555,33107
51.56,33281
51.565,33286
51.57,33430
51.575,33563
51.58,33624
51.585,33660
51.59,33737
51.595,33842
51.6,33940
51.605,33964
51.61,33958
51.615,34277
51.62,34266
51.625,34237
51.63,34147
51.635,34087
51.64,34061
51.645,34048
51.65,33901
51.655,33737
51.66,33664
51.665,33604
51.67,33479
51.675,33434
51.68,33319
51.685,33243
51.69,33161
51.695,33168
51.7,33122
51.705,33093
51.71,33083
51.715,33045
51.72,33093
51.725,33026
51.73,33108
51.735,33095
51.74,33127
51.745,33161
51.75,33250
51.755,33287
51.76,33370
51.765,33354
51.77,33446
51.775,33459
51.78,33562
51.785,33641
51.79,33604
51.795,33716
51.8,33677
51.805,33793
51.81,33770
51.815,33799
51.82,33750
51.825,33846
51.83,33779
51.835,33753
51.84,33782
51.845,33692
51.85,33675
51.855,33630
51.86,33569
51.865,33583
51.87,33549
51.875,33398
51.88,33424
51.885,33344
51.89,33228
51.895,33198
51.9,33181
51.905,33025
51.91,32965
51.915,32889
51.92,32938
51.925,32846
51.93,32730
51.935,32703
51.94,32686
51.945,32611
51.95,32621
51.955,32547
51.96,32556
51.965,32495
51.97,32465
51.975,32413
51.98,32425
51.985,32424
51.99,32324
51.995,32385
52.0,32398
52.005,32375
52.01,32348
52.015,32319
52.02,32282
52.025,32282
52.03,32296
52.035,32268
52.04,32305
52.045,32281
52.05,32285
52.055,32336
52.06,32298
52.065,32314
52.07,32229
52.075,32307
52.08,32258
52.085,32340
52.09,32232
52.095,32256
52.1,32310
52.105,32352
52.11,32230
52.115,32272
52.12,32253
52.125,32334
52.13,32349
52.135,32288
52.14,32310
52.145,32256
52.15,32238
52.155,32295
52.16,32261
52.165,32302
52.17,32266
52.175,32320
52.18,32269
52.185,32273
52.19,32306
52.195,32279
52.2,32319
52.205,32251
52.21,32239
52.215,32302
52.22,32288
52.225,32250
52.23,32231
52.235,32245
52.24,32267
52.245,32259
52.25,32230
52.255,32238
52.26,32286
52.265,32305
52.27,32319
52.275,32242
52.28,32232
52.285,32290
52.29,32262
52.295,32301
52.3,32311
52.305,32271
52.31,32287
52.315,32246
52.32,32259
52.325,32351
52.33,32416
52.335,32310
52.34,32346
52.345,32412
52.35,32492
52.355,32449
52.36,32566
52.365,32672
52.37,32617
52.375,32730
52.38,32877
52.385,32982
52.39,33013
52.395,33140
52.4,33248
52.405,33277
52.41,33429
52.415,33518
52.42,33628
52.425,33740
52.43,33780
52.435,33828
52.44,33905
52.445,33954
52.45,34022
52.455,34074
52.46,34341
52.465,34310
52.47,34277
52.475,34266
52.48,34168
52.485,34096
52.49,33985
52.495,33915
52.5,33808
52.505,33764
52.51,33632
52.515,33581
52.52,33470
52.525,33387
52.53,33250
52.535,33244
52.54,33171
52.545,33201
52.55,33153
52.555,33141
52.56,33118
52.565,33177
52.57,33077
52.575,33195
52.58,33188
52.585,33205
52.59,33258
52.595,33329
52.6,33391
52.605,33472
52.61,33465
52.615,33515
52.62,33628
52.625,33681
52.63,33654
52.635,33707
52.64,33779
52.645,33790
52.65,33849
52.655,33818
52.66,33833
52.665,33966
52.67,33896
52.675,33902
52.68,33842
52.685,33781
52.69,33812
52.695,33786
52.7,33682
52.705,33630
52.71,33605
52.715,33525
52.72,33414
52.725,33428
52.73,33368
52.735,33213
52.74,33272
52.745,33105
52.75,33038
52.755,32987
52.76,32959
52.765,32899
52.77,32789
52.775,32801
52.78,32765
52.785,32681
52.79,32583
52.795,32587
52.8,32568
52.805,32588
52.81,32517
52.815,32525
52.82,32587
52.825,32468
52.83,32444
52.835,32467
52.84,32467
52.845,32459
52.85,32403
52.855,32349
52.86,32318
52.865,32349
52.87,32362
52.875,32326
52.88,32313
52.885,32349
52.89,32342
52.895,32335
52.9,32418
52.905,32385
52.91,32304
52.915,32381
52.92,32342
52.925,32317
52.93,32324
52.935,32438
52.94,32338
52.945,32309
52.95,32334
52.955,32366
52.96,32343
52.965,32330
52.97,32304
52.975,32313
52.98,32287
52.985,32336
52.99,32352
52.995,32350
53.0,32331
53.005,32380
53.01,32347
53.015,32353
53.02,32294
53.025,32318
53.03,32315
53.035,32369
53.04,32326
53.045,32324
53.05,32321
53.055,32384
53.06,32309
53.065,32301
53.07,32337
53.075,32325
53.08,32377
53.085,32369
53.09,32339
53.095,32322
53.1,32329
53.105,32376
53.11,32343
53.115,32351
53.12,32243
53.125,32289
53.13,32325
53.135,32355
53.14,32359
53.145,32343
53.15,32281
53.155,32354
53.16,32330
53.165,32292
53.17,32350
53.175,32384
53.18,32427
53.185,32473
53.19,32483
53.195,32514
53.2,32539
53.205,32606
53.21,32625
53.215,32756
53.22,32804
53.225,32922
53.23,32993
53.235,33022
53.24,33133
53.245,33239
53.25,33350
53.255,33365
53.26,33529
53.265,33735
53.27,33767
53.275,33903
53.28,33911
53.285,33941
53.29,34036
53.295,34070
53.3,34075
53.305,34470
53.31,34460
53.315,34349
53.32,34395
53.325,34295
53.33,34145
53.335,34141
53.34,34027
53.345,33920
53.35,33766
53.355,33743
53.36,33608
53.365,33612
53.37,33430
53.375,33343
53.38,33350
53.385,33241
53.39,33295
53.395,33180
53.4,33220
53.405,33151
53.41,33171
53.415,33207
53.42,33198
53.425,33277
53.43,33263
53.435,33381
53.44,33408
53.445,33368
53.45,33550
53.455,33543
53.46,33555
53.465,33648
53.47,33692
53.475,33765
53.48,33810
53.485,33862
53.49,33807
53.495,33890
53.5,33879
53.505,33860
53.51,33894
53.515,33884
53.52,33927
53.525,33887
53.53,33888
53.535,33842
53.54,33814
53.545,33784
53.55,33690
53.555,33661
53.56,33604
53.565,33531
53.57,33452
53.575,33434
53.58,33381
53.585,33360
53.59,33236
53.595,33174
53.6,33063
53.605,33040
53.61,33029
53.615,33001
53.62,32895
53.625,32888
53.63,32844
53.635,32817
53.64,32730
53.645,32646
53.65,32642
53.655,32651
53.66,32561
53.665,32557
53.67,32507
53.675,32499
53.68,32452
53.685,32531
53.69,32453
53.695,32471
53.7,32476
53.705,32439
53.71,32404
53.715,32415
53.72,32394
53.725,32432
53.73,32402
53.735,32461
53.74,32405
53.745,32434
53.75,32380
53.755,32347
53.76,32397
53.765,32443
53.77,32442
53.775,32449
53.78,32390
53.785,32390
53.79,32407
53.795,32389
53.8,32420
53.805,32430
53.81,32433
53.815,32369
53.82,32450
53.825,32328
53.83,32383
53.835,32375
53.84,32392
53.845,32383
53.85,32432
53.855,32364
53.86,32417
53.865,32349
53.87,32388
53.875,32402
53.88,32423
53.885,32345
53.89,32308
53.895,32448
53.9,32352
53.905,32375
53.91,32379
53.915,32435
53.92,32410
53.925,32427
53.93,32431
53.935,32401
53.94,32374
53.945,32430
53.95,32418
53.955,32393
53.96,32315
53.965,32360
53.97,32396
53.975,32363
53.98,32414
53.985,32476
53.99,32385
53.995,32395
54.0,32414
54.005,32448
54.01,32310
54.015,32372
54.02,32444
54.025,32397
54.03,32344
54.035,32434
54.04,32379
54.045,32474
54.05,32494
54.055,32468
54.06,32466
54.065,32559
54.07,32567
54.075,32614
54.08,32623
54.085,32687
54.09,32738
54.095,32879
54.1,32973
54.105,32992
54.11,33073
54.115,33248
54.12,33373
54.125,33454
54.13,33583
54.135,33676
54.14,33752
54.145,33834
54.15,33902
54.155,34001
54.16,34002
54.165,34166
54.17,34104
54.175,34168
54.18,34490
54.185,34450
54.19,34412
54.195,34331
54.2,34278
54.205,34243
54.21,34155
54.215,33990
54.22,33940
54.225,33783
54.23,33748
54.235,33663
54.24,33526
54.245,33549
54.25,33379
54.255,33412
54.26,33260
54.265,33308
54.27,33187
54.275,33223
54.28,33189
54.285,33253
54.29,33227
54.295,33272
54.3,33319
54.305,33312
54.31,33370
54.315,33447
54.32,33454
54.325,33555
54.33,33530
54.335,33721
54.34,33739
54.345,33696
54.35,33767
54.355,33825
54.36,33896
54.365,33934
54.37,33972
54.375,33994
54.38,33924
54.385,33975
54.39,33960
54.395,33977
54.4,33932
54.405,33848
54.41,33863
54.415,33932
54.42,33799
54.425,33792
54.43,33693
54.435,33628
54.44,33578
54.445,33506
54.45,33481
54.455,33368
54.46,33252
54.465,33286
54.47,33210
54.475,33114
54.48,33064
54.485,33039
54.49,32971
54.495,32871
54.5,32907
54.505,32906
54.51,32773
54.515,32699
54.52,32739
54.525,32719
54.53,32609
54.535,32562
54.54,32545
54.545,32556
54.55,32516
54.555,32524
54.56,32511
54.565,32455
54.57,32516
54.575,32545
54.58,32414
54.585,32472
54.59,32458
54.595,32442
54.6,32467
54.605,32423
54.61,32487
54.615,32443
54.62,32415
54.625,32465
54.63,32452
54.635,32498
54.64,32451
54.645,32430
54.65,32511
54.655,32449
54.66,32453
54.665,32491
54.67,32418
54.675,32433
54.68,32408
54.685,32505
54.69,32402
54.695,32392
54.7,32391
54.705,32496
54.71,32469
54.715,32404
54.72,32402
54.725,32511
54.73,32405
54.735,32428
54.74,32400
54.745,32515
54.75,32399
54.755,32372
54.76,32430
54.765,32433
54.77,32411
54.775,32395
54.78,32354
54.785,32388
54.79,32487
54.795,32360
54.8,32465
54.805,32501
54.81,32467
54.815,32431
54.82,32465
54.825,32464
54.83,32370
54.835,32439
54.84,32383
54.845,32344
54.85,32455
54.855,32392
54.86,32432
54.865,32377
54.87,32464
54.875,32453
54.88,32426
54.885,32411
54.89,32428
54.895,32472
54.9,32458
54.905,32464
54.91,32545
54.915,32565
54.92,32624
54.925,32659
54.93,32631
54.935,32733
54.94,32759
54.945,32812
54.95,32943
54.955,32982
54.96,33099
54.965,33167
54.97,33310
54.975,33386
54.98,33509
54.985,33645
54.99,33775
54.995,33798
55.0,33831
55.005,33929
55.01,34101
55.015,34177
55.02,34187
55.025,34236
55.03,34502
55.035,34483
55.04,34521
55.045,34458
55.05,34392
55.055,34325
55.06,34221
55.065,34074
55.07,34082
55.075,33954
55.08,33823
55.085,33737
55.09,33696
55.095,33558
55.1,33466
55.105,33454
55.11,33415
55.115,33373
55.12,33335
55.125,33293
55.13,33264
55.135,33201
55.14,33273
55.145,33274
55.15,33381
55.155,33336
55.16,33405
55.165,33467
55.17,33446
55.175,33496
55.18,33636
55.185,33687
55.19,33636
55.195,33750
55.2,33845
55.205,33813
55.21,33884
55.215,33922
55.22,33935
55.225,33953
55.23,33892
55.235,33957
55.24,33987
55.245,34001
55.25,34045
55.255,34049
55.26,33983
55.265,33906
55.27,33820
55.275,33806
55.28,33801
55.285,33702
55.29,33658
55.295,33633
55.3,33491
55.305,33434
55.31,33447
55.315,33349
55.32,33298
55.325,33211
55.33,33103
55.335,33128
55.34,33010
55.345,32989
55.35,32942
55.355,32890
55.36,32789
55.365,32808
55.37,32707
55.375,32731
55.38,32675
55.385,32716
55.39,32616
55.395,32610
55.4,32591
55.405,32510
55.41,32556
55.415,32550
55.42,32512
55.425,32524
55.43,32531
55.435,32528
55.44,32528
55.445,32540
55.45,32539
55.455,32484
55.46,32502
55.465,32486
55.47,32468
55.475,32464
55.48,32441
55.485,32485
55.49,32510
55.495,32459
55.5,32456
55.505,32439
55.51,32423
55.515,32430
55.52,32474
55.525,32407
55.53,32523
55.535,32493
55.54,32465
55.545,32441
55.55,32494
55.555,32448
55.56,32529
55.565,32454
55.57,32474
55.575,32427
55.58,32495
55.585,32473
55.59,32473
55.595,32514
55.6,32422
55.605,32387
55.61,32382
55.615,32426
55.62,32438
55.625,32437
55.63,32467
55.635,32488
55.64,32424
55.645,32494
55.65,32432
55.655,32418
55.66,32481
55.665,32489
55.67,32487
55.675,32432
55.68,32525
55.685,32500
55.69,32471
55.695,32516
55.7,32541
55.705,32558
55.71,32568
55.715,32683
55.72,32648
55.725,32727
55.73,32768
55.735,32842
55.74,32847
55.745,33054
55.75,33123
55.755,33161
55.76,33302
55.765,33368
55.77,33500
55.775,33575
55.78,33629
55.785,33766
55.79,33864
55.795,33950
55.8,33982
55.805,34113
55.81,34163
55.815,34195
55.82,34175
55.825,34591
55.83,34509
55.835,34497
55.84,34430
55.845,34348
55.85,34309
55.855,34188
55.86,34093
55.865,33971
55.87,33948
55.875,33867
55.88,33750
55.885,33650
55.89,33574
55.895,33537
55.9,33426
55.905,33387
55.91,33359
55.915,33310
55.92,33305
55.925,33307
55.93,33275
55.935,33363
55.94,33291
55.945,33342
55.95,33385
55.955,33415
55.96,33422
55.965,33511
55.97,33528
55.975,33609
55.98,33686
55.985,33747
55.99,33770
55.995,33802
56.0,33939
56.005,33899
56.01,34001
56.015,33939
56.02,33997
56.025,34059
56.03,33981
56.035,33970
56.04,34039
56.045,34046
56.05,33998
56.055,33956
56.06,33887
56.065,33876
56.07,33847
56.075,33751
56.08,33651
56.085,33688
56.09,33546
56.095,33476
56.1,33441
56.105,33430
56.11,33281
56.115,33264
56.12,33264
56.125,33152
56.13,33072
56.135,32995
56.14,32916
56.145,32969
56.15,32827
56.155,32836
56.16,32825
56.165,32734
56.17,32715
56.175,32728
56.18,32670
56.185,32684
56.19,32660
56.195,32654
56.2,32535
56.205,32581
56.21,32561
56.215,32540
56.22,32478
56.225,32523
56.23,32566
56.235,32549
56.24,32486
56.245,32502
56.25,32497
56.255,32526
56.26,32471
56.265,32469
56.27,32440
56.275,32515
56.28,32552
56.285,32498
56.29,32503
56.295,32509
56.3,32440
56.305,32499
56.31,32530
56.315,32512
56.32,32467
56.325,32446
56.33,32448
56.335,32512
56.34,32449
56.345,32473
56.35,32476
56.355,32457
56.36,32434
56.365,32480
56.37,32437
56.375,32448
56.38,32502
56.385,32486
56.39,32384
56.395,32420
56.4,32485
56.405,32425
56.41,32484
56.415,32492
56.42,32491
56.425,32515
56.43,32408
56.435,32421
56.44,32434
56.445,32435
56.45,32484
56.455,32466
56.46,32421
56.465,32433
56.47,32406
56.475,32436
56.48,32401
56.485,32514
56.49,32477
56.495,32437
56.5,32446
56.505,32481
56.51,32456
56.515,32505
56.52,32473
56.525,32555
56.53,32508
56.535,32458
56.54,32477
56.545,32514
56.55,32619
56.555,32575
56.56,32654
56.565,32613
56.57,32731
56.575,32730
56.58,32815
56.585,32902
56.59,32933
56.595,33150
56.6,33121
56.605,33210
56.61,33391
56.615,33471
56.62,33460
56.625,33667
56.63,33793
56.635,33818
56.64,33944
56.645,33997
56.65,34065
56.655,34206
56.66,34219
56.665,34177
56.67,34491
56.675,34545
56.68,34494
56.685,34428
56.69,34387
56.695,34259
56.7,34197
56.705,34107
56.71,34083
56.715,33942
56.72,33811
56.725,33727
56.73,33703
56.735,33595
56.74,33490
56.745,33432
56.75,33417
56.755,33337
56.76,33307
56.765,33271
56.77,33199
56.775,33306
56.78,33290
56.785,33344
56.79,33452
56.795,33364
56.8,33437
56.805,33449
56.81,33484
56.815,33533
56.82,33601
56.825,33669
56.83,33781
56.835,33783
56.84,33798
56.845,33897
56.85,33870
56.855,33962
56.86,33973
56.865,33968
56.87,34018
56.875,34050
56.88,34033
56.885,33937
56.89,33926
56.895,33962
56.9,33927
56.905,33851
56.91,33886
56.915,33830
56.92,33803
56.925,33714
56.93,33706
56.935,33559
56.94,33504
56.945,33476
56.95,33401
56.955,33268
56.96,33229
56.965,33215
56.97,33137
56.975,33048
56.98,33008
56.985,32960
56.99,32907
56.995,32885
57.0,32848
57.005,32758
57.01,32831
57.015,32727
57.02,32682
57.025,32726
57.03,32636
57.035,32573
57.04,32549
57.045,32558
57.05,32542
57.055,32489
57.06,32526
57.065,32500
57.07,32567
57.075,32530
57.08,32479
57.085,32539
57.09,32491
57.095,32423
57.1,32489
57.105,32538
57.11,32487
57.115,32460
57.12,32482
57.125,32457
57.13,32496
57.135,32484
57.14,32461
57.145,32500
57.15,32529
57.155,32480
57.16,32512
57.165,32495
57.17,32458
57.175,32465
57.18,32514
57.185,32475
57.19,32494
57.195,32403
57.2,32485
57.205,32395
57.21,32525
57.215,32466
57.22,32485
57.225,32429
57.23,32449
57.235,32412
57.24,32415
57.245,32456
57.25,32435
57.255,32436
57.26,32439
57.265,32493
57.27,32479
57.275,32510
57.28,32433
57.285,32420
57.29,32449
57.295,32466
57.3,32389
57.305,32461
57.31,32427
57.315,32453
57.32,32447
57.325,32425
57.33,32407
57.335,32425
57.34,32472
57.345,32373
57.35,32439
57.355,32428
57.36,32428
57.365,32443
57.37,32454
57.375,32442
57.38,32493
57.385,32443
57.39,32538
57.395,32405
57.4,32543
57.405,32490
57.41,32481
57.415,32518
57.42,32563
57.425,32624
57.43,32659
57.435,32759
57.44,32766
57.445,32827
57.45,32867
57.455,32980
57.46,33052
57.465,33200
57.47,33226
57.475,33338
57.48,33441
57.485,33537
57.49,33655
57.495,33740
57.5,33788
57.505,33891
57.51,33988
57.515,33998
57.52,34109
57.525,34193
57.53,34197
57.535,34449
57.54,34431
57.545,34428
57.55,34366
57.555,34350
57.56,34257
57.565,34176
57.57,34066
57.575,34014
57.58,33891
57.585,33882
57.59,33725
57.595,33618
57.6,33525
57.605,33441
57.61,33365
57.615,33357
57.62,33330
57.625,33339
57.63,33278
57.635,33294
57.64,33276
57.645,33271
57.65,33320
57.655,33351
57.66,33358
57.665,33399
57.67,33450
57.675,33431
57.68,33567
57.685,33558
57.69,33745
57.695,33709
57.7,33774
57.705,33824
57.71,33792
57.715,33946
57.72,33902
57.725,33990
57.73,34019
57.735,34017
57.74,33885
57.745,33945
57.75,33960
57.755,33914
57.76,33933
57.765,33960
57.77,33910
57.775,33807
57.78,33733
57.785,33747
57.79,33688
57.795,33591
57.8,33507
57.805,33530
57.81,33470
57.815,33388
57.82,33306
57.825,33198
57.83,33160
57.835,33049
57.84,33088
57.845,32936
57.85,32895
57.855,32864
57.86,32823
57.865,32840
57.87,32778
57.875,32684
57.88,32693
57.885,32663
57.89,32681
57.895,32544
57.9,32562
57.905,32526
57.91,32555
57.915,32567
57.92,32515
57.925,32591
57.93,32467
57.935,32499
57.94,32462
57.945,32429
57.95,32459
57.955,32472
57.96,32441
57.965,32438
57.97,32458
57.975,32432
57.98,32488
57.985,32474
57.99,32452
57.995,32485
58.0,32365
58.005,32409
58.01,32489
58.015,32408
58.02,32475
58.025,32454
58.03,32441
58.035,32429
58.04,32391
58.045,32378
58.05,32368
58.055,32446
58.06,32427
58.065,32439
58.07,32385
58.075,32426
58.08,32463
58.085,32395
58.09,32403
58.095,32407
58.1,32494
58.105,32459
58.11,32488
58.115,32513
58.12,32406
58.125,32425
58.13,32326
58.135,32415
58.14,32391
58.145,32411
58.15,32412
58.155,32328
58.16,32418
58.165,32388
58.17,32357
58.175,32380
58.18,32430
58.185,32375
58.19,32450
58.195,32417
58.2,32396
58.205,32360
58.21,32362
58.215,32435
58.22,32392
58.225,32401
58.23,32402
58.235,32424
58.24,32420
58.245,32381
58.25,32407
58.255,32392
58.26,32422
58.265,32353
58.27,32407
58.275,32473
58.28,32390
58.285,32427
58.29,32479
58.295,32449
58.3,32525
58.305,32568
58.31,32593
58.315,32619
58.32,32678
58.325,32714
58.33,32810
58.335,32888
58.34,32982
58.345,33084
58.35,33183
58.355,33283
58.36,33374
58.365,33475
58.37,33560
58.375,33707
58.38,33826
58.385,33855
58.39,33977
58.395,34019
58.4,34073
58.405,34083
58.41,34135
58.415,34499
58.42,34480
58.425,34463
58.43,34362
58.435,34247
58.44,34282
58.445,34173
58.45,34111
58.455,34060
58.46,33935
58.465,33721
58.47,33686
58.475,33602
58.48,33590
58.485,33428
58.49,33377
58.495,33374
58.5,33223
58.505,33234
58.51,33181
58.515,33180
58.52,33236
58.525,33229
58.53,33240
58.535,33269
58.54,33288
58.545,33341
58.55,33406
58.555,33407
58.56,33492
58.565,33522
58.57,33627
58.575,33690
58.58,33720
58.585,33782
58.59,33772
58.595,33818
58.6,33872
58.605,33883
58.61,33939
58.615,33927
58.62,33895
58.625,33906
58.63,33947
58.635,34011
58.64,33907
58.645,33817
58.65,33848
58.655,33773
58.66,33703
58.665,33797
58.67,33733
58.675,33584
58.68,33522
58.685,33449
58.69,33424
58.695,33359
58.7,33303
58.705,33158
58.71,33124
58.715,33102
58.72,33019
58.725,32902
58.73,32903
58.735,32889
58.74,32726
58.745,32818
58.75,32715
58.755,32738
58.76,32686
58.765,32633
58.77,32589
58.775,32561
58.78,32520
58.785,32531
58.79,32521
58.795,32438
58.8,32458
58.805,32381
58.81,32400
58.815,32420
58.82,32459
58.825,32435
58.83,32432
58.835,32406
58.84,32378
58.845,32446
58.85,32437
58.855,32366
58.86,32394
58.865,32417
58.87,32361
58.875,32369
58.88,32413
58.885,32400
58.89,32429
58.895,32381
58.9,32414
58.905,32408
58.91,32458
58.915,32358
58.92,32383
58.925,32347
58.93,32405
58.935,32408
58.94,32442
58.945,32372
58.95,32409
58.955,32385
58.96,32438
58.965,32377
58.97,32367
58.975,32404
58.98,32369
58.985,32345
58.99,32304
58.995,32386
59.0,32413
59.005,32371
59.01,32402
59.015,32350
59.02,32391
59.025,32394
59.03,32347
59.035,32309
59.04,32350
59.045,32360
59.05,32385
59.055,32287
59.06,32413
59.065,32381
59.07,32352
59.075,32324
59.08,32343
59.085,32387
59.09,32394
59.095,32400
59.1,32340
59.105,32396
59.11,32430
59.115,32446
59.12,32458
59.125,32520
59.13,32598
59.135,32553
59.14,32698
59.145,32679
59.15,32748
59.155,32822
59.16,32971
59.165,33051
59.17,33170
59.175,33203
59.18,33294
59.185,33521
59.19,33570
59.195,33531
59.2,33683
59.205,33816
59.21,33950
59.215,34037
59.22,33987
59.225,34094
59.23,34089
59.235,34419
59.24,34403
59.245,34346
59.25,34315
59.255,34277
59.26,34237
59.265,34090
59.27,34105
59.275,33946
59.28,33892
59.285,33730
59.29,33627
59.295,33622
59.3,33517
59.305,33348
59.31,33370
59.315,33235
59.32,33264
59.325,33240
59.33,33188
59.335,33162
59.34,33165
59.345,33176
59.35,33164
59.355,33235
59.36,33229
59.365,33226
59.37,33344
59.375,33446
59.38,33470
59.385,33477
59.39,33509
59.395,33569
59.4,33689
59.405,33716
59.41,33701
59.415,33783
59.42,33865
59.425,33843
59.43,33868
59.435,33860
59.44,33829
59.445,33925
59.45,33911
59.455,33902
59.46,33901
59.465,33825
59.47,33779
59.475,33770
59.48,33663
59.485,33585
59.49,33588
59.495,33520
59.5,33449
59.505,33421
59.51,33378
59.515,33262
59.52,33146
59.525,33092
59.53,33057
59.535,33021
59.54,32968
59.545,32930
59.55,32932
59.555,32770
59.56,32796
59.565,32707
59.57,32679
59.575,32623
59.58,32641
59.585,32601
59.59,32597
59.595,32594
59.6,32447
59.605,32472
59.61,32492
59.615,32481
59.62,32450
59.625,32393
59.63,32483
59.635,32366
59.64,32427
59.645,32370
59.65,32369
59.655,32406
59.66,32339
59.665,32394
59.67,32365
59.675,32320
59.68,32353
59.685,32361
59.69,32375
59.695,32388
59.7,32295
59.705,32315
59.71,32314
59.715,32288
59.72,32409
59.725,32319
59.73,32323
59.735,32318
59.74,32299
59.745,32363
59.75,32333
59.755,32302
59.76,32313
59.765,32338
59.77,32333
59.775,32352
59.78,32366
59.785,32300
59.79,32281
59.795,32298
59.8,32318
59.805,32290
59.81,32322
59.815,32265
59.82,32307
59.825,32319
59.83,32275
59.835,32332
59.84,32363
59.845,32191
59.85,32272
59.855,32293
59.86,32326
59.865,32261
59.87,32302
59.875,32347
59.88,32305
59.885,32274
59.89,32272
59.895,32302
59.9,32310
59.905,32308
59.91,32295
59.915,32218
59.92,32269
59.925,32292
59.93,32315
59.935,32336
59.94,32303
59.945,32364
59.95,32411
59.955,32392
59.96,32426
59.965,32412
59.97,32426
59.975,32522
59.98,32567
59.985,32647
59.99,32660
59.995,32706
60.0,32786
60.005,32917
60.01,32930
60.015,33115
60.02,33156
60.025,33277
60.03,33374
60.035,33547
60.04,33545
60.045,33716
60.05,33794
60.055,33901
60.06,33956
60.065,33939
60.07,33956
60.075,33957
60.08,34350
60.085,34361
60.09,34316
60.095,34247
60.1,34217
60.105,34074
60.11,34088
60.115,34005
60.12,33901
60.125,33786
60.13,33727
60.135,33518
60.14,33443
60.145,33400
60.15,33326
60.155,33250
60.16,33227
60.165,33154
60.17,33193
60.175,33116
60.18,33017
60.185,33089
60.19,33089
60.195,33081
60.2,33197
60.205,33160
60.21,33168
60.215,33266
60.22,33397
60.225,33383
60.23,33503
60.235,33511
60.24,33606
60.245,33614
60.25,33658
60.255,33571
60.26,33667
60.265,33701
60.27,33768
60.275,33836
60.28,33842
60.285,33844
60.29,33750
60.295,33775
60.3,33790
60.305,33793
60.31,33750
60.315,33675
60.32,33611
60.325,33654
60.33,33528
60.335,33502
60.34,33448
60.345,33402
60.35,33293
60.355,33211
60.36,33182
60.365,33091
60.37,33064
60.375,32940
60.38,32919
60.385,32828
60.39,32898
60.395,32699
60.4,32696
60.405,32657
60.41,32605
60.415,32538
60.42,32514
60.425,32509
60.43,32541
60.435,32508
60.44,32503
60.445,32397
60.45,32404
60.455,32430
60.46,32387
60.465,32363
60.47,32347
60.475,32365
60.48,32305
60.485,32329
60.49,32281
60.495,32333
60.5,32321
60.505,32295
60.51,32242
60.515,32283
60.52,32344
60.525,32261
60.53,32290
60.535,32211
60.54,32234
60.545,32270
60.55,32302
60.555,32297
60.56,32243
60.565,32333
60.57,32159
60.575,32204
60.58,32298
60.585,32304
60.59,32319
60.595,32221
60.6,32200
60.605,32196
60.61,32213
60.615,32263
60.62,32231
60.625,32230
60.63,32266
60.635,32233
60.64,32246
60.645,32293
60.65,32211
60.655,32239
60.66,32206
60.665,32261
60.67,32189
60.675,32196
60.68,32254
60.685,32153
60.69,32295
60.695,32249
60.7,32218
60.705,32210
60.71,32241
60.715,32236
60.72,32183
60.725,32224
60.73,32186
60.735,32198
60.74,32216
60.745,32219
60.75,32205
60.755,32212
60.76,32201
60.765,32205
60.77,32276
60.775,32274
60.78,32192
60.785,32150
60.79,32267
60.795,32315
60.8,32250
60.805,32287
60.81,32293
60.815,32328
60.82,32325
60.825,32377
60.83,32409
60.835,32454
60.84,32525
60.845,32529
60.85,32691
60.855,32731
60.86,32787
60.865,32846
60.87,32895
60.875,33068
60.88,33161
60.885,33196
60.89,33434
60.895,33551
60.9,33583
60.905,33702
60.91,33821
60.915,33859
60.92,33787
60.925,33978
60.93,33890
60.935,34272
60.94,34333
60.945,34215
60.95,34144
60.955,34136
60.96,34058
60.965,33909
60.97,33953
60.975,33803
60.98,33702
60.985,33613
60.99,33520
60.995,33475
61.0,33335
61.005,33244
61.01,33217
61.015,33154
61.02,33123
61.025,33032
61.03,33058
61.035,33050
61.04,32990
61.045,33055
61.05,33052
61.055,33130
61.06,33173
61.065,33162
61.07,33152
61.075,33240
61.08,33260
61.085,33314
61.09,33443
61.095,33469
61.1,33488
61.105,33509
61.11,33599
61.115,33681
61.12,33689
61.125,33705
61.13,33728
61.135,33785
61.14,33776
61.145,33752
61.15,33663
61.155,33752
61.16,33712
61.165,33676
61.17,33684
61.175,33573
61.18,33566
61.185,33508
61.19,33395
61.195,33380
61.2,33330
61.205,33301
61.21,33216
61.215,33129
61.22,33092
61.225,32923
61.23,32920
61.235,32845
61.24,32832
61.245,32820
61.25,32729
61.255,32688
61.26,32634
61.265,32619
61.27,32479
61.275,32500
61.28,32417
61.285,32400
61.29,32416
61.295,32396
61.3,32339
61.305,32363
61.31,32305
61.315,32286
61.32,32278
61.325,32268
61.33,32297
61.335,32285
61.34,32224
61.345,32225
61.35,32208
61.355,32240
61.36,32228
61.365,32229
61.37,32168
61.375,32215
61.38,32180
61.385,32162
61.39,32198
61.395,32182
61.4,32210
61.405,32207
61.41,32187
61.415,32205
61.42,32195
61.425,32181
61.43,32152
61.435,32215
61.44,32211
61.445,32214
61.45,32140
61.455,32138
61.46,32179
61.465,32201
61.47,32170
61.475,32207
61.48,32130
61.485,32185
61.49,32094
61.495,32133
61.5,32122
61.505,32181
61.51,32136
61.515,32156
61.52,32186
61.525,32132
61.53,32185
61.535,32117
61.54,32197
61.545,32113
61.55,32105
61.555,32161
61.56,32194
61.565,32079
61.57,32178
61.575,32183
61.58,32153
61.585,32089
61.59,32101
61.595,32154
61.6,32056
61.605,32174
61.61,32197
61.615,32086
61.62,32091
61.625,32158
61.63,32108
61.635,32159
61.64,32120
61.645,32121
61.65,32139
61.655,32173
61.66,32179
61.665,32165
61.67,32230
61.675,32252
61.68,32245
61.685,32191
61.69,32248
61.695,32300
61.7,32369
61.705,32447
61.71,32435
61.715,32534
61.72,32519
61.725,32654
61.73,32714
61.735,32815
61.74,32969
61.745,33014
61.75,33138
61.755,33304
61.76,33357
61.765,33400
61.77,33507
61.775,33616
61.78,33719
61.785,33786
61.79,33764
61.795,33820
61.8,33833
61.805,34202
61.81,34197
61.815,34140
61.82,34115
61.825,34026
61.83,33961
61.835,33926
61.84,33811
61.845,33668
61.85,33578
61.855,33535
61.86,33400
61.865,33288
61.87,33248
61.875,33114
61.88,33105
61.885,33026
61.89,33015
61.895,33053
61.9,32963
61.905,32907
61.91,32886
61.915,32964
61.92,32970
61.925,32959
61.93,33023
61.935,33083
61.94,33088
61.945,33172
61.95,33246
61.955,33256
61.96,33382
61.965,33354
61.97,33395
61.975,33521
61.98,33510
61.985,33537
61.99,33563
61.995,33639
62.0,33620
62.005,33639
62.01,33597
62.015,33611
62.02,33637
62.025,33584
62.03,33594
62.035,33620
62.04,33547
62.045,33539
62.05,33416
62.055,33420
62.06,33325
62.065,33308
62.07,33177
62.075,33157
62.08,33121
62.085,33028
62.09,32965
62.095,32880
62.1,32740
62.105,32735
62.11,32680
62.115,32684
62.12,32603
62.125,32512
62.13,32536
62.135,32474
62.14,32361
62.145,32432
62.15,32366
62.155,32424
62.16,32334
62.165,32214
62.17,32292
62.175,32239
62.18,32200
62.185,32211
62.19,32210
62.195,32163
62.2,32132
62.205,32180
62.21,32163
62.215,32100
62.22,32185
62.225,32123
62.23,32197
62.235,32178
62.24,32115
62.245,32147
62.25,32077
62.255,32119
62.26,32041
62.265,32066
62.27,32103
62.275,32126
62.28,32133
62.285,32141
62.29,32135
62.295,32079
62.3,32090
62.305,32069
62.31,32092
62.315,32024
62.32,32058
62.325,32138
62.33,32090
62.335,32058
62.34,32106
62.345,32090
62.35,32076
62.355,32063
62.36,32038
62.365,32073
62.37,32077
62.375,32072
62.38,32124
62.385,32069
62.39,32079
62.395,32113
62.4,32096
62.405,31989
62.41,32059
62.415,32023
62.42,32031
62.425,32093
62.43,32116
62.435,32072
62.44,31969
62.445,32036
62.45,32040
62.455,32033
62.46,32109
62.465,32066
62.47,32073
62.475,32049
62.48,32079
62.485,32039
62.49,31996
62.495,32044
62.5,32018
62.505,31988
62.51,31973
62.515,32025
62.52,32039
62.525,32119
62.53,32034
62.535,32037
62.54,32070
62.545,32114
62.55,32053
62.555,32108
62.56,32187
62.565,32228
62.57,32173
62.575,32178
62.58,32249
62.585,32300
62.59,32410
62.595,32472
62.6,32519
62.605,32570
62.61,32705
62.615,32759
62.62,32858
62.625,32996
62.63,33178
62.635,33278
62.64,33370
62.645,33356
62.65,33529
62.655,33561
62.66,33677
62.665,33749
62.67,33784
62.675,33760
62.68,34080
62.685,34131
62.69,34122
62.695,34005
62.7,33942
62.705,33899
62.71,33802
62.715,33770
62.72,33679
62.725,33574
62.73,33425
62.735,33320
62.74,33250
62.745,33182
62.75,33133
62.755,33050
62.76,32965
62.765,32952
62.77,32925
62.775,32868
62.78,32824
62.785,32875
62.79,32900
62.795,32907
62.8,32869
62.805,32955
62.81,32981
62.815,33012
62.82,33063
62.825,33099
62.83,33147
62.835,33235
62.84,33276
62.845,33331
62.85,33333
62.855,33428
62.86,33518
62.865,33457
62.87,33528
62.875,33548
62.88,33575
62.885,33600
62.89,33554
62.895,33602
62.9,33581
62.905,33526
62.91,33532
62.915,33519
62.92,33486
62.925,33381
62.93,33368
62.935,33281
62.94,33194
62.945,33248
62.95,33136
62.955,33060
62.96,32956
62.965,32908
62.97,32819
62.975,32841
62.98,32689
62.985,32651
62.99,32624
62.995,32534
63.0,32520
63.005,32449
63.01,32392
63.015,32354
63.02,32243
63.025,32316
63.03,32272
63.035,32236
63.04,32204
63.045,32137
63.05,32157
63.055,32103
63.06,32100
63.065,32064
63.07,32081
63.075,32122
63.08,32091
63.085,32034
63.09,32028
63.095,32093
63.1,32040
63.105,32075
63.11,32100
63.115,32073
63.12,31994
63.125,31948
63.13,32085
63.135,31975
63.14,31970
63.145,32000
63.15,32005
63.155,32037
63.16,31989
63.165,31980
63.17,32040
63.175,31974
63.18,32105
63.185,31955
63.19,32006
63.195,32044
63.2,32002
63.205,31940
63.21,31996
63.215,32035
63.22,31968
63.225,31935
63.23,31990
63.235,31913
63.24,32006
63.245,32014
63.25,31992
63.255,31943
63.26,32023
63.265,32032
63.27,32024
63.275,31965
63.28,31997
63.285,31952
63.29,32021
63.295,31959
63.3,31929
63.305,31964
63.31,31991
63.315,31966
63.32,31963
63.325,31932
63.33,31969
63.335,31962
63.34,31967
63.345,31958
63.35,31960
63.355,31933
63.36,32029
63.365,31905
63.37,31974
63.375,32010
63.38,31908
63.385,31914
63.39,32008
63.395,32084
63.4,32040
63.405,32001
63.41,32013
63.415,32034
63.42,32035
63.425,32091
63.43,32185
63.435,32186
63.44,32264
63.445,32340
63.45,32354
63.455,32440
63.46,32511
63.465,32566
63.47,32695
63.475,32817
63.48,32900
63.485,32946
63.49,33123
63.495,33210
63.5,33316
63.505,33368
63.51,33496
63.515,33562
63.52,33604
63.525,33642
63.53,33692
63.535,33641
63.54,34033
63.545,33979
63.55,33993
63.555,33833
63.56,33813
63.565,33762
63.57,33673
63.575,33555
63.58,33509
63.585,33360
63.59,33300
63.595,33189
63.6,33096
63.605,33000
63.61,32934
63.615,32880
63.62,32864
63.625,32794
63.63,32753
63.635,32797
63.64,32777
63.645,32797
63.65,32796
63.655,32877
63.66,32874
63.665,32897
63.67,32946
63.675,33011
63.68,33031
63.685,33104
63.69,33123
63.695,33239
63.7,33228
63.705,33166
63.71,33351
63.715,33357
63.72,33399
63.725,33460
63.73,33361
63.735,33413
63.74,33482
63.745,33443
63.75,33508
63.755,33492
63.76,33439
63.765,33458
63.77,33325
63.775,33352
63.78,33341
63.785,33308
63.79,33224
63.795,33199
63.8,33099
63.805,33015
63.81,32966
63.815,32976
63.82,32901
63.825,32771
63.83,32712
63.835,32650
63.84,32518
63.845,32495
63.85,32464
63.855,32380
63.86,32351
63.865,32270
63.87,32269
63.875,32269
63.88,32201
63.885,32197
63.89,32133
63.895,32085
63.9,32095
63.905,32007
63.91,32026
63.915,32025
63.92,32003
63.925,32024
63.93,31972
63.935,32024
63.94,32012
63.945,31980
63.95,31946
63.955,31924
63.96,31981
63.965,31946
63.97,32048
63.975,31979
63.98,31995
63.985,31910
63.99,31937
63.995,31920
64.0,31849
64.005,31942
64.01,31916
64.015,31918
64.02,31941
64.025,31962
64.03,31945
64.035,31984
64.04,31897
64.045,31949
64.05,31891
64.055,31907
64.06,31954
64.065,31932
64.07,31921
64.075,31919
64.08,31933
64.085,31953
64.09,31929
64.095,31890
64.1,31934
64.105,31902
64.11,31911
64.115,31906
64.12,31933
64.125,31906
64.13,31883
64.135,31845
64.14,31847
64.145,31905
64.15,31868
64.155,31921
64.16,31890
64.165,31898
64.17,31885
64.175,31976
64.18,31918
64.185,31902
64.19,31906
64.195,31796
64.2,31849
64.205,31922
64.21,31924
64.215,31851
64.22,31804
64.225,31832
64.23,31897
64.235,31873
64.24,31921
64.245,31877
64.25,31899
64.255,31914
64.26,31900
64.265,31899
64.27,31906
64.275,31939
64.28,31968
64.285,32029
64.29,32027
64.295,32043
64.3,32069
64.305,32131
64.31,32232
64.315,32257
64.32,32375
64.325,32406
64.33,32485
64.335,32646
64.34,32732
64.345,32845
64.35,32865
64.355,33014
64.36,33129
64.365,33229
64.37,33232
64.375,33403
64.38,33474
64.385,33575
64.39,33574
64.395,33615
64.4,33621
64.405,33906
64.41,33943
64.415,33948
64.42,33792
64.425,33814
64.43,33742
64.435,33546
64.44,33456
64.445,33378
64.45,33275
64.455,33188
64.46,33085
64.465,33023
64.47,32973
64.475,32915
64.48,32820
64.485,32742
64.49,32759
64.495,32734
64.5,32668
64.505,32705
64.51,32656
64.515,32685
64.52,32736
64.525,32754
64.53,32839
64.535,32836
64.54,32897
64.545,32979
64.55,32935
64.555,33066
64.56,33137
64.565,33139
64.57,33235
64.575,33202
64.58,33252
64.585,33272
64.59,33409
64.595,33346
64.6,33414
64.605,33346
64.61,33444
64.615,33357
64.62,33369
64.625,33284
64.63,33305
64.635,33353
64.64,33229
64.645,33292
64.65,33265
64.655,33124
64.66,33023
64.665,32998
64.67,32957
64.675,32809
64.68,32793
64.685,32757
64.69,32701
64.695,32552
64.7,32557
64.705,32502
64.71,32481
64.715,32396
64.72,32372
64.725,32305
64.73,32209
64.735,32299
64.74,32184
64.745,32134
64.75,32079
64.755,32121
64.76,32041
64.765,32036
64.77,32003
64.775,31972
64.78,31903
64.785,31925
64.79,31998
64.795,31933
64.8,31889
64.805,31873
64.81,31868
64.815,31877
64.82,31881
64.825,31936
64.83,31891
64.835,31937
64.84,31809
64.845,31861
64.85,31794
64.855,31783
64.86,31868
64.865,31792
64.87,31858
64.875,31822
64.88,31894
64.885,31895
64.89,31790
64.895,31875
64.9,31845
64.905,31863
64.91,31823
64.915,31886
64.92,31876
64.925,31836
64.93,31777
64.935,31746
64.94,31870
64.945,31839
64.95,31777
64.955,31794
64.96,31924
64.965,31786
64.97,31838
64.975,31872
64.98,31909
64.985,31834
64.99,31839
64.995,31776
65.0,31835
65.005,31816
65.01,31776
65.015,31772
65.02,31861
65.025,31853
65.03,31912
65.035,31800
65.04,31738
65.045,31889
65.05,31838
65.055,31881
65.06,31794
65.065,31810
65.07,31887
65.075,31809
65.08,31847
65.085,31862
65.09,31913
65.095,31939
65.1,31897
65.105,31992
65.11,31985
65.115,32033
65.12,32094
65.125,32181
65.13,32208
65.135,32304
65.14,32338
65.145,32402
65.15,32508
65.155,32659
65.16,32757
65.165,32866
65.17,32917
65.175,33043
65.18,33142
65.185,33262
65.19,33341
65.195,33386
65.2,33435
65.205,33454
65.21,33523
65.215,33602
65.22,33871
65.225,33837
65.23,33830
65.235,33870
65.24,33685
65.245,33590
65.25,33477
65.255,33373
65.26,33368
65.265,33268
65.27,33137
65.275,33082
65.28,33002
65.285,32872
65.29,32839
65.295,32800
65.3,32662
65.305,32672
65.31,32652
65.315,32564
65.32,32715
65.325,32668
65.33,32712
65.335,32609
65.34,32690
65.345,32772
65.35,32752
65.355,32894
65.36,32825
65.365,32916
65.37,32956
65.375,32961
65.38,33065
65.385,33124
65.39,33130
65.395,33195
65.4,33286
65.405,33315
65.41,33326
65.415,33355
65.42,33389
65.425,33340
65.43,33317
65.435,33338
65.44,33322
65.445,33268
65.45,33269
65.455,33234
65.46,33218
65.465,33095
65.47,33122
65.475,33011
65.48,32906
65.485,32935
65.49,32849
65.495,32768
65.5,32655
65.505,32664
65.51,32529
65.515,32465
65.52,32441
65.525,32421
65.53,32332
65.535,32282
65.54,32195
65.545,32218
65.55,32128
65.555,32125
65.56,32171
65.565,32043
65.57,31967
65.575,31926
65.58,31919
65.585,31897
65.59,31926
65.595,31950
65.6,31887
65.605,31862
65.61,31886
65.615,31822
65.62,31836
65.625,31872
65.63,31876
65.635,31812
65.64,31807
65.645,31799
65.65,31824
65.655,31867
65.66,31809
65.665,31761
65.67,31842
65.675,31840
65.68,31840
65.685,31827
65.69,31780
65.695,31754
65.7,31811
65.705,31778
65.71,31791
65.715,31834
65.72,31717
65.725,31719
65.73,31727
65.735,31753
65.74,31774
65.745,31788
65.75,31745
65.755,31816
65.76,31761
65.765,31799
65.77,31831
65.775,31810
65.78,31756
65.785,31764
65.79,31784
65.795,31795
65.8,31719
65.805,31721
65.81,31739
65.815,31799
65.82,31766
65.825,31753
65.83,31703
65.835,31703
65.84,31767
65.845,31712
65.85,31787
65.855,31718
65.86,31756
65.865,31775
65.87,31768
65.875,31745
65.88,31825
65.885,31741
65.89,31759
65.895,31730
65.9,31779
65.905,31786
65.91,31784
65.915,31750
65.92,31774
65.925,31701
65.93,31724
65.935,31763
65.94,31657
65.945,31681
65.95,31768
65.955,31752
65.96,31739
65.965,31747
65.97,31817
65.975,31788
65.98,31770
65.985,31744
65.99,31823
65.995,31768
66.0,31832
66.005,31846
66.01,31963
66.015,31938
66.02,32019
66.025,32136
66.03,32071
66.035,32214
66.04,32260
66.045,32471
66.05,32527
66.055,32611
66.06,32726
66.065,32856
66.07,32956
66.075,33042
66.08,33172
66.085,33241
66.09,33380
66.095,33335
66.1,33417
66.105,33498
66.11,33523
66.115,33802
66.12,33856
66.125,33810
66.13,33792
66.135,33658
66.14,33641
66.145,33511
66.15,33438
66.155,33359
66.16,33218
66.165,33125
66.17,33108
66.175,32918
66.18,32892
66.185,32847
66.19,32787
66.195,32670
66.2,32594
66.205,32640
66.21,32557
66.215,32567
66.22,32539
66.225,32523
66.23,32571
66.235,32610
66.24,32588
66.245,32746
66.25,32728
66.255,32846
66.26,32880
66.265,32868
66.27,32941
66.275,32978
66.28,33044
66.285,33096
66.29,33151
66.295,33193
66.3,33217
66.305,33217
66.31,33204
66.315,33286
66.32,33278
66.325,33311
66.33,33256
66.335,33274
66.34,33207
66.345,33229
66.35,33169
66.355,33153
66.36,33187
66.365,33069
66.37,32979
66.375,32934
66.38,32862
66.385,32795
66.39,32734
66.395,32666
66.4,32600
66.405,32572
66.41,32508
66.415,32474
66.42,32369
66.425,32311
66.43,32329
66.435,32138
66.44,32152
66.445,32118
66.45,32084
66.455,32000
66.46,31976
66.465,31907
66.47,31913
66.475,31838
66.48,31915
66.485,31860
66.49,31813
66.495,31886
66.5,31822
66.505,31775
66.51,31818
66.515,31774
66.52,31714
66.525,31781
66.53,31828
66.535,31704
66.54,31747
66.545,31784
66.55,31766
66.555,31785
66.56,31741
66.565,31795
66.57,31746
66.575,31740
66.58,31756
66.585,31729
66.59,31726
66.595,31719
66.6,31704
66.605,31706
66.61,31683
66.615,31750
66.62,31740
66.625,31656
66.63,31710
66.635,31726
66.64,31686
66.645,31737
66.65,31699
66.655,31720
66.66,31684
66.665,31724
66.67,31721
66.675,31798
66.68,31770
66.685,31718
66.69,31713
66.695,31713
66.7,31718
66.705,31629
66.71,31705
66.715,31728
66.72,31706
66.725,31660
66.73,31647
66.735,31636
66.74,31759
66.745,31726
66.75,31747
66.755,31686
66.76,31670
66.765,31639
66.77,31708
66.775,31643
66.78,31665
66.785,31736
66.79,31747
66.795,31685
66.8,31726
66.805,31701
66.81,31716
66.815,31654
66.82,31716
66.825,31720
66.83,31733
66.835,31742
66.84,31746
66.845,31777
66.85,31749
66.855,31814
66.86,31799
66.865,31870
66.87,31892
66.875,31931
66.88,31992
66.885,32056
66.89,32177
66.895,32170
66.9,32296
66.905,32395
66.91,32555
66.915,32615
66.92,32652
66.925,32750
66.93,32903
66.935,33020
66.94,33077
66.945,33224
66.95,33200
66.955,33262
66.96,33362
66.965,33448
66.97,33481
66.975,33778
66.98,33810
66.985,33742
66.99,33671
66.995,33670
67.0,33554
67.005,33429
67.01,33380
67.015,33235
67.02,33217
67.025,33072
67.03,32923
67.035,32945
67.04,32831
67.045,32725
67.05,32685
67.055,32650
67.06,32582
67.065,32560
67.07,32570
67.075,32507
67.08,32523
67.085,32599
67.09,32542
67.095,32556
67.1,32618
67.105,32691
67.11,32672
67.115,32741
67.12,32779
67.125,32917
67.13,32951
67.135,32971
67.14,33050
67.145,33007
67.15,33073
67.155,33150
67.16,33222
67.165,33148
67.17,33235
67.175,33227
67.18,33234
67.185,33249
67.19,33198
67.195,33274
67.2,33179
67.205,33183
67.21,33094
67.215,33067
67.22,32981
67.225,33045
67.23,33032
67.235,32879
67.24,32827
67.245,32823
67.25,32661
67.255,32628
67.26,32528
67.265,32519
67.27,32441
67.275,32404
67.28,32343
67.285,32211
67.29,32174
67.295,32155
67.3,32122
67.305,32054
67.31,32040
67.315,32011
67.32,31933
67.325,31920
67.33,31877
67.335,31826
67.34,31885
67.345,31895
67.35,31805
67.355,31860
67.36,31843
67.365,31752
67.37,31752
67.375,31736
67.38,31783
67.385,31790
67.39,31718
67.395,31677
67.4,31730
67.405,31770
67.41,31735
67.415,31718
67.42,31656
67.425,31735
67.43,31699
67.435,31710
67.44,31712
67.445,31689
67.45,31669
67.455,31706
67.46,31721
67.465,31761
67.47,31688
67.475,31659
67.48,31763
67.485,31732
67.49,31666
67.495,31682
67.5,31693
67.505,31741
67.51,31688
67.515,31739
67.52,31695
67.525,31658
67.53,31691
67.535,31622
67.54,31659
67.545,31702
67.55,31650
67.555,31667
67.56,31632
67.565,31677
67.57,31614
67.575,31662
67.58,31701
67.585,31654
67.59,31705
67.595,31687
67.6,31695
67.605,31645
67.61,31670
67.615,31636
67.62,31648
67.625,31658
67.63,31699
67.635,31740
67.64,31641
67.645,31751
67.65,31624
67.655,31646
67.66,31799
67.665,31801
67.67,31789
67.675,31820
67.68,31849
67.685,31811
67.69,31965
67.695,31980
67.7,31984
67.705,32152
67.71,32240
67.715,32349
67.72,32433
67.725,32485
67.73,32623
67.735,32703
67.74,32817
67.745,32984
67.75,33008
67.755,32993
67.76,33156
67.765,33194
67.77,33279
67.775,33419
67.78,33419
67.785,33395
67.79,33742
67.795,33766
67.8,33702
67.805,33707
67.81,33546
67.815,33517
67.82,33428
67.825,33302
67.83,33251
67.835,33167
67.84,33089
67.845,32881
67.85,32870
67.855,32807
67.86,32755
67.865,32663
67.87,32598
67.875,32530
67.88,32577
67.885,32503
67.89,32552
67.895,32504
67.9,32522
67.905,32502
67.91,32512
67.915,32605
67.92,32629
67.925,32730
67.93,32681
67.935,32734
67.94,32873
67.945,32855
67.95,32900
67.955,32914
67.96,33003
67.965,33101
67.97,33152
67.975,33084
67.98,33191
67.985,33165
67.99,33188
67.995,33242
68.0,33213
68.005,33221
68.01,33218
68.015,33194
68.02,33154
68.025,33137
68.03,33045
68.035,32982
68.04,32932
68.045,32907
68.05,32817
68.055,32791
68.06,32713
68.065,32708
68.07,32553
68.075,32566
68.08,32484
68.085,32479
68.09,32313
68.095,32297
68.1,32201
68.105,32155
68.11,32130
68.115,32107
68.12,32084
68.125,31979
68.13,31931
68.135,31928
68.14,31935
68.145,31890
68.15,31869
68.155,31858
68.16,31807
68.165,31811
68.17,31849
68.175,31783
68.18,31729
68.185,31729
68.19,31726
68.195,31738
68.2,31744
68.205,31661
68.21,31684
68.215,31693
68.22,31667
68.225,31628
68.23,31652
68.235,31732
68.24,31645
68.245,31748
68.25,31690
68.255,31692
68.26,31752
68.265,31754
68.27,31640
68.275,31718
68.28,31702
68.285,31653
68.29,31665
68.295,31642
68.3,31735
68.305,31769
68.31,31620
68.315,31643
68.32,31664
68.325,31635
68.33,31707
68.335,31676
68.34,31657
68.345,31605
68.35,31606
68.355,31664
68.36,31592
68.365,31691
68.37,31644
68.375,31697
68.38,31670
68.385,31680
68.39,31672
68.395,31633
68.4,31635
68.405,31643
68.41,31662
68.415,31686
68.42,31651
68.425,31709
68.43,31648
68.435,31625
68.44,31645
68.445,31655
68.45,31739
68.455,31729
68.46,31728
68.465,31728
68.47,31764
68.475,31737
68.48,31902
68.485,31873
68.49,31935
68.495,31993
68.5,32009
68.505,32074
68.51,32120
68.515,32235
68.52,32321
68.525,32357
68.53,32534
68.535,32587
68.54,32730
68.545,32926
68.55,33011
68.555,32995
68.56,33149
68.565,33239
68.57,33323
68.575,33399
68.58,33373
68.585,33382
68.59,33428
68.595,33747
68.6,33639
68.605,33674
68.61,33593
68.615,33600
68.62,33484
68.625,33384
68.63,33312
68.635,33180
68.64,33095
68.645,33007
68.65,32838
68.655,32850
68.66,32778
68.665,32699
68.67,32654
68.675,32524
68.68,32538
68.685,32498
68.69,32482
68.695,32443
68.7,32459
68.705,32504
68.71,32493
68.715,32550
68.72,32559
68.725,32661
68.73,32765
68.735,32757
68.74,32791
68.745,32797
68.75,32874
68.755,32975
68.76,33007
68.765,33038
68.77,33021
68.775,33084
68.78,33170
68.785,33145
68.79,33228
68.795,33213
68.8,33178
68.805,33275
68.81,33106
68.815,33163
68.82,33099
68.825,33108
68.83,33101
68.835,33085
68.84,33002
68.845,32925
68.85,32883
68.855,32769
68.86,32745
68.865,32714
68.87,32630
68.875,32579
68.88,32473
68.885,32447
68.89,32359
68.895,32271
68.9,32190
68.905,32108
68.91,32109
68.915,32075
68.92,32055
68.925,31979
68.93,31927
68.935,31949
68.94,31922
68.945,31896
68.95,31867
68.955,31808
68.96,31826
68.965,31811
68.97,31812
68.975,31755
68.98,31714
68.985,31780
68.99,31768
68.995,31720
69.0,31640
69.005,31683
69.01,31745
69.015,31679
69.02,31680
69.025,31736
69.03,31698
69.035,31693
69.04,31664
69.045,31699
69.05,31692
69.055,31708
69.06,31618
69.065,31725
69.07,31747
69.075,31698
69.08,31664
69.085,31721
69.09,31722
69.095,31649
69.1,31671
69.105,31680
69.11,31639
69.115,31666
69.12,31703
69.125,31743
69.13,31603
69.135,31690
69.14,31613
69.145,31643
69.15,31688
69.155,31626
69.16,31675
69.165,31646
69.17,31687
69.175,31611
69.18,31732
69.185,31624
69.19,31634
69.195,31613
69.2,31703
69.205,31671
69.21,31658
69.215,31708
69.22,31611
69.225,31620
69.23,31663
69.235,31623
69.24,31640
69.245,31643
69.25,31640
69.255,31659
69.26,31608
69.265,31686
69.27,31648
69.275,31621
69.28,31627
69.285,31656
69.29,31642
69.295,31665
69.3,31698
69.305,31646
69.31,31590
69.315,31660
69.32,31656
69.325,31659
69.33,31651
69.335,31604
69.34,31660
69.345,31685
69.35,31684
69.355,31761
69.36,31785
69.365,31676
69.37,31811
69.375,31731
69.38,31797
69.385,31960
69.39,31970
69.395,32007
69.4,32004
69.405,32122
69.41,32221
69.415,32259
69.42,32404
69.425,32443
69.43,32648
69.435,32703
69.44,32782
69.445,32968
69.45,33049
69.455,33165
69.46,33147
69.465,33248
69.47,33327
69.475,33318
69.48,33410
69.485,33422
69.49,33728
69.495,33707
69.5,33616
69.505,33637
69.51,33598
69.515,33422
69.52,33341
69.525,33291
69.53,33153
69.535,33067
69.54,32989
69.545,32863
69.55,32767
69.555,32784
69.56,32643
69.565,32654
69.57,32545
69.575,32562
69.58,32495
69.585,32443
69.59,32511
69.595,32494
69.6,32490
69.605,32618
69.61,32634
69.615,32567
69.62,32648
69.625,32684
69.63,32719
69.635,32820
69.64,32884
69.645,32947
69.65,32918
69.655,33030
69.66,33101
69.665,33023
69.67,33122
69.675,33137
69.68,33217
69.685,33157
69.69,33218
69.695,33217
69.7,33193
69.705,33209
69.71,33134
69.715,33124
69.72,33099
69.725,33122
69.73,33100
69.735,32992
69.74,32931
69.745,32830
69.75,32775
69.755,32769
69.76,32738
69.765,32619
69.77,32542
69.775,32482
69.78,32462
69.785,32423
69.79,32318
69.795,32248
69.8,32216
69.805,32135
69.81,32106
69.815,32105
69.82,32040
69.825,31930
69.83,32022
69.835,32024
69.84,31839
69.845,31851
69.85,31868
69.855,31871
69.86,31742
69.865,31853
69.87,31824
69.875,31793
69.88,31755
69.885,31681
69.89,31748
69.895,31707
69.9,31743
69.905,31709
69.91,31676
69.915,31792
69.92,31808
69.925,31657
69.93,31719
69.935,31668
69.94,31732
69.945,31670
69.95,31719
69.955,31680
69.96,31723
69.965,31632
69.97,31713
69.975,31704
69.98,31710
69.985,31700
69.99,31743
69.995,31738
70.0,31668
70.005,31691
70.01,31659
70.015,31669
70.02,31751
70.025,31650
70.03,31717
70.035,31743
70.04,31710
70.045,31724
70.05,31644
70.055,31667
70.06,31651
70.065,31732
70.07,31676
70.075,31651
70.08,31676
70.085,31719
70.09,31630
70.095,31705
70.1,31681
70.105,31669
70.11,31688
70.115,31649
70.12,31637
70.125,31621
70.13,31686
70.135,31620
70.14,31652
70.145,31644
70.15,31708
70.155,31581
70.16,31664
70.165,31681
70.17,31693
70.175,31689
70.18,31730
70.185,31703
70.19,31703
70.195,31743
70.2,31766
70.205,31786
70.21,31820
70.215,31880
70.22,31930
70.225,31887
70.23,31951
70.235,32118
70.24,32098
70.245,32113
70.25,32268
70.255,32379
70.26,32505
70.265,32547
70.27,32660
70.275,32755
70.28,32894
70.285,32902
70.29,33061
70.295,33162
70.3,33242
70.305,33348
70.31,33319
70.315,33452
70.32,33464
70.325,33727
70.33,33750
70.335,33726
70.34,33607
70.345,33629
70.35,33537
70.355,33457
70.36,33321
70.365,33309
70.37,33251
70.375,33153
70.38,33055
70.385,32937
70.39,32871
70.395,32713
70.4,32677
70.405,32632
70.41,32595
70.415,32539
70.42,32531
70.425,32554
70.43,32474
70.435,32550
70.44,32544
70.445,32586
70.45,32611
70.455,32655
70.46,32676
70.465,32771
70.47,32825
70.475,32864
70.48,32864
70.485,32938
70.49,33005
70.495,33116
70.5,33119
70.505,33152
70.51,33211
70.515,33154
70.52,33245
70.525,33137
70.53,33233
70.535,33259
70.54,33196
70.545,33152
70.55,33165
70.555,33204
70.56,33169
70.565,33128
70.57,33064
70.575,33056
70.58,32984
70.585,32886
70.59,32844
70.595,32851
70.6,32698
70.605,32609
70.61,32538
70.615,32451
70.62,32411
70.625,32444
70.63,32360
70.635,32300
70.64,32256
70.645,32153
70.65,32116
70.655,32090
70.66,32097
70.665,31992
70.67,31927
70.675,31913
70.68,31970
70.685,31890
70.69,31827
70.695,31864
70.7,31863
70.705,31793
70.71,31785
70.715,31761
70.72,31728
70.725,31764
70.73,31797
70.735,31787
70.74,31757
70.745,31705
70.75,31756
70.755,31784
70.76,31784
70.765,31722
70.77,31707
70.775,31773
70.78,31741
70.785,31787
70.79,31766
70.795,31773
70.8,31733
70.805,31687
70.81,31745
70.815,31720
70.82,31750
70.825,31720
70.83,31748
70.835,31703
70.84,31728
70.845,31760
70.85,31774
70.855,31678
70.86,31732
70.865,31730
70.87,31728
70.875,31719
70.88,31725
70.885,31703
70.89,31736
70.895,31769
70.9,31658
70.905,31767
70.91,31669
70.915,31701
70.92,31682
70.925,31737
70.93,31704
70.935,31732
70.94,31642
70.945,31710
70.95,31741
70.955,31710
70.96,31673
70.965,31712
70.97,31767
70.975,31743
70.98,31753
70.985,31677
70.99,31708
70.995,31689
71.0,31704
71.005,31678
71.01,31689
71.015,31764
71.02,31677
71.025,31749
71.03,31726
71.035,31719
71.04,31777
71.045,31771
71.05,31830
71.055,31878
71.06,31854
71.065,31848
71.07,31877
71.075,31883
71.08,31996
71.085,32030
71.09,32195
71.095,32171
71.1,32250
71.105,32295
71.11,32421
71.115,32505
71.12,32567
71.125,32777
71.13,32863
71.135,33011
71.14,33079
71.145,33151
71.15,33273
71.155,33314
71.16,33421
71.165,33431
71.17,33474
71.175,33419
71.18,33790
71.185,33797
71.19,33753
71.195,33695
71.2,33675
71.205,33601
71.21,33429
71.215,33386
71.22,33306
71.225,33267
71.23,33108
71.235,32989
71.24,32915
71.245,32883
71.25,32681
71.255,32742
71.26,32698
71.265,32610
71.27,32629
71.275,32544
71.28,32525
71.285,32510
71.29,32574
71.295,32617
71.3,32638
71.305,32620
71.31,32712
71.315,32777
71.32,32823
71.325,32911
71.33,32875
71.335,32979
71.34,33012
71.345,33072
71.35,33096
71.355,33161
71.36,33149
71.365,33210
71.37,33293
71.375,33258
71.38,33281
71.385,33312
71.39,33316
71.395,33332
71.4,33243
71.405,33240
71.41,33172
71.415,33197
71.42,33141
71.425,33097
71.43,32999
71.435,33004
71.44,32878
71.445,32813
71.45,32774
71.455,32696
71.46,32683
71.465,32602
71.47,32507
71.475,32508
71.48,32435
71.485,32345
71.49,32271
71.495,32209
71.5,32208
71.505,32152
71.51,32122
71.515,32086
71.52,32048
71.525,31982
71.53,31990
71.535,31950
71.54,31851
71.545,31891
71.55,31931
71.555,31889
71.56,31846
71.565,31831
71.57,31853
71.575,31817
71.58,31768
71.585,31769
71.59,31894
71.595,31796
71.6,31803
71.605,31805
71.61,31808
71.615,31818
71.62,31794
71.625,31774
71.63,31779
71.635,31783
71.64,31842
71.645,31843
71.65,31808
71.655,31842
71.66,31761
71.665,31750
71.67,31698
71.675,31807
71.68,31791
71.685,31731
71.69,31794
71.695,31763
71.7,31781
71.705,31808
71.71,31794
71.715,31769
71.72,31756
71.725,31805
71.73,31730
71.735,31780
71.74,31801
71.745,31817
71.75,31713
71.755,31785
71.76,31757
71.765,31758
71.77,31797
71.775,31773
71.78,31671
71.785,31789
71.79,31725
71.795,31782
71.8,31742
71.805,31736
71.81,31762
71.815,31780
71.82,31727
71.825,31805
71.83,31741
71.835,31776
71.84,31824
71.845,31749
71.85,31773
71.855,31789
71.86,31798
71.865,31805
71.87,31780
71.875,31783
71.88,31795
71.885,31781
71.89,31746
71.895,31835
71.9,31843
71.905,31958
71.91,31876
71.915,31883
71.92,31943
71.925,31992
71.93,32082
71.935,32108
71.94,32213
71.945,32249
71.95,32335
71.955,32417
71.96,32512
71.965,32562
71.97,32733
71.975,32817
71.98,33000
71.985,33031
71.99,33150
71.995,33199
72.0,33336
72.005,33372
72.01,33458
72.015,33527
72.02,33479
72.025,33466
72.03,33846
72.035,33834
72.04,33809
72.045,33779
72.05,33652
72.055,33577
72.06,33467
72.065,33426
72.07,33354
72.075,33216
72.08,33156
72.085,33015
72.09,32933
72.095,32919
72.1,32848
72.105,32750
72.11,32663
72.115,32671
72.12,32596
72.125,32642
72.13,32606
72.135,32594
72.14,32639
72.145,32754
72.15,32717
72.155,32757
72.16,32739
72.165,32852
72.17,32824
72.175,32911
72.18,32994
72.185,33115
72.19,33066
72.195,33159
72.2,33177
72.205,33162
72.21,33288
72.215,33383
72.22,33351
72.225,33314
72.23,33350
72.235,33376
72.24,33318
72.245,33349
72.25,33302
72.255,33299
72.26,33251
72.265,33230
72.27,33196
72.275,33108
72.28,33134
72.285,32985
72.29,32979
72.295,32968
72.3,32886
72.305,32763
72.31,32722
72.315,32608
72.32,32590
72.325,32480
72.33,32497
72.335,32411
72.34,32322
72.345,32322
72.35,32226
72.355,32211
72.36,32133
72.365,32104
72.37,32122
72.375,32128
72.38,32092
72.385,32046
72.39,31993
72.395,31997
72.4,31946
72.405,31932
72.41,31914
72.415,31944
72.42,31912
72.425,31844
72.43,31896
72.435,31923
72.44,31893
72.445,31847
72.45,31866
72.455,31862
72.46,31891
72.465,31877
72.47,31845
72.475,31885
72.48,31786
72.485,31783
72.49,31874
72.495,31779
72.5,31899
72.505,31854
72.51,31848
72.515,31887
72.52,31913
72.525,31844
72.53,31856
72.535,31806
72.54,31795
72.545,31793
72.55,31885
72.555,31823
72.56,31892
72.565,31796
72.57,31804
72.575,31841
72.58,31870
72.585,31802
72.59,31815
72.595,31807
72.6,31897
72.605,31846
72.61,31847
72.615,31806
72.62,31825
72.625,31803
72.63,31911
72.635,31825
72.64,31757
72.645,31787
72.65,31751
72.655,31786
72.66,31771
72.665,31879
72.67,31833
72.675,31805
72.68,31930
72.685,31851
72.69,31943
72.695,31889
72.7,31920
72.705,31965
72.71,32030
72.715,32009
72.72,32108
72.725,32070
72.73,32235
72.735,32234
72.74,32297
72.745,32365
72.75,32468
72.755,32574
72.76,32659
72.765,32705
72.77,32931
72.775,32946
72.78,33044
72.785,33143
72.79,33302
72.795,33338
72.8,33436
72.805,33538
72.81,33568
72.815,33575
72.82,33562
72.825,33924
72.83,33929
72.835,33844
72.84,33806
72.845,33793
72.85,33689
72.855,33670
72.86,33481
72.865,33416
72.87,33310
72.875,33254
72.88,33126
72.885,33096
72.89,33048
72.895,32906
72.9,32859
72.905,32771
72.91,32788
72.915,32687
72.92,32691
72.925,32703
72.93,32652
72.935,32724
72.94,32711
72.945,32758
72.95,32768
72.955,32777
72.96,32891
72.965,32923
72.97,32974
72.975,33008
72.98,33094
72.985,33113
72.99,33185
72.995,33285
73.0,33259
73.005,33328
73.01,33333
73.015,33387
73.02,33391
73.025,33442
73.03,33401
73.035,33411
73.04,33474
73.045,33409
73.05,33445
73.055,33347
73.06,33280
73.065,33275
73.07,33245
73.075,33172
73.08,33074
73.085,33004
73.09,33065
73.095,32910
73.1,32891
73.105,32842
73.11,32775
73.115,32567
73.12,32560
73.125,32508
73.13,32518
73.135,32424
73.14,32343
73.145,32361
73.15,32320
73.155,32252
73.16,32163
73.165,32187
73.17,32111
73.175,32108
73.18,32097
73.185,32071
73.19,32035
73.195,32022
73.2,32032
73.205,31999
73.21,31894
73.215,31944
73.22,31963
73.225,31992
73.23,31930
73.235,31921
73.24,31954
73.245,31895
73.25,31953
73.255,31905
73.26,31931
73.265,31935
73.27,31935
73.275,31958
73.28,31910
73.285,31889
73.29,31916
73.295,31990
73.3,31952
73.305,31878
73.31,31867
73.315,31904
73.32,31859
73.325,31863
73.33,31948
73.335,31946
73.34,31942
73.345,31966
73.35,31834
73.355,31911
73.36,31883
73.365,31942
73.37,31869
73.375,31920
73.38,31934
73.385,31939
73.39,31960
73.395,31956
73.4,31907
73.405,31847
73.41,31916
73.415,31955
73.42,31943
73.425,31829
73.43,31866
73.435,31923
73.44,31919
73.445,31903
73.45,31904
73.455,31870
73.46,31917
73.465,31962
73.47,31901
73.475,31838
73.48,31873
73.485,31917
73.49,31918
73.495,31871
73.5,31868
73.505,31906
73.51,31911
73.515,31908
73.52,31904
73.525,31907
73.53,31887
73.535,31849
73.54,31880
73.545,31919
73.55,31973
73.555,31928
73.56,32051
73.565,31995
73.57,31999
73.575,32087
73.58,32142
73.585,32197
73.59,32227
73.595,32276
73.6,32312
73.605,32374
73.61,32462
73.615,32516
73.62,32654
73.625,32674
73.63,32821
73.635,32937
73.64,33063
73.645,33183
73.65,33282
73.655,33375
73.66,33398
73.665,33603
73.67,33570
73.675,33679
73.68,33676
73.685,33688
73.69,33992
73.695,33976
73.7,33882
73.705,33873
73.71,33899
73.715,33767
73.72,33637
73.725,33551
73.73,33453
73.735,33368
73.74,33327
73.745,33207
73.75,33084
73.755,32948
73.76,33016
73.765,32938
73.77,32847
73.775,32825
73.78,32771
73.785,32746
73.79,32853
73.795,32687
73.8,32775
73.805,32825
73.81,32860
73.815,32880
73.82,32912
73.825,32980
73.83,32980
73.835,33033
73.84,33147
73.845,33152
73.85,33257
73.855,33322
73.86,33379
73.865,33413
73.87,33372
73.875,33444
73.88,33467
73.885,33525
73.89,33489
73.895,33553
73.9,33508
73.905,33540
73.91,33479
73.915,33454
73.92,33381
73.925,33367
73.93,33394
73.935,33343
73.94,33151
73.945,33263
73.95,33180
73.955,33029
73.96,33018
73.965,32959
73.97,32771
73.975,32790
73.98,32738
73.985,32664
73.99,32562
73.995,32549
74.0,32520
74.005,32464
74.01,32362
74.015,32440
74.02,32277
74.025,32255
74.03,32263
74.035,32194
74.04,32164
74.045,32141
74.05,32133
74.055,32204
74.06,32090
74.065,32066
74.07,32031
74.075,32069
74.08,32072
74.085,32012
74.09,32019
74.095,32043
74.1,32002
74.105,31990
74.11,32041
74.115,32058
74.12,31997
74.125,31934
74.13,32021
74.135,31947
74.14,32068
74.145,32010
74.15,32022
74.155,32008
74.16,32033
74.165,32021
74.17,32010
74.175,32002
74.18,31938
74.185,32016
74.19,31982
74.195,32001
74.2,32025
74.205,31960
74.21,31961
74.215,32018
74.22,31962
74.225,31970
74.23,31971
74.235,32009
74.24,31976
74.245,31993
74.25,32034
74.255,32005
74.26,32002
74.265,31982
74.27,31970
74.275,31930
74.28,31976
74.285,32022
74.29,32049
74.295,31962
74.3,31983
74.305,32000
74.31,31993
74.315,31967
74.32,31897
74.325,31965
74.33,31958
74.335,31971
74.34,31978
74.345,31959
74.35,31995
74.355,31965
74.36,31942
74.365,32011
74.37,32001
74.375,32027
74.38,32059
74.385,31981
74.39,32043
74.395,32027
74.4,32105
74.405,32079
74.41,32068
74.415,32252
74.42,32215
74.425,32291
74.43,32389
74.435,32479
74.44,32532
74.445,32600
74.45,32776
74.455,32796
74.46,32878
74.465,32993
74.47,33070
74.475,33211
74.48,33271
74.485,33417
74.49,33433
74.495,33579
74.5,33666
74.505,33702
74.51,33733
74.515,33838
74.52,34087
74.525,34042
74.53,34040
74.535,34040
74.54,33914
74.545,33798
74.55,33765
74.555,33643
74.56,33584
74.565,33440
74.57,33456
74.575,33307
74.58,33244
74.585,33140
74.59,33095
74.595,32993
74.6,32933
74.605,32874
74.61,32853
74.615,32885
74.62,32882
74.625,32828
74.63,32802
74.635,32910
74.64,32873
74.645,32915
74.65,32972
74.655,33062
74.66,33090
74.665,33119
74.67,33128
74.675,33237
74.68,33330
74.685,33346
74.69,33413
74.695,33437
74.7,33465
74.705,33515
74.71,33538
74.715,33647
74.72,33585
74.725,33583
74.73,33586
74.735,33589
74.74,33575
74.745,33574
74.75,33545
74.755,33490
74.76,33368
74.765,33423
74.77,33352
74.775,33337
74.78,33142
74.785,33194
74.79,33020
74.795,33039
74.8,32960
74.805,32938
74.81,32769
74.815,32807
74.82,32660
74.825,32644
74.83,32582
74.835,32573
74.84,32488
74.845,32462
74.85,32389
74.855,32358
74.86,32312
74.865,32322
74.87,32255
74.875,32216
74.88,32253
74.885,32223
74.89,32247
74.895,32171
74.9,32188
74.905,32126
74.91,32173
74.915,32182
74.92,32173
74.925,32051
74.93,32066
74.935,32032
74.94,32137
74.945,32140
74.95,32080
74.955,32059
74.96,32065
74.965,32053
74.97,32062
74.975,32054
74.98,32108
74.985,32154
74.99,32074
74.995,32108
75.0,32134
75.005,32128
75.01,32069
75.015,32095
75.02,32123
75.025,32116
75.03,32125
75.035,32050
75.04,32074
75.045,32105
75.05,32065
75.055,32146
75.06,32161
75.065,32041
75.07,32048
75.075,32067
75.08,32081
75.085,32110
75.09,32137
75.095,32042
75.1,32065
75.105,32097
75.11,32048
75.115,32086
75.12,32016
75.125,32079
75.13,32062
75.135,32082
75.14,32026
75.145,32037
75.15,32046
75.155,32016
75.16,31997
75.165,32025
75.17,32086
75.175,32059
75.18,32077
75.185,32068
75.19,32135
75.195,32060
75.2,32076
75.205,32117
75.21,32098
75.215,32115
75.22,32136
75.225,32099
75.23,32110
75.235,32154
75.24,32239
75.245,32333
75.25,32244
75.255,32344
75.26,32310
75.265,32443
75.27,32531
75.275,32601
75.28,32637
75.285,32762
75.29,32932
75.295,32982
75.3,33027
75.305,33166
75.31,33238
75.315,33355
75.32,33460
75.325,33561
75.33,33632
75.335,33735
75.34,33721
75.345,33772
75.35,33872
75.355,34155
75.36,34152
75.365,34111
75.37,34067
75.375,33986
75.38,33959
75.385,33873
75.39,33754
75.395,33696
75.4,33637
75.405,33433
75.41,33443
75.415,33298
75.42,33223
75.425,33172
75.43,33125
75.435,33048
75.44,33018
75.445,32917
75.45,32896
75.455,32894
75.46,32918
75.465,32904
75.47,32919
75.475,33012
75.48,33013
75.485,33012
75.49,33149
75.495,33198
75.5,33246
75.505,33174
75.51,33266
75.515,33324
75.52,33422
75.525,33485
75.53,33528
75.535,33527
75.54,33626
75.545,33692
75.55,33645
75.555,33698
75.56,33672
75.565,33577
75.57,33641
75.575,33638
75.58,33651
75.585,33634
75.59,33549
75.595,33493
75.6,33451
75.605,33428
75.61,33367
75.615,33323
75.62,33294
75.625,33155
75.63,33199
75.635,33052
75.64,33047
75.645,32938
75.65,32895
75.655,32787
75.66,32786
75.665,32696
75.67,32594
75.675,32585
75.68,32517
75.685,32528
75.69,32446
75.695,32460
75.7,32423
75.705,32388
75.71,32320
75.715,32357
75.72,32292
75.725,32271
75.73,32298
75.735,32230
75.74,32278
75.745,32253
75.75,32237
75.755,32203
75.76,32179
75.765,32209
75.77,32147
75.775,32194
75.78,32147
75.785,32220
75.79,32178
75.795,32209
75.8,32134
75.805,32168
75.81,32144
75.815,32159
75.82,32122
75.825,32197
75.83,32132
75.835,32178
75.84,32180
75.845,32210
75.85,32182
75.855,32098
75.86,32130
75.865,32113
75.87,32111
75.875,32118
75.88,32182
75.885,32179
75.89,32166
75.895,32115
75.9,32135
75.905,32175
75.91,32163
75.915,32111
75.92,32157
75.925,32154
75.93,32207
75.935,32141
75.94,32055
75.945,32163
75.95,32190
75.955,32092
75.96,32182
75.965,32191
75.97,32157
75.975,32129
75.98,32151
75.985,32138
75.99,32159
75.995,32193
76.0,32156
76.005,32131
76.01,32175
76.015,32138
76.02,32093
76.025,32160
76.03,32219
76.035,32138
76.04,32162
76.045,32105
76.05,32156
76.055,32153
76.06,32179
76.065,32179
76.07,32182
76.075,32230
76.08,32194
76.085,32199
76.09,32300
76.095,32311
76.1,32291
76.105,32321
76.11,32372
76.115,32549
76.12,32557
76.125,32611
76.13,32705
76.135,32754
76.14,32914
76.145,32947
76.15,33047
76.155,33125
76.16,33277
76.165,33365
76.17,33462
76.175,33457
76.18,33640
76.185,33697
76.19,33826
76.195,33785
76.2,33877
76.205,33884
76.21,34258
76.215,34251
76.22,34231
76.225,34151
76.23,34102
76.235,33999
76.24,33970
76.245,33852
76.25,33825
76.255,33763
76.26,33535
76.265,33494
76.27,33363
76.275,33282
76.28,33256
76.285,33202
76.29,33119
76.295,33115
76.3,33053
76.305,33009
76.31,33079
76.315,33037
76.32,33027
76.325,33073
76.33,33102
76.335,33099
76.34,33183
76.345,33131
76.35,33193
76.355,33295
76.36,33295
76.365,33452
76.37,33447
76.375,33536
76.38,33552
76.385,33578
76.39,33628
76.395,33704
76.4,33692
76.405,33654
76.41,33793
76.415,33740
76.42,33745
76.425,33742
76.43,33701
76.435,33621
76.44,33668
76.445,33631
76.45,33621
76.455,33575
76.46,33503
76.465,33435
76.47,33465
76.475,33360
76.48,33280
76.485,33165
76.49,33129
76.495,33087
76.5,32982
76.505,32930
76.51,32860
76.515,32829
76.52,32794
76.525,32723
76.53,32669
76.535,32646
76.54,32619
76.545,32445
76.55,32476
76.555,32469
76.56,32461
76.565,32342
76.57,32384
76.575,32423
76.58,32357
76.585,32347
76.59,32361
76.595,32339
76.6,32279
76.605,32302
76.61,32260
76.615,32299
76.62,32300
76.625,32305
76.63,32280
76.635,32168
76.64,32255
76.645,32226
76.65,32280
76.655,32292
76.66,32261
76.665,32231
76.67,32264
76.675,32276
76.68,32287
76.685,32282
76.69,32235
76.695,32250
76.7,32243
76.705,32285
76.71,32187
76.715,32184
76.72,32278
76.725,32278
76.73,32262
76.735,32232
76.74,32272
76.745,32234
76.75,32212
76.755,32258
76.76,32194
76.765,32246
76.77,32225
76.775,32237
76.78,32297
76.785,32183
76.79,32244
76.795,32275
76.8,32263
76.805,32245
76.81,32198
76.815,32279
76.82,32215
76.825,32300
76.83,32229
76.835,32265
76.84,32261
76.845,32210
76.85,32225
76.855,32269
76.86,32213
76.865,32257
76.87,32218
76.875,32250
76.88,32233
76.885,32236
76.89,32274
76.895,32195
76.9,32192
76.905,32160
76.91,32336
76.915,32211
76.92,32268
76.925,32216
76.93,32211
76.935,32202
76.94,32307
76.945,32207
76.95,32203
76.955,32259
76.96,32273
76.965,32273
76.97,32234
76.975,32287
76.98,32332
76.985,32297
76.99,32374
76.995,32329
77.0,32402
77.005,32436
77.01,32468
77.015,32575
77.02,32553
77.025,32675
77.03,32715
77.035,32863
77.04,32876
77.045,33066
77.05,33125
77.055,33288
77.06,33348
77.065,33526
77.07,33564
77.075,33657
77.08,33737
77.085,33822
77.09,33851
77.095,33960
77.1,33928
77.105,34007
77.11,34317
77.115,34304
77.12,34252
77.125,34222
77.13,34166
77.135,34103
77.14,34065
77.145,33911
77.15,33855
77.155,33764
77.16,33667
77.165,33538
77.17,33530
77.175,33326
77.18,33285
77.185,33255
77.19,33168
77.195,33157
77.2,33145
77.205,33102
77.21,33085
77.215,33116
77.22,33098
77.225,33112
77.23,33099
77.235,33220
77.24,33299
77.245,33249
77.25,33312
77.255,33433
77.26,33395
77.265,33458
77.27,33564
77.275,33598
77.28,33668
77.285,33638
77.29,33755
77.295,33738
77.3,33831
77.305,33840
77.31,33807
77.315,33873
77.32,33825
77.325,33788
77.33,33794
77.335,33737
77.34,33748
77.345,33686
77.35,33720
77.355,33594
77.36,33623
77.365,33549
77.37,33404
77.375,33396
77.38,33328
77.385,33250
77.39,33200
77.395,33215
77.4,33072
77.405,32973
77.41,32923
77.415,32879
77.42,32924
77.425,32773
77.43,32793
77.435,32644
77.44,32637
77.445,32601
77.45,32564
77.455,32558
77.46,32534
77.465,32487
77.47,32422
77.475,32456
77.48,32430
77.485,32440
77.49,32370
77.495,32436
77.5,32391
77.505,32327
77.51,32393
77.515,32321
77.52,32326
77.525,32336
77.53,32352
77.535,32422
77.54,32327
77.545,32352
77.55,32347
77.555,32320
77.56,32272
77.565,32327
77.57,32251
77.575,32336
77.58,32270
77.585,32332
77.59,32357
77.595,32293
77.6,32340
77.605,32359
77.61,32278
77.615,32240
77.62,32293
77.625,32324
77.63,32277
77.635,32313
77.64,32321
77.645,32338
77.65,32353
77.655,32325
77.66,32280
77.665,32299
77.67,32251
77.675,32333
77.68,32383
77.685,32259
77.69,32326
77.695,32333
77.7,32415
77.705,32380
77.71,32292
77.715,32342
77.72,32334
77.725,32242
77.73,32311
77.735,32296
77.74,32365
77.745,32297
77.75,32323
77.755,32359
77.76,32344
77.765,32264
77.77,32310
77.775,32326
77.78,32336
77.785,32313
77.79,32364
77.795,32311
77.8,32333
77.805,32415
77.81,32370
77.815,32351
77.82,32479
77.825,32412
77.83,32471
77.835,32549
77.84,32620
77.845,32677
77.85,32752
77.855,32818
77.86,32893
77.865,32962
77.87,33045
77.875,33136
77.88,33343
77.885,33367
77.89,33453
77.895,33592
77.9,33672
77.905,33770
77.91,33845
77.915,33935
77.92,33985
77.925,33982
77.93,34072
77.935,34103
77.94,34404
77.945,34374
77.95,34355
77.955,34294
77.96,34192
77.965,34154
77.97,34045
77.975,33936
77.98,33901
77.985,33800
77.99,33726
77.995,33593
78.0,33533
78.005,33442
78.01,33387
78.015,33276
78.02,33288
78.025,33190
78.03,33115
78.035,33167
78.04,33109
78.045,33202
78.05,33136
78.055,33205
78.06,33172
78.065,33282
78.07,33361
78.075,33345
78.08,33450
78.085,33453
78.09,33472
78.095,33556
78.1,33589
78.105,33690
78.11,33736
78.115,33820
78.12,33770
78.125,33827
78.13,33837
78.135,33850
78.14,33881
78.145,33918
78.15,33921
78.155,33926
78.16,33861
78.165,33843
78.17,33803
78.175,33658
78.18,33739
78.185,33692
78.19,33618
78.195,33587
78.2,33560
78.205,33414
78.21,33408
78.215,33306
78.22,33258
78.225,33192
78.23,33126
78.235,33127
78.24,33009
78.245,32946
78.25,32861
78.255,32907
78.26,32817
78.265,32756
78.27,32683
78.275,32663
78.28,32699
78.285,32577
78.29,32544
78.295,32604
78.3,32495
78.305,32536
78.31,32563
78.315,32434
78.32,32428
78.325,32498
78.33,32490
78.335,32506
78.34,32435
78.345,32426
78.35,32372
78.355,32399
78.36,32403
78.365,32412
78.37,32367
78.375,32387
78.38,32429
78.385,32449
78.39,32411
78.395,32418
78.4,32442
78.405,32314
78.41,32453
78.415,32382
78.42,32322
78.425,32393
78.43,32406
78.435,32358
78.44,32422
78.445,32410
78.45,32461
78.455,32375
78.46,32376
78.465,32357
78.47,32336
78.475,32387
78.48,32451
78.485,32350
78.49,32342
78.495,32376
78.5,32345
78.505,32388
78.51,32360
78.515,32350
78.52,32349
78.525,32369
78.53,32419
78.535,32296
78.54,32434
78.545,32379
78.55,32417
78.555,32397
78.56,32386
78.565,32333
78.57,32333
78.575,32392
78.58,32383
78.585,32438
78.59,32247
78.595,32341
78.6,32270
78.605,32437
78.61,32342
78.615,32316
78.62,32397
78.625,32405
78.63,32338
78.635,32366
78.64,32395
78.645,32471
78.65,32404
78.655,32451
78.66,32513
78.665,32512
78.67,32530
78.675,32590
78.68,32683
78.685,32692
78.69,32793
78.695,32793
78.7,32898
78.705,32973
78.71,33127
78.715,33117
78.72,33200
78.725,33384
78.73,33517
78.735,33660
78.74,33627
78.745,33738
78.75,33921
78.755,33977
78.76,34004
78.765,34084
78.77,34152
78.775,34155
78.78,34394
78.785,34442
78.79,34417
78.795,34403
78.8,34345
78.805,34232
78.81,34164
78.815,34041
78.82,33929
78.825,33873
78.83,33717
78.835,33600
78.84,33538
78.845,33528
78.85,33437
78.855,33367
78.86,33374
78.865,33289
78.87,33233
78.875,33270
78.88,33216
78.885,33159
78.89,33207
78.895,33230
78.9,33288
78.905,33309
78.91,33372
78.915,33400
78.92,33439
78.925,33488
78.93,33547
78.935,33593
78.94,33607
78.945,33681
78.95,33778
78.955,33762
78.96,33891
78.965,33890
78.97,33899
78.975,33870
78.98,33935
78.985,33938
78.99,33969
78.995,33985
79.0,33965
79.005,33932
79.01,33909
79.015,33905
79.02,33825
79.025,33775
79.03,33680
79.035,33648
79.04,33606
79.045,33462
79.05,33529
79.055,33389
79.06,33353
79.065,33183
79.07,33204
79.075,33096
79.08,33072
79.085,32976
79.09,32923
79.095,32848
79.1,32906
79.105,32787
79.11,32731
79.115,32676
79.12,32691
79.125,32721
79.13,32631
79.135,32576
79.14,32580
79.145,32539
79.15,32537
79.155,32502
79.16,32567
79.165,32583
79.17,32479
79.175,32449
79.18,32484
79.185,32473
79.19,32499
79.195,32438
79.2,32447
79.205,32450
79.21,32441
79.215,32459
79.22,32459
79.225,32455
79.23,32372
79.235,32456
79.24,32441
79.245,32364
79.25,32434
79.255,32405
79.26,32425
79.265,32386
79.27,32456
79.275,32450
79.28,32462
79.285,32443
79.29,32442
79.295,32443
79.3,32467
79.305,32423
79.31,32452
79.315,32377
79.32,32448
79.325,32412
79.33,32476
79.335,32436
79.34,32385
79.345,32432
79.35,32400
79.355,32456
79.36,32416
79.365,32409
79.37,32413
79.375,32372
79.38,32415
79.385,32402
79.39,32413
79.395,32449
79.4,32366
79.405,32406
79.41,32463
79.415,32402
79.42,32395
79.425,32416
79.43,32452
79.435,32412
79.44,32452
79.445,32374
79.45,32462
79.455,32404
79.46,32442
79.465,32462
79.47,32407
79.475,32511
79.48,32459
79.485,32449
79.49,32542
79.495,32531
79.5,32610
79.505,32563
79.51,32552
79.515,32657
79.52,32629
79.525,32783
79.53,32822
79.535,32808
79.54,32969
79.545,33029
79.55,33091
79.555,33225
79.56,33300
79.565,33442
79.57,33511
79.575,33697
79.58,33834
79.585,33871
79.59,33907
79.595,34013
79.6,34078
79.605,34095
79.61,34150
79.615,34224
79.62,34469
79.625,34510
79.63,34432
79.635,34353
79.64,34313
79.645,34280
79.65,34160
79.655,34050
79.66,33969
79.665,33844
79.67,33792
79.675,33727
79.68,33644
79.685,33593
79.69,33481
79.695,33316
79.7,33360
79.705,33257
79.71,33263
79.715,33235
79.72,33274
79.725,33258
79.73,33256
79.735,33298
79.74,33268
79.745,33326
79.75,33426
79.755,33516
79.76,33479
79.765,33599
79.77,33597
79.775,33702
79.78,33667
79.785,33770
79.79,33850
79.795,33808
79.8,33890
79.805,33888
79.81,33937
79.815,33981
79.82,33970
79.825,33964
79.83,33992
79.835,33949
79.84,33946
79.845,33908
79.85,33912
79.855,33838
79.86,33789
79.865,33740
79.87,33679
79.875,33679
79.88,33639
79.885,33536
79.89,33433
79.895,33354
79.9,33330
79.905,33266
79.91,33218
79.915,33152
79.92,33114
79.925,33008
79.93,33052
79.935,32894
79.94,32870
79.945,32830
79.95,32767
79.955,32680
79.96,32760
79.965,32814
79.97,32702
79.975,32571
79.98,32614
79.985,32584
79.99,32618
79.995,32564
80.0,32539
80.005,32505
80.01,32539
80.015,32502
80.02,32517
80.025,32514
80.03,32496
80.035,32488
80.04,32473
80.045,32479
80.05,32429
80.055,32397
80.06,32465
80.065,32495
80.07,32453
80.075,32438
80.08,32467
80.085,32426
80.09,32425
80.095,32445
80.1,32463
80.105,32457
80.11,32503
80.115,32444
80.12,32402
80.125,32417
80.13,32429
80.135,32444
80.14,32407
80.145,32469
80.15,32467
80.155,32419
80.16,32489
80.165,32442
80.17,32412
80.175,32426
80.18,32419
80.185,32480
80.19,32421
80.195,32486
80.2,32456
80.205,32440
80.21,32459
80.215,32432
80.22,32424
80.225,32393
80.23,32472
80.235,32527
80.24,32401
80.245,32438
80.25,32502
80.255,32506
80.26,32494
80.265,32433
80.27,32484
80.275,32438
80.28,32398
80.285,32446
80.29,32451
80.295,32489
80.3,32415
80.305,32405
80.31,32451
80.315,32462
80.32,32504
80.325,32461
80.33,32435
80.335,32462
80.34,32575
80.345,32414
80.35,32497
80.355,32579
80.36,32547
80.365,32537
80.37,32583
80.375,32673
80.38,32657
80.385,32756
80.39,32811
80.395,32870
80.4,32954
80.405,33040
80.41,33113
80.415,33228
80.42,33302
80.425,33379
80.43,33515
80.435,33646
80.44,33764
80.445,33896
80.45,33909
80.455,33967
80.46,34037
80.465,34138
80.47,34100
80.475,34146
80.48,34538
80.485,34527
80.49,34432
80.495,34465
80.5,34387
80.505,34340
80.51,34271
80.515,34140
80.52,34052
80.525,33972
80.53,33821
80.535,33784
80.54,33620
80.545,33632
80.55,33537
80.555,33427
80.56,33395
80.565,33330
80.57,33330
80.575,33339
80.58,33274
80.585,33291
80.59,33334
80.595,33304
80.6,33368
80.605,33340
80.61,33398
80.615,33480
80.62,33543
80.625,33506
80.63,33600
80.635,33704
80.64,33723
80.645,33732
80.65,33822
80.655,33835
80.66,33941
80.665,33902
80.67,33922
80.675,33988
80.68,33999
80.685,34008
80.69,33979
80.695,34031
80.7,33986
80.705,33932
80.71,34054
80.715,33929
80.72,33851
80.725,33855
80.73,33739
80.735,33760
80.74,33709
80.745,33624
80.75,33569
80.755,33509
80.76,33478
80.765,33466
80.77,33191
80.775,33237
80.78,33149
80.785,33156
80.79,33043
80.795,33002
80.8,32919
80.805,32926
80.81,32870
80.815,32806
80.82,32829
80.825,32805
80.83,32720
80.835,32670
80.84,32627
80.845,32708
80.85,32579
80.855,32607
80.86,32550
80.865,32535
80.87,32523
80.875,32597
80.88,32519
80.885,32464
80.89,32482
80.895,32462
80.9,32493
80.905,32485
80.91,32555
80.915,32464
80.92,32453
80.925,32500
80.93,32558
80.935,32475
80.94,32460
80.945,32535
80.95,32422
80.955,32480
80.96,32465
80.965,32502
80.97,32495
80.975,32470
80.98,32462
80.985,32476
80.99,32461
80.995,32452
81.0,32472
81.005,32476
81.01,32530
81.015,32483
81.02,32434
81.025,32475
81.03,32441
81.035,32528
81.04,32476
81.045,32440
81.05,32427
81.055,32485
81.06,32429
81.065,32415
81.07,32454
81.075,32426
81.08,32455
81.085,32466
81.09,32519
81.095,32506
81.1,32499
81.105,32427
81.11,32471
81.115,32417
81.12,32432
81.125,32429
81.13,32406
81.135,32376
81.14,32479
81.145,32449
81.15,32417
81.155,32456
81.16,32437
81.165,32473
81.17,32433
81.175,32466
81.18,32363
81.185,32521
81.19,32480
81.195,32435
81.2,32420
81.205,32389
81.21,32463
81.215,32468
81.22,32497
81.225,32516
81.23,32554
81.235,32513
81.24,32549
81.245,32687
81.25,32703
81.255,32803
81.26,32745
81.265,32847
81.27,32896
81.275,33122
81.28,33052
81.285,33178
81.29,33336
81.295,33466
81.3,33459
81.305,33607
81.31,33662
81.315,33876
81.32,33957
81.325,34008
81.33,34044
81.335,34139
81.34,34174
81.345,34214
81.35,34496
81.355,34563
81.36,34452
81.365,34426
81.37,34376
81.375,34346
81.38,34229
81.385,34205
81.39,34094
81.395,33933
81.4,33894
81.405,33723
81.41,33626
81.415,33655
81.42,33539
81.425,33514
81.43,33392
81.435,33334
81.44,33291
81.445,33359
81.45,33311
81.455,33227
81.46,33261
81.465,33284
81.47,33292
81.475,33413
81.48,33407
81.485,33482
81.49,33513
81.495,33496
81.5,33589
81.505,33625
81.51,33750
81.515,33781
81.52,33793
81.525,33912
81.53,33991
81.535,33899
81.54,33896
81.545,33996
81.55,34020
81.555,33944
81.56,33966
81.565,33973
81.57,34015
81.575,33981
81.58,33894
81.585,33872
81.59,33824
81.595,33821
81.6,33846
81.605,33767
81.61,33686
81.615,33549
81.62,33568
81.625,33436
81.63,33368
81.635,33372
81.64,33259
81.645,33233
81.65,33164
81.655,33061
81.66,33034
81.665,32996
81.67,32921
81.675,32833
81.68,32880
81.685,32773
81.69,32728
81.695,32703
81.7,32728
81.705,32675
81.71,32708
81.715,32566
81.72,32585
81.725,32589
81.73,32560
81.735,32503
81.74,32508
81.745,32515
81.75,32509
81.755,32513
81.76,32502
81.765,32468
81.77,32440
81.775,32547
81.78,32550
81.785,32493
81.79,32528
81.795,32521
81.8,32517
81.805,32459
81.81,32485
81.815,32461
81.82,32419
81.825,32428
81.83,32483
81.835,32473
81.84,32489
81.845,32473
81.85,32475
81.855,32479
81.86,32428
81.865,32438
81.87,32548
81.875,32477
81.88,32508
81.885,32443
81.89,32463
81.895,32510
81.9,32470
81.905,32478
81.91,32490
81.915,32454
81.92,32409
81.925,32405
81.93,32405
81.935,32399
81.94,32373
81.945,32406
81.95,32423
81.955,32509
81.96,32416
81.965,32450
81.97,32438
81.975,32439
81.98,32399
81.985,32461
81.99,32422
81.995,32483
82.0,32451
82.005,32391
82.01,32471
82.015,32394
82.02,32376
82.025,32516
82.03,32464
82.035,32481
82.04,32431
82.045,32433
82.05,32418
82.055,32438
82.06,32443
82.065,32417
82.07,32536
82.075,32467
82.08,32556
82.085,32505
82.09,32580
82.095,32576
82.1,32635
82.105,32695
82.11,32736
82.115,32815
82.12,32880
82.125,32936
82.13,33023
82.135,33119
82.14,33247
82.145,33311
82.15,33382
82.155,33510
82.16,33638
82.165,33735
82.17,33869
82.175,33989
82.18,34028
82.185,34097
82.19,34158
82.195,34164
82.2,34200
82.205,34556
82.21,34534
82.215,34419
82.22,34424
82.225,34361
82.23,34305
82.235,34270
82.24,34179
82.245,34002
82.25,33991
82.255,33822
82.26,33780
82.265,33670
82.27,33575
82.275,33473
82.28,33471
82.285,33407
82.29,33283
82.295,33356
82.3,33280
82.305,33296
82.31,33247
82.315,33283
82.32,33300
82.325,33225
82.33,33419
82.335,33426
82.34,33444
82.345,33565
82.35,33603
82.355,33649
82.36,33615
82.365,33782
82.37,33775
82.375,33866
82.38,33819
82.385,33887
82.39,33895
82.395,33933
82.4,33943
82.405,33956
82.41,34031
82.415,33992
82.42,33981
82.425,33905
82.43,33958
82.435,33882
82.44,33924
82.445,33834
82.45,33817
82.455,33736
82.46,33660
82.465,33585
82.47,33602
82.475,33508
82.48,33398
82.485,33381
82.49,33345
82.495,33247
82.5,33208
82.505,33104
82.51,32990
82.515,32955
82.52,32939
82.525,32908
82.53,32886
82.535,32881
82.54,32771
82.545,32737
82.55,32731
82.555,32679
82.56,32633
82.565,32624
82.57,32656
82.575,32577
82.58,32502
82.585,32605
82.59,32531
82.595,32570
82.6,32494
82.605,32432
82.61,32476
82.615,32438
82.62,32493
82.625,32488
82.63,32462
82.635,32536
82.64,32430
82.645,32419
82.65,32470
82.655,32489
82.66,32464
82.665,32430
82.67,32491
82.675,32379
82.68,32407
82.685,32440
82.69,32382
82.695,32447
82.7,32430
82.705,32438
82.71,32447
82.715,32462
82.72,32447
82.725,32443
82.73,32370
82.735,32427
82.74,32402
82.745,32410
82.75,32341
82.755,32392
82.76,32418
82.765,32477
82.77,32385
82.775,32364
82.78,32429
82.785,32490
82.79,32453
82.795,32412
82.8,32436
82.805,32394
82.81,32430
82.815,32410
82.82,32493
82.825,32388
82.83,32436
82.835,32432
82.84,32412
82.845,32422
82.85,32499
82.855,32365
82.86,32422
82.865,32448
82.87,32379
82.875,32370
82.88,32352
82.885,32484
82.89,32437
82.895,32397
82.9,32404
82.905,32418
82.91,32449
82.915,32414
82.92,32482
82.925,32498
82.93,32543
82.935,32533
82.94,32570
82.945,32593
82.95,32659
82.955,32685
82.96,32710
82.965,32759
82.97,32829
82.975,32930
82.98,32982
82.985,33068
82.99,33141
82.995,33273
83.0,33374
83.005,33493
83.01,33633
83.015,33698
83.02,33732
83.025,33910
83.03,33973
83.035,34048
83.04,34093
83.045,34112
83.05,34114
83.055,34513
83.06,34512
83.065,34392
83.07,34389
83.075,34281
83.08,34219
83.085,34234
83.09,34106
83.095,34071
83.1,33866
83.105,33830
83.11,33766
83.115,33674
83.12,33627
83.125,33496
83.13,33431
83.135,33374
83.14,33338
83.145,33289
83.15,33254
83.155,33236
83.16,33265
83.165,33232
83.17,33235
83.175,33326
83.18,33314
83.185,33351
83.19,33418
83.195,33437
83.2,33472
83.205,33591
83.21,33653
83.215,33629
83.22,33707
83.225,33781
83.23,33852
83.235,33876
83.24,33911
83.245,33899
83.25,33945
83.255,33991
83.26,33922
83.265,33997
83.27,33967
83.275,33924
83.28,33947
83.285,33914
83.29,33841
83.295,33816
83.3,33747
83.305,33717
83.31,33630
83.315,33558
83.32,33579
83.325,33428
83.33,33369
83.335,33318
83.34,33364
83.345,33169
83.35,33143
83.355,33072
83.36,33066
83.365,32954
83.37,32972
83.375,32875
83.38,32877
83.385,32796
83.39,32742
83.395,32662
83.4,32651
83.405,32636
83.41,32604
83.415,32611
83.42,32566
83.425,32578
83.43,32525
83.435,32505
83.44,32534
83.445,32502
83.45,32510
83.455,32486
83.46,32445
83.465,32466
83.47,32468
83.475,32451
83.48,32496
83.485,32364
83.49,32444
83.495,32436
83.5,32464
83.505,32409
83.51,32434
83.515,32398
83.52,32366
83.525,32382
83.53,32464
83.535,32364
83.54,32427
83.545,32359
83.55,32437
83.555,32430
83.56,32411
83.565,32386
83.57,32404
83.575,32414
83.58,32389
83.585,32325
83.59,32424
83.595,32399
83.6,32391
83.605,32378
83.61,32270
83.615,32387
83.62,32377
83.625,32408
83.63,32398
83.635,32361
83.64,32405
83.645,32379
83.65,32392
83.655,32378
83.66,32403
83.665,32405
83.67,32398
83.675,32437
83.68,32421
83.685,32398
83.69,32364
83.695,32371
83.7,32385
83.705,32386
83.71,32357
83.715,32350
83.72,32411
83.725,32403
83.73,32414
83.735,32359
83.74,32375
83.745,32463
83.75,32512
83.755,32541
83.76,32555
83.765,32603
83.77,32569
83.775,32707
83.78,32754
83.785,32722
83.79,32926
83.795,33008
83.8,33041
83.805,33108
83.81,33301
83.815,33361
83.82,33420
83.825,33545
83.83,33695
83.835,33725
83.84,33894
83.845,33891
83.85,34019
83.855,34090
83.86,34098
83.865,34141
83.87,34430
83.875,34491
83.88,34420
83.885,34351
83.89,34318
83.895,34290
83.9,34161
83.905,34025
83.91,33950
83.915,33934
83.92,33788
83.925,33664
83.93,33616
83.935,33538
83.94,33466
83.945,33360
83.95,33324
83.955,33279
83.96,33242
83.965,33220
83.97,33201
83.975,33198
83.98,33154
83.985,33185
83.99,33287
83.995,33273
84.0,33293
84.005,33389
84.01,33492
84.015,33541
84.02,33507
84.025,33571
84.03,33582
84.035,33696
84.04,33752
84.045,33741
84.05,33748
84.055,33804
84.06,33873
84.065,33835
84.07,33941
84.075,33914
84.08,33896
84.085,33913
84.09,33870
84.095,33908
84.1,33846
84.105,33842
84.11,33837
84.115,33726
84.12,33688
84.125,33544
84.13,33595
84.135,33524
84.14,33461
84.145,33359
84.15,33293
84.155,33157
84.16,33183
84.165,33092
84.17,33061
84.175,33001
84.18,32946
84.185,32845
84.19,32860
84.195,32802
84.2,32722
84.205,32652
84.21,32642
84.215,32571
84.22,32600
84.225,32549
84.23,32603
84.235,32555
84.24,32476
84.245,32464
84.25,32453
84.255,32421
84.26,32473
84.265,32415
84.27,32336
84.275,32398
84.28,32316
84.285,32397
84.29,32418
84.295,32375
84.3,32325
84.305,32370
84.31,32412
84.315,32374
84.32,32312
84.325,32330
84.33,32369
84.335,32365
84.34,32377
84.345,32336
84.35,32246
84.355,32350
84.36,32407
84.365,32388
84.37,32291
84.375,32329
84.38,32323
84.385,32407
84.39,32359
84.395,32287
84.4,32320
84.405,32396
84.41,32367
84.415,32341
84.42,32283
84.425,32279
84.43,32429
84.435,32323
84.44,32293
84.445,32320
84.45,32419
84.455,32390
84.46,32358
84.465,32313
84.47,32363
84.475,32382
84.48,32326
84.485,32311
84.49,32331
84.495,32342
84.5,32304
84.505,32245
84.51,32386
84.515,32348
84.52,32295
84.525,32335
84.53,32356
84.535,32367
84.54,32318
84.545,32319
84.55,32332
84.555,32366
84.56,32274
84.565,32437
84.57,32380
84.575,32410
84.58,32410
84.585,32441
84.59,32512
84.595,32539
84.6,32600
84.605,32631
84.61,32760
84.615,32777
84.62,32894
84.625,32931
84.63,33086
84.635,33185
84.64,33290
84.645,33345
84.65,33448
84.655,33566
84.66,33703
84.665,33745
84.67,33852
84.675,33911
84.68,33939
84.685,33970
84.69,34006
84.695,34100
84.7,34311
84.705,34355
84.71,34280
84.715,34274
84.72,34197
84.725,34171
84.73,34056
84.735,33922
84.74,33885
84.745,33745
84.75,33688
84.755,33554
84.76,33415
84.765,33431
84.77,33325
84.775,33359
84.78,33232
84.785,33135
84.79,33142
84.795,33197
84.8,33130
84.805,33118
84.81,33145
84.815,33177
84.82,33185
84.825,33200
84.83,33230
84.835,33364
84.84,33477
84.845,33447
84.85,33533
84.855,33561
84.86,33598
84.865,33585
84.87,33684
84.875,33734
84.88,33757
84.885,33781
84.89,33823
84.895,33840
84.9,33841
84.905,33839
84.91,33850
84.915,33854
84.92,33837
84.925,33815
84.93,33808
84.935,33751
84.94,33730
84.945,33684
84.95,33555
84.955,33527
84.96,33466
84.965,33408
84.97,33310
84.975,33349
84.98,33137
84.985,33118
84.99,33096
84.995,32953
85.0,32939
85.005,32898
85.01,32812
85.015,32807
85.02,32674
85.025,32648
85.03,32712
85.035,32615
85.04,32582
85.045,32474
85.05,32491
85.055,32506
85.06,32422
85.065,32412
85.07,32458
85.075,32367
85.08,32395
85.085,32369
85.09,32325
85.095,32362
85.1,32363
85.105,32274
85.11,32376
85.115,32301
85.12,32301
85.125,32331
85.13,32347
85.135,32353
85.14,32261
85.145,32310
85.15,32341
85.155,32284
85.16,32281
85.165,32301
85.17,32336
85.175,32329
85.18,32311
85.185,32291
85.19,32256
85.195,32265
85.2,32229
85.205,32336
85.21,32304
85.215,32285
85.22,32277
85.225,32297
85.23,32214
85.235,32331
85.24,32304
85.245,32250
85.25,32271
85.255,32351
85.26,32303
85.265,32326
85.27,32276
85.275,32240
85.28,32256
85.285,32305
85.29,32275
85.295,32245
85.3,32168
85.305,32291
85.31,32297
85.315,32260
85.32,32262
85.325,32255
85.33,32212
85.335,32267
85.34,32211
85.345,32252
85.35,32261
85.355,32253
85.36,32213
85.365,32219
85.37,32265
85.375,32205
85.38,32219
85.385,32275
85.39,32242
85.395,32281
85.4,32270
85.405,32287
85.41,32281
85.415,32268
85.42,32273
85.425,32372
85.43,32392
85.435,32381
85.44,32511
85.445,32505
85.45,32552
85.455,32630
85.46,32650
85.465,32731
85.47,32817
85.475,32892
85.48,33027
85.485,33121
85.49,33171
85.495,33346
85.5,33519
85.505,33491
85.51,33674
85.515,33666
85.52,33776
85.525,33870
85.53,33840
85.535,33957
85.54,34005
85.545,34367
85.55,34328
85.555,34302
85.56,34163
85.565,34182
85.57,34104
85.575,34119
85.58,33992
85.585,33824
85.59,33800
85.595,33618
85.6,33584
85.605,33437
85.61,33436
85.615,33331
85.62,33292
85.625,33215
85.63,33139
85.635,33081
85.64,33072
85.645,33070
85.65,33083
85.655,33092
85.66,33089
85.665,33138
85.67,33114
85.675,33191
85.68,33175
85.685,33285
85.69,33318
85.695,33429
85.7,33411
85.705,33461
85.71,33473
85.715,33608
85.72,33576
85.725,33716
85.73,33654
85.735,33703
85.74,33679
85.745,33772
85.75,33800
85.755,33845
85.76,33805
85.765,33768
85.77,33722
85.775,33709
85.78,33764
85.785,33712
85.79,33627
85.795,33501
85.8,33501
85.805,33459
85.81,33331
85.815,33325
85.82,33262
85.825,33174
85.83,33083
85.835,33091
85.84,32960
85.845,32938
85.85,32890
85.855,32776
85.86,32767
85.865,32744
85.87,32671
85.875,32593
85.88,32572
85.885,32517
85.89,32469
85.895,32459
85.9,32422
85.905,32384
85.91,32354
85.915,32313
85.92,32360
85.925,32308
85.93,32352
85.935,32303
85.94,32300
85.945,32273
85.95,32316
85.955,32218
85.96,32262
85.965,32272
85.97,32220
85.975,32233
85.98,32234
85.985,32330
85.99,32291
85.995,32265
86.0,32318
86.005,32306
86.01,32261
86.015,32233
86.02,32177
86.025,32183
86.03,32209
86.035,32208
86.04,32241
86.045,32181
86.05,32249
86.055,32188
86.06,32212
86.065,32169
86.07,32215
86.075,32140
86.08,32203
86.085,32232
86.09,32138
86.095,32191
86.1,32163
86.105,32183
86.11,32171
86.115,32220
86.12,32262
86.125,32210
86.13,32187
86.135,32060
86.14,32152
86.145,32196
86.15,32158
86.155,32210
86.16,32197
86.165,32185
86.17,32181
86.175,32200
86.18,32205
86.185,32154
86.19,32188
86.195,32119
86.2,32195
86.205,32220
86.21,32201
86.215,32175
86.22,32185
86.225,32194
86.23,32163
86.235,32258
86.24,32179
86.245,32177
86.25,32150
86.255,32198
86.26,32169
86.265,32205
86.27,32197
86.275,32133
86.28,32193
86.285,32230
86.29,32245
86.295,32232
86.3,32187
86.305,32236
86.31,32367
86.315,32354
86.32,32412
86.325,32292
86.33,32441
86.335,32519
86.34,32575
86.345,32679
86.35,32778
86.355,32853
86.36,32888
86.365,32969
86.37,33125
86.375,33180
86.38,33345
86.385,33509
86.39,33520
86.395,33671
86.4,33742
86.405,33774
86.41,33845
86.415,33849
86.42,33911
86.425,34267
86.43,34204
86.435,34198
86.44,34143
86.445,34128
86.45,34075
86.455,33920
86.46,33815
86.465,33774
86.47,33656
86.475,33575
86.48,33506
86.485,33387
86.49,33320
86.495,33169
86.5,33144
86.505,33090
86.51,33063
86.515,33024
86.52,32989
86.525,32931
86.53,32995
86.535,33014
86.54,32997
86.545,33040
86.55,33049
86.555,33073
86.56,33129
86.565,33149
86.57,33226
86.575,33228
86.58,33357
86.585,33449
86.59,33477
86.595,33497
86.6,33530
86.605,33531
86.61,33613
86.615,33696
86.62,33693
86.625,33627
86.63,33639
86.635,33707
86.64,33640
86.645,33620
86.65,33694
86.655,33566
86.66,33589
86.665,33570
86.67,33544
86.675,33404
86.68,33396
86.685,33385
86.69,33209
86.695,33178
86.7,33140
86.705,33069
86.71,32999
86.715,32980
86.72,32882
86.725,32809
86.73,32714
86.735,32727
86.74,32682
86.745,32577
86.75,32611
86.755,32501
86.76,32476
86.765,32430
86.77,32407
86.775,32369
86.78,32435
86.785,32318
86.79,32306
86.795,32349
86.8,32352
86.805,32210
86.81,32258
86.815,32221
86.82,32214
86.825,32192
86.83,32185
86.835,32194
86.84,32169
86.845,32196
86.85,32225
86.855,32147
86.86,32136
86.865,32154
86.87,32265
86.875,32167
86.88,32059
86.885,32118
86.89,32096
86.895,32148
86.9,32151
86.905,32125
86.91,32107
86.915,32101
86.92,32197
86.925,32118
86.93,32113
86.935,32134
86.94,32110
86.945,32155
86.95,32097
86.955,32075
86.96,32139
86.965,32117
86.97,32105
86.975,32070
86.98,32080
86.985,32120
86.99,32104
86.995,32138
87.0,32087
87.005,32040
87.01,32107
87.015,32113
87.02,32116
87.025,32105
87.03,32042
87.035,32117
87.04,32007
87.045,32131
87.05,32097
87.055,32126
87.06,32035
87.065,32095
87.07,32029
87.075,32125
87.08,32090
87.085,32043
87.09,32157
87.095,32079
87.1,32052
87.105,32031
87.11,32155
87.115,32099
87.12,32099
87.125,32129
87.13,32120
87.135,32178
87.14,32117
87.145,32190
87.15,32237
87.155,32196
87.16,32285
87.165,32371
87.17,32328
87.175,32472
87.18,32520
87.185,32583
87.19,32674
87.195,32763
87.2,32884
87.205,32947
87.21,32978
87.215,33118
87.22,33177
87.225,33358
87.23,33459
87.235,33515
87.24,33615
87.245,33720
87.25,33772
87.255,33804
87.26,33860
87.265,33779
87.27,34132
87.275,34183
87.28,34067
87.285,33964
87.29,33957
87.295,33873
87.3,33806
87.305,33666
87.31,33621
87.315,33474
87.32,33434
87.325,33336
87.33,33160
87.335,33120
87.34,33109
87.345,33038
87.35,32969
87.355,32924
87.36,32922
87.365,32954
87.37,32926
87.375,32940
87.38,32985
87.385,32911
87.39,32930
87.395,33001
87.4,33075
87.405,33053
87.41,33139
87.415,33199
87.42,33275
87.425,33266
87.43,33462
87.435,33427
87.44,33483
87.445,33491
87.45,33549
87.455,33632
87.46,33562
87.465,33593
87.47,33561
87.475,33590
87.48,33586
87.485,33602
87.49,33590
87.495,33548
87.5,33488
87.505,33444
87.51,33437
87.515,33374
87.52,33290
87.525,33290
87.53,33239
87.535,33155
87.54,33070
87.545,33010
87.55,32926
87.555,32913
87.56,32786
87.565,32802
87.57,32705
87.575,32551
87.58,32662
87.585,32506
87.59,32496
87.595,32419
87.6,32363
87.605,32392
87.61,32346
87.615,32307
87.62,32270
87.625,32239
87.63,32193
87.635,32172
87.64,32155
87.645,32171
87.65,32149
87.655,32154
87.66,32098
87.665,32146
87.67,32121
87.675,32026
87.68,32092
87.685,32162
87.69,32081
87.695,32068
87.7,32054
87.705,32085
87.71,32072
87.715,32076
87.72,32074
87.725,32023
87.73,32045
87.735,32077
87.74,32021
87.745,32059
87.75,32077
87.755,32035
87.76,32071
87.765,32009
87.77,32003
87.775,31993
87.78,32066
87.785,32026
87.79,32055
87.795,31993
87.8,32063
87.805,32017
87.81,32043
87.815,32029
87.82,32021
87.825,32000
87.83,32027
87.835,31989
87.84,32105
87.845,32080
87.85,32112
87.855,31991
87.86,32015
87.865,31976
87.87,32035
87.875,32031
87.88,32048
87.885,32035
87.89,31953
87.895,32007
87.9,32096
87.905,32002
87.91,32037
87.915,32003
87.92,32048
87.925,32033
87.93,32030
87.935,32058
87.94,32027
87.945,32068
87.95,32072
87.955,32109
87.96,32108
87.965,32066
87.97,32162
87.975,32188
87.98,32225
87.985,32336
87.99,32307
87.995,32449
88.0,32539
88.005,32627
88.01,32732
88.015,32797
88.02,32871
88.025,33048
88.03,33117
88.035,33228
88.04,33318
88.045,33387
88.05,33513
88.055,33570
88.06,33623
88.065,33723
88.07,33747
88.075,33756
88.08,34079
88.085,34095
88.09,33989
88.095,33964
88.1,33971
88.105,33851
88.11,33764
88.115,33735
88.12,33628
88.125,33503
88.13,33424
88.135,33314
88.14,33213
88.145,33163
88.15,33088
88.155,32989
88.16,32938
88.165,32842
88.17,32832
88.175,32795
88.18,32856
88.185,32861
88.19,32789
88.195,32860
88.2,32916
88.205,32923
88.21,32899
88.215,32967
88.22,33050
88.225,33115
88.23,33153
88.235,33205
88.24,33245
88.245,33319
88.25,33322
88.255,33401
88.26,33411
88.265,33476
88.27,33405
88.275,33525
88.28,33501
88.285,33555
88.29,33474
88.295,33538
88.3,33482
88.305,33489
88.31,33442
88.315,33358
88.32,33439
88.325,33349
88.33,33270
88.335,33256
88.34,33115
88.345,33098
88.35,33079
88.355,32958
88.36,32918
88.365,32890
88.37,32777
88.375,32720
88.38,32649
88.385,32610
88.39,32555
88.395,32471
88.4,32494
88.405,32379
88.41,32317
88.415,32292
88.42,32297
88.425,32237
88.43,32220
88.435,32085
88.44,32158
88.445,32129
88.45,32059
88.455,32065
88.46,32109
88.465,32110
88.47,32014
88.475,31982
88.48,32028
88.485,32028
88.49,31994
88.495,31974
88.5,31926
88.505,32007
88.51,31979
88.515,31922
88.52,31961
88.525,31987
88.53,31963
88.535,32038
88.54,31973
88.545,31970
88.55,32015
88.555,31992
88.56,32003
88.565,31969
88.57,31937
88.575,31996
88.58,31905
88.585,31957
88.59,31930
88.595,31952
88.6,31956
88.605,31977
88.61,31878
88.615,31966
88.62,32001
88.625,32011
88.63,31938
88.635,31998
88.64,31920
88.645,31948
88.65,31961
88.655,31908
88.66,31935
88.665,31899
88.67,31972
88.675,31941
88.68,32028
88.685,31928
88.69,31936
88.695,32002
88.7,31948
88.705,31957
88.71,31883
88.715,31954
88.72,31888
88.725,31938
88.73,31884
88.735,31965
88.74,31942
88.745,31866
88.75,31891
88.755,31939
88.76,31900
88.765,31936
88.77,31931
88.775,31912
88.78,31965
88.785,32004
88.79,32032
88.795,32003
88.8,32070
88.805,32057
88.81,32135
88.815,32123
88.82,32248
88.825,32281
88.83,32318
88.835,32489
88.84,32585
88.845,32586
88.85,32723
88.855,32843
88.86,32904
88.865,32993
88.87,33085
88.875,33197
88.88,33287
88.885,33453
88.89,33429
88.895,33536
88.9,33612
88.905,33609
88.91,33693
88.915,33983
88.92,34029
88.925,33902
88.93,34003
88.935,33887
88.94,33836
88.945,33718
88.95,33578
88.955,33493
88.96,33379
88.965,33253
88.97,33244
88.975,33113
88.98,33054
88.985,33024
88.99,32862
88.995,32875
89.0,32764
89.005,32756
89.01,32722
89.015,32738
89.02,32697
89.025,32754
89.03,32728
89.035,32786
89.04,32819
89.045,32856
89.05,32950
89.055,32956
89.06,32984
89.065,33028
89.07,33142
89.075,33126
89.08,33186
89.085,33260
89.09,33314
89.095,33348
89.1,33331
89.105,33373
89.11,33365
89.115,33373
89.12,33401
89.125,33468
89.13,33435
89.135,33364
89.14,33406
89.145,33380
89.15,33413
89.155,33334
89.16,33282
89.165,33279
89.17,33182
89.175,33063
89.18,32993
89.185,33027
89.19,32979
89.195,32895
89.2,32835
89.205,32794
89.21,32693
89.215,32572
89.22,32519
89.225,32461
89.23,32400
89.235,32339
89.24,32303
89.245,32327
89.25,32316
89.255,32221
89.26,32119
89.265,32099
89.27,32098
89.275,32082
89.28,32070
89.285,32044
89.29,32081
89.295,32027
89.3,32031
89.305,31994
89.31,31999
89.315,31941
89.32,31942
89.325,31992
89.33,31881
89.335,31891
89.34,31975
89.345,31950
89.35,31895
89.355,31882
89.36,31967
89.365,31901
89.37,31961
89.375,31927
89.38,31919
89.385,31904
89.39,31878
89.395,31869
89.4,31873
89.405,31957
89.41,31931
89.415,31940
89.42,31872
89.425,31877
89.43,31823
89.435,31873
89.44,31875
89.445,31810
89.45,31868
89.455,31817
89.46,31878
89.465,31912
89.47,31865
89.475,31860
89.48,31877
89.485,31868
89.49,31911
89.495,31836
89.5,31884
89.505,31857
89.51,31808
89.515,31865
89.52,31885
89.525,31909
89.53,31806
89.535,31831
89.54,31857
89.545,31759
89.55,31837
89.555,31866
89.56,31919
89.565,31864
89.57,31804
89.575,31869
89.58,31882
89.585,31781
89.59,31865
89.595,31921
89.6,31875
89.605,31864
89.61,31838
89.615,31852
89.62,31962
89.625,31906
89.63,31957
89.635,31991
89.64,32010
89.645,32017
89.65,32067
89.655,32044
89.66,32120
89.665,32219
89.67,32329
89.675,32455
89.68,32438
89.685,32594
89.69,32672
89.695,32694
89.7,32809
89.705,32880
89.71,33065
89.715,33199
89.72,33222
89.725,33323
89.73,33431
89.735,33500
89.74,33498
89.745,33589
89.75,33586
89.755,33973
89.76,33939
89.765,33838
89.77,33839
89.775,33811
89.78,33711
89.785,33582
89.79,33470
89.795,33410
89.8,33321
89.805,33219
89.81,33080
89.815,33074
89.82,32987
89.825,32868
89.83,32861
89.835,32787
89.84,32714
89.845,32713
89.85,32654
89.855,32678
89.86,32609
89.865,32662
89.87,32636
89.875,32734
89.88,32799
89.885,32856
89.89,32823
89.895,32830
89.9,32961
89.905,33006
89.91,33000
89.915,33120
89.92,33148
89.925,33229
89.93,33206
89.935,33235
89.94,33294
89.945,33325
89.95,33374
89.955,33371
89.96,33386
89.965,33416
89.97,33359
89.975,33335
89.98,33378
89.985,33280
89.99,33248
89.995,33219
90.0,33174
90.005,33187
90.01,33018
90.015,33041
90.02,32973
90.025,32865
90.03,32843
90.035,32787
90.04,32740
90.045,32644
90.05,32540
90.055,32569
90.06,32454
90.065,32420
90.07,32346
90.075,32296
90.08,32252
90.085,32147
90.09,32190
90.095,32156
90.1,32112
90.105,32058
90.11,31950
90.115,31974
90.12,31980
90.125,31934
90.13,31958
90.135,31953
90.14,31905
90.145,31850
90.15,31831
90.155,31854
90.16,31906
90.165,31919
90.17,31863
90.175,31882
90.18,31891
90.185,31884
90.19,31819
90.195,31780
90.2,31828
90.205,31826
90.21,31782
90.215,31856
90.22,31865
90.225,31824
90.23,31767
90.235,31857
90.24,31759
90.245,31816
90.25,31855
90.255,31810
90.26,31855
90.265,31832
90.27,31853
90.275,31873
90.28,31846
90.285,31808
90.29,31814
90.295,31782
90.3,31809
90.305,31768
90.31,31798
90.315,31750
90.32,31867
90.325,31818
90.33,31811
90.335,31815
90.34,31753
90.345,31798
90.35,31774
90.355,31798
90.36,31821
90.365,31777
90.37,31758
90.375,31793
90.38,31791
90.385,31794
90.39,31788
90.395,31826
90.4,31792
90.405,31797
90.41,31764
90.415,31757
90.42,31793
90.425,31775
90.43,31718
90.435,31798
90.44,31778
90.445,31804
90.45,31803
90.455,31793
90.46,31764
90.465,31806
90.47,31806
90.475,31840
90.48,31874
90.485,31885
90.49,31868
90.495,31886
90.5,31993
90.505,31963
90.51,32096
90.515,32151
90.52,32172
90.525,32261
90.53,32348
90.535,32407
90.54,32528
90.545,32577
90.55,32746
90.555,32819
90.56,32927
90.565,33073
90.57,33160
90.575,33181
90.58,33303
90.585,33365
90.59,33489
90.595,33487
90.6,33524
90.605,33872
90.61,33890
90.615,33812
90.62,33781
90.625,33748
90.63,33640
90.635,33618
90.64,33506
90.645,33397
90.65,33345
90.655,33200
90.66,33171
90.665,33005
90.67,32940
90.675,32862
90.68,32766
90.685,32717
90.69,32706
90.695,32583
90.7,32622
90.705,32674
90.71,32588
90.715,32625
90.72,32625
90.725,32698
90.73,32780
90.735,32686
90.74,32741
90.745,32830
90.75,32921
90.755,32841
90.76,32954
90.765,33013
90.77,33071
90.775,33173
90.78,33159
90.785,33229
90.79,33190
90.795,33278
90.8,33276
90.805,33367
90.81,33336
90.815,33294
90.82,33311
90.825,33281
90.83,33256
90.835,33248
90.84,33223
90.845,33137
90.85,33079
90.855,33104
90.86,33038
90.865,32969
90.87,32931
90.875,32826
90.88,32770
90.885,32766
90.89,32611
90.895,32636
90.9,32537
90.905,32479
90.91,32388
90.915,32372
90.92,32295
90.925,32199
90.93,32174
90.935,32125
90.94,32116
90.945,32061
90.95,32023
90.955,31958
90.96,31986
90.965,31932
90.97,31902
90.975,31841
90.98,31897
90.985,31856
90.99,31808
90.995,31859
91.0,31810
91.005,31849
91.01,31794
91.015,31856
91.02,31815
91.025,31745
91.03,31801
91.035,31683
91.04,31755
91.045,31806
91.05,31755
91.055,31784
91.06,31803
91.065,31791
91.07,31814
91.075,31737
91.08,31759
91.085,31775
91.09,31784
91.095,31718
91.1,31712
91.105,31701
91.11,31746
91.115,31771
91.12,31742
91.125,31751
91.13,31779
91.135,31689
91.14,31725
91.145,31690
91.15,31782
91.155,31750
91.16,31786
91.165,31663
91.17,31687
91.175,31712
91.18,31743
91.185,31744
91.19,31755
91.195,31752
91.2,31691
91.205,31701
91.21,31701
91.215,31772
91.22,31765
91.225,31748
91.23,31719
91.235,31736
91.24,31733
91.245,31803
91.25,31750
91.255,31696
91.26,31707
91.265,31651
91.27,31761
91.275,31683
91.28,31727
91.285,31673
91.29,31737
91.295,31737
91.3,31723
91.305,31705
91.31,31819
91.315,31763
91.32,31759
91.325,31754
91.33,31774
91.335,31815
91.34,31814
91.345,31865
91.35,31852
91.355,31923
91.36,31949
91.365,32015
91.37,32058
91.375,32108
91.38,32194
91.385,32248
91.39,32340
91.395,32382
91.4,32550
91.405,32625
91.41,32771
91.415,32865
91.42,32929
91.425,33025
91.43,33169
91.435,33231
91.44,33311
91.445,33371
91.45,33460
91.455,33464
91.46,33455
91.465,33772
91.47,33754
91.475,33752
91.48,33625
91.485,33600
91.49,33523
91.495,33476
91.5,33334
91.505,33262
91.51,33164
91.515,33078
91.52,32944
91.525,32937
91.53,32912
91.535,32720
91.54,32719
91.545,32642
91.55,32628
91.555,32562
91.56,32581
91.565,32585
91.57,32592
91.575,32517
91.58,32593
91.585,32665
91.59,32698
91.595,32681
91.6,32712
91.605,32859
91.61,32828
91.615,32897
91.62,32970
91.625,32994
91.63,33016
91.635,33113
91.64,33131
91.645,33167
91.65,33227
91.655,33248
91.66,33299
91.665,33301
91.67,33240
91.675,33304
91.68,33245
91.685,33305
91.69,33171
91.695,33180
91.7,33093
91.705,33146
91.71,33059
91.715,32994
91.72,32908
91.725,32845
91.73,32774
91.735,32712
91.74,32684
91.745,32608
91.75,32608
91.755,32450
91.76,32405
91.765,32350
91.77,32335
91.775,32250
91.78,32174
91.785,32176
91.79,32127
91.795,32002
91.8,32067
91.805,32006
91.81,31960
91.815,31943
91.82,32006
91.825,31897
91.83,31850
91.835,31827
91.84,31797
91.845,31872
91.85,31889
91.855,31823
91.86,31800
91.865,31833
91.87,31740
91.875,31764
91.88,31779
91.885,31752
91.89,31771
91.895,31698
91.9,31665
91.905,31738
91.91,31712
91.915,31777
91.92,31752
91.925,31672
91.93,31743
91.935,31696
91.94,31619
91.945,31794
91.95,31749
91.955,31696
91.96,31705
91.965,31772
91.97,31731
91.975,31809
91.98,31714
91.985,31668
91.99,31703
91.995,31748
92.0,31727
92.005,31687
92.01,31670
92.015,31714
92.02,31737
92.025,31768
92.03,31643
92.035,31667
92.04,31703
92.045,31692
92.05,31677
92.055,31706
92.06,31654
92.065,31604
92.07,31737
92.075,31668
92.08,31660
92.085,31714
92.09,31706
92.095,31651
92.1,31728
92.105,31679
92.11,31703
92.115,31699
92.12,31732
92.125,31738
92.13,31708
92.135,31714
92.14,31793
92.145,31713
92.15,31713
92.155,31781
92.16,31775
92.165,31828
92.17,31909
92.175,32031
92.18,32015
92.185,32018
92.19,32085
92.195,32141
92.2,32277
92.205,32420
92.21,32457
92.215,32508
92.22,32729
92.225,32783
92.23,32865
92.235,33021
92.24,33050
92.245,33136
92.25,33195
92.255,33246
92.26,33337
92.265,33451
92.27,33441
92.275,33457
92.28,33702
92.285,33836
92.29,33675
92.295,33642
92.3,33634
92.305,33489
92.31,33321
92.315,33335
92.32,33159
92.325,33109
92.33,33030
92.335,32982
92.34,32905
92.345,32823
92.35,32681
92.355,32626
92.36,32610
92.365,32570
92.37,32511
92.375,32508
92.38,32465
92.385,32497
92.39,32471
92.395,32569
92.4,32572
92.405,32691
92.41,32681
92.415,32723
92.42,32777
92.425,32845
92.43,32872
92.435,32875
92.44,32949
92.445,33015
92.45,33096
92.455,33151
92.46,33191
92.465,33194
92.47,33221
92.475,33191
92.48,33294
92.485,33207
92.49,33208
92.495,33228
92.5,33204
92.505,33158
92.51,33154
92.515,33133
92.52,33083
92.525,32951
92.53,32955
92.535,32851
92.54,32821
92.545,32813
92.55,32717
92.555,32568
92.56,32553
92.565,32565
92.57,32451
92.575,32356
92.58,32351
92.585,32278
92.59,32222
92.595,32239
92.6,32206
92.605,32056
92.61,32017
92.615,32001
92.62,31913
92.625,31928
92.63,31862
92.635,31847
92.64,31790
92.645,31883
92.65,31756
92.655,31742
92.66,31781
92.665,31720
92.67,31753
92.675,31725
92.68,31720
92.685,31761
92.69,31787
92.695,31723
92.7,31699
92.705,31721
92.71,31706
92.715,31692
92.72,31676
92.725,31693
92.73,31677
92.735,31695
92.74,31679
92.745,31734
92.75,31698
92.755,31690
92.76,31763
92.765,31768
92.77,31689
92.775,31677
92.78,31650
92.785,31699
92.79,31667
92.795,31710
92.8,31722
92.805,31654
92.81,31702
92.815,31690
92.82,31568
92.825,31641
92.83,31680
92.835,31658
92.84,31661
92.845,31680
92.85,31644
92.855,31705
92.86,31675
92.865,31670
92.87,31621
92.875,31700
92.88,31707
92.885,31657
92.89,31679
92.895,31645
92.9,31646
92.905,31686
92.91,31647
92.915,31663
92.92,31683
92.925,31632
92.93,31699
92.935,31616
92.94,31653
92.945,31729
92.95,31732
92.955,31710
92.96,31723
92.965,31753
92.97,31751
92.975,31800
92.98,31866
92.985,31887
92.99,31885
92.995,31943
93.0,31977
93.005,32150
93.01,32221
93.015,32300
93.02,32334
93.025,32524
93.03,32495
93.035,32706
93.04,32808
93.045,32848
93.05,32990
93.055,33007
93.06,33126
93.065,33194
93.07,33315
93.075,33399
93.08,33462
93.085,33360
93.09,33762
93.095,33718
93.1,33709
93.105,33595
93.11,33517
93.115,33471
93.12,33484
93.125,33303
93.13,33286
93.135,33159
93.14,33089
93.145,32952
93.15,32920
93.155,32801
93.16,32721
93.165,32665
93.17,32599
93.175,32514
93.18,32522
93.185,32517
93.19,32494
93.195,32470
93.2,32494
93.205,32482
93.21,32558
93.215,32561
93.22,32632
93.225,32676
93.23,32732
93.235,32772
93.24,32830
93.245,32833
93.25,32957
93.255,32978
93.26,33028
93.265,33070
93.27,33166
93.275,33118
93.28,33226
93.285,33290
93.29,33210
93.295,33197
93.3,33156
93.305,33227
93.31,33199
93.315,33136
93.32,33121
93.325,33040
93.33,33095
93.335,32970
93.34,32965
93.345,32931
93.35,32890
93.355,32798
93.36,32717
93.365,32681
93.37,32577
93.375,32507
93.38,32415
93.385,32408
93.39,32314
93.395,32303
93.4,32269
93.405,32160
93.41,32141
93.415,32089
93.42,32032
93.425,32050
93.43,31960
93.435,31962
93.44,31886
93.445,31932
93.45,31844
93.455,31804
93.46,31798
93.465,31793
93.47,31796
93.475,31739
93.48,31808
93.485,31743
93.49,31766
93.495,31694
93.5,31731
93.505,31697
93.51,31744
93.515,31689
93.52,31682
93.525,31699
93.53,31695
93.535,31690
93.54,31691
93.545,31716
93.55,31724
93.555,31744
93.56,31691
93.565,31661
93.57,31745
93.575,31679
93.58,31712
93.585,31682
93.59,31682
93.595,31632
93.6,31590
93.605,31663
93.61,31668
93.615,31651
93.62,31669
93.625,31668
93.63,31657
93.635,31679
93.64,31658
93.645,31626
93.65,31671
93.655,31665
93.66,31633
93.665,31600
93.67,31662
93.675,31671
93.68,31700
93.685,31639
93.69,31682
93.695,31690
93.7,31633
93.705,31696
93.71,31719
93.715,31638
93.72,31683
93.725,31633
93.73,31665
93.735,31523
93.74,31626
93.745,31706
93.75,31683
93.755,31681
93.76,31771
93.765,31638
93.77,31613
93.775,31509
93.78,31608
93.785,31592
93.79,31704
93.795,31634
93.8,31597
93.805,31646
93.81,31657
93.815,31645
93.82,31694
93.825,31644
93.83,31651
93.835,31673
93.84,31622
93.845,31667
93.85,31654
93.855,31712
93.86,31709
93.865,31620
93.87,31714
93.875,31714
93.88,31730
93.885,31713
93.89,31859
93.895,31818
93.9,31903
93.905,31923
93.91,32043
93.915,32067
93.92,32162
93.925,32295
93.93,32351
93.935,32446
93.94,32608
93.945,32609
93.95,32807
93.955,32939
93.96,32979
93.965,33120
93.97,33133
93.975,33245
93.98,33320
93.985,33315
93.99,33319
93.995,33456
94.0,33654
94.005,33736
94.01,33673
94.015,33624
94.02,33612
94.025,33490
94.03,33411
94.035,33345
94.04,33230
94.045,33074
94.05,33042
94.055,33008
94.06,32814
94.065,32774
94.07,32657
94.075,32570
94.08,32617
94.085,32539
94.09,32517
94.095,32500
94.1,32511
94.105,32524
94.11,32519
94.115,32531
94.12,32469
94.125,32547
94.13,32621
94.135,32658
94.14,32679
94.145,32784
94.15,32839
94.155,32936
94.16,32917
94.165,33010
94.17,33004
94.175,33075
94.18,33051
94.185,33084
94.19,33213
94.195,33115
94.2,33213
94.205,33197
94.21,33197
94.215,33199
94.22,33198
94.225,33180
94.23,33117
94.235,33095
94.24,33027
94.245,32989
94.25,32904
94.255,32859
94.26,32792
94.265,32761
94.27,32759
94.275,32674
94.28,32554
94.285,32460
94.29,32397
94.295,32350
94.3,32402
94.305,32260
94.31,32155
94.315,32182
94.32,32094
94.325,32137
94.33,32062
94.335,32022
94.34,31974
94.345,31929
94.35,31869
94.355,31870
94.36,31911
94.365,31870
94.37,31811
94.375,31801
94.38,31778
94.385,31719
94.39,31746
94.395,31750
94.4,31751
94.405,31733
94.41,31784
94.415,31744
94.42,31686
94.425,31671
94.43,31684
94.435,31693
94.44,31725
94.445,31776
94.45,31676
94.455,31639
94.46,31673
94.465,31701
94.47,31720
94.475,31679
94.48,31740
94.485,31706
94.49,31741
94.495,31716
94.5,31723
94.505,31719
94.51,31660
94.515,31590
94.52,31730
94.525,31637
94.53,31650
94.535,31709
94.54,31742
94.545,31721
94.55,31665
94.555,31704
94.56,31643
94.565,31658
94.57,31724
94.575,31626
94.58,31603
94.585,31641
94.59,31691
94.595,31634
94.6,31653
94.605,31683
94.61,31596
94.615,31750
94.62,31627
94.625,31722
94.63,31612
94.635,31658
94.64,31679
94.645,31698
94.65,31703
94.655,31669
94.66,31587
94.665,31663
94.67,31645
94.675,31631
94.68,31696
94.685,31608
94.69,31732
94.695,31673
94.7,31652
94.705,31686
94.71,31710
94.715,31663
94.72,31708
94.725,31709
94.73,31686
94.735,31736
94.74,31721
94.745,31784
94.75,31781
94.755,31860
94.76,31910
94.765,31969
94.77,31996
94.775,31974
94.78,32064
94.785,32111
94.79,32293
94.795,32296
94.8,32482
94.805,32569
94.81,32631
94.815,32736
94.82,32844
94.825,32949
94.83,33050
94.835,33097
94.84,33293
94.845,33319
94.85,33374
94.855,33457
94.86,33422
94.865,33738
94.87,33692
94.875,33676
94.88,33674
94.885,33595
94.89,33493
94.895,33423
94.9,33295
94.905,33212
94.91,33187
94.915,33073
94.92,32962
94.925,32881
94.93,32838
94.935,32740
94.94,32683
94.945,32572
94.95,32583
94.955,32495
94.96,32527
94.965,32486
94.97,32541
94.975,32515
94.98,32472
94.985,32552
94.99,32606
94.995,32661
95.0,32717
95.005,32739
95.01,32846
95.015,32785
95.02,32876
95.025,32886
95.03,32963
95.035,32992
95.04,33051
95.045,33156
95.05,33150
95.055,33235
95.06,33220
95.065,33249
95.07,33281
95.075,33213
95.08,33218
95.085,33250
95.09,33199
95.095,33143
95.1,33233
95.105,33022
95.11,33040
95.115,32997
95.12,32923
95.125,32890
95.13,32812
95.135,32757
95.14,32689
95.145,32606
95.15,32567
95.155,32441
95.16,32434
95.165,32324
95.17,32346
95.175,32307
95.18,32174
95.185,32088
95.19,32040
95.195,32039
95.2,32004
95.205,31989
95.21,31977
95.215,31909
95.22,31864
95.225,31967
95.23,31850
95.235,31836
95.24,31787
95.245,31808
95.25,31784
95.255,31796
95.26,31762
95.265,31703
95.27,31700
95.275,31774
95.28,31761
95.285,31732
95.29,31752
95.295,31777
95.3,31691
95.305,31765
95.31,31786
95.315,31765
95.32,31703
95.325,31737
95.33,31708
95.335,31675
95.34,31683
95.345,31691
95.35,31692
95.355,31706
95.36,31657
95.365,31635
95.37,31675
95.375,31739
95.38,31705
95.385,31716
95.39,31681
95.395,31675
95.4,31694
95.405,31706
95.41,31712
95.415,31766
95.42,31742
95.425,31719
95.43,31635
95.435,31681
95.44,31686
95.445,31653
95.45,31701
95.455,31677
95.46,31684
95.465,31696
95.47,31662
95.475,31704
95.48,31669
95.485,31688
95.49,31699
95.495,31769
95.5,31641
95.505,31740
95.51,31690
95.515,31654
95.52,31672
95.525,31658
95.53,31717
95.535,31709
95.54,31708
95.545,31716
95.55,31645
95.555,31621
95.56,31705
95.565,31679
95.57,31658
95.575,31734
95.58,31769
95.585,31750
95.59,31696
95.595,31794
95.6,31788
95.605,31704
95.61,31776
95.615,31782
95.62,31769
95.625,31860
95.63,31896
95.635,31869
95.64,31871
95.645,31970
95.65,32051
95.655,32111
95.66,32218
95.665,32370
95.67,32431
95.675,32491
95.68,32573
95.685,32711
95.69,32816
95.695,32940
95.7,33083
95.705,33092
95.71,33237
95.715,33346
95.72,33379
95.725,33420
95.73,33411
95.735,33440
95.74,33840
95.745,33760
95.75,33728
95.755,33650
95.76,33526
95.765,33516
95.77,33434
95.775,33318
95.78,33292
95.785,33174
95.79,32999
95.795,32952
95.8,32835
95.805,32790
95.81,32628
95.815,32677
95.82,32628
95.825,32547
95.83,32614
95.835,32561
95.84,32540
95.845,32551
95.85,32553
95.855,32563
95.86,32600
95.865,32673
95.87,32660
95.875,32704
95.88,32834
95.885,32822
95.89,32906
95.895,32916
95.9,33001
95.905,33030
95.91,33077
95.915,33140
95.92,33191
95.925,33204
95.93,33288
95.935,33267
95.94,33253
95.945,33278
95.95,33283
95.955,33289
95.96,33219
95.965,33157
95.97,33126
95.975,33078
95.98,33139
95.985,32984
95.99,33044
95.995,32945
96.0,32904
96.005,32758
96.01,32736
96.015,32723
96.02,32593
96.025,32610
96.03,32512
96.035,32430
96.04,32418
96.045,32310
96.05,32270
96.055,32225
96.06,32115
96.065,32129
96.07,32114
96.075,32073
96.08,32058
96.085,31985
96.09,31914
96.095,31982
96.1,31838
96.105,31900
96.11,31781
96.115,31838
96.12,31909
96.125,31766
96.13,31873
96.135,31791
96.14,31769
96.145,31782
96.15,31776
96.155,31797
96.16,31799
96.165,31792
96.17,31779
96.175,31759
96.18,31826
96.185,31802
96.19,31757
96.195,31768
96.2,31772
96.205,31815
96.21,31762
96.215,31760
96.22,31775
96.225,31766
96.23,31723
96.235,31709
96.24,31777
96.245,31762
96.25,31756
96.255,31739
96.26,31720
96.265,31736
96.27,31713
96.275,31712
96.28,31730
96.285,31762
96.29,31718
96.295,31763
96.3,31771
96.305,31743
96.31,31720
96.315,31760
96.32,31760
96.325,31811
96.33,31738
96.335,31769
96.34,31779
96.345,31794
96.35,31674
96.355,31750
96.36,31729
96.365,31717
96.37,31648
96.375,31705
96.38,31720
96.385,31759
96.39,31705
96.395,31755
96.4,31694
96.405,31741
96.41,31763
96.415,31729
96.42,31741
96.425,31777
96.43,31845
96.435,31802
96.44,31777
96.445,31846
96.45,31905
96.455,31965
96.46,31964
96.465,32011
96.47,32064
96.475,32136
96.48,32203
96.485,32255
96.49,32383
96.495,32421
96.5,32479
96.505,32625
96.51,32729
96.515,32841
96.52,32900
96.525,32948
96.53,33091
96.535,33212
96.54,33272
96.545,33344
96.55,33463
96.555,33454
96.56,33534
96.565,33855
96.57,33843
96.575,33785
96.58,33723
96.585,33717
96.59,33594
96.595,33546
96.6,33448
96.605,33328
96.61,33173
96.615,33158
96.62,33082
96.625,32955
96.63,32936
96.635,32808
96.64,32731
96.645,32723
96.65,32611
96.655,32640
96.66,32673
96.665,32611
96.67,32581
96.675,32628
96.68,32657
96.685,32644
96.69,32689
96.695,32743
96.7,32802
96.705,32801
96.71,32869
96.715,32963
96.72,32980
96.725,33018
96.73,33144
96.735,33085
96.74,33163
96.745,33236
96.75,33282
96.755,33245
96.76,33302
96.765,33330
96.77,33299
96.775,33334
96.78,33316
96.785,33276
96.79,33234
96.795,33258
96.8,33239
96.805,33152
96.81,33109
96.815,33046
96.82,32963
96.825,32963
96.83,32915
96.835,32876
96.84,32736
96.845,32736
96.85,32655
96.855,32567
96.86,32537
96.865,32449
96.87,32445
96.875,32337
96.88,32316
96.885,32325
96.89,32206
96.895,32157
96.9,32134
96.905,32069
96.91,32044
96.915,32048
96.92,31960
96.925,32006
96.93,31925
96.935,31886
96.94,31970
96.945,31855
96.95,31867
96.955,31895
96.96,31864
96.965,31902
96.97,31852
96.975,31836
96.98,31837
96.985,31831
96.99,31857
96.995,31818
97.0,31858
97.005,31835
97.01,31809
97.015,31846
97.02,31758
97.025,31830
97.03,31799
97.035,31793
97.04,31759
97.045,31824
97.05,31883
97.055,31816
97.06,31814
97.065,31763
97.07,31854
97.075,31824
97.08,31796
97.085,31844
97.09,31813
97.095,31776
97.1,31815
97.105,31796
97.11,31855
97.115,31784
97.12,31818
97.125,31789
97.13,31803
97.135,31774
97.14,31784
97.145,31752
97.15,31791
97.155,31805
97.16,31812
97.165,31801
97.17,31828
97.175,31763
97.18,31781
97.185,31769
97.19,31738
97.195,31770
97.2,31722
97.205,31779
97.21,31810
97.215,31802
97.22,31732
97.225,31850
97.23,31819
97.235,31762
97.24,31742
97.245,31805
97.25,31803
97.255,31783
97.26,31790
97.265,31814
97.27,31835
97.275,31882
97.28,31807
97.285,31835
97.29,31884
97.295,31895
97.3,31820
97.305,31971
97.31,32061
97.315,32087
97.32,32160
97.325,32177
97.33,32262
97.335,32266
97.34,32355
97.345,32437
97.35,32468
97.355,32673
97.36,32750
97.365,32883
97.37,32989
97.375,33105
97.38,33218
97.385,33263
97.39,33334
97.395,33394
97.4,33498
97.405,33512
97.41,33508
97.415,33882
97.42,33891
97.425,33869
97.43,33775
97.435,33710
97.44,33679
97.445,33603
97.45,33491
97.455,33437
97.46,33299
97.465,33248
97.47,33179
97.475,32999
97.48,32985
97.485,32892
97.49,32788
97.495,32760
97.5,32747
97.505,32722
97.51,32652
97.515,32649
97.52,32717
97.525,32677
97.53,32678
97.535,32721
97.54,32765
97.545,32763
97.55,32778
97.555,32818
97.56,32943
97.565,32946
97.57,32976
97.575,33025
97.58,33183
97.585,33242
97.59,33229
97.595,33308
97.6,33331
97.605,33282
97.61,33386
97.615,33386
97.62,33387
97.625,33388
97.63,33338
97.635,33407
97.64,33375
97.645,33309
97.65,33282
97.655,33204
97.66,33243
97.665,33162
97.67,33118
97.675,33048
97.68,33006
97.685,32959
97.69,32906
97.695,32796
97.7,32699
97.705,32618
97.71,32627
97.715,32548
97.72,32550
97.725,32439
97.73,32320
97.735,32339
97.74,32258
97.745,32252
97.75,32153
97.755,32154
97.76,32111
97.765,32066
97.77,32013
97.775,32050
97.78,31979
97.785,31924
97.79,31935
97.795,31949
97.8,31951
97.805,31926
97.81,31940
97.815,31931
97.82,31920
97.825,31906
97.83,31920
97.835,31954
97.84,31909
97.845,31903
97.85,31895
97.855,31919
97.86,31855
97.865,31859
97.87,31891
97.875,31838
97.88,31906
97.885,31865
97.89,31855
97.895,31845
97.9,31811
97.905,31846
97.91,31810
97.915,31824
97.92,31827
97.925,31870
97.93,31853
97.935,31879
97.94,31822
97.945,31858
97.95,31853
97.955,31873
97.96,31851
97.965,31880
97.97,31843
97.975,31889
97.98,31919
97.985,31897
97.99,31866
97.995,31864
98.0,31883
98.005,31847
98.01,31831
98.015,31846
98.02,31847
98.025,31847
98.03,31917
98.035,31946
98.04,31869
98.045,31812
98.05,31868
98.055,31858
98.06,31816
98.065,31879
98.07,31857
98.075,31828
98.08,31838
98.085,31905
98.09,31842
98.095,31874
98.1,31864
98.105,31856
98.11,31881
98.115,31944
98.12,31989
98.125,31928
98.13,31961
98.135,31990
98.14,32032
98.145,32085
98.15,32140
98.155,32165
98.16,32159
98.165,32351
98.17,32393
98.175,32450
98.18,32557
98.185,32652
98.19,32760
98.195,32754
98.2,32980
98.205,33022
98.21,33179
98.215,33260
98.22,33314
98.225,33426
98.23,33529
98.235,33586
98.24,33616
98.245,33611
98.25,33663
98.255,34005
98.26,33951
98.265,33825
98.27,33849
98.275,33762
98.28,33735
98.285,33576
98.29,33461
98.295,33403
98.3,33372
98.305,33255
98.31,33151
98.315,33131
98.32,32941
98.325,32871
98.33,32798
98.335,32803
98.34,32739
98.345,32690
98.35,32751
98.355,32722
98.36,32779
98.365,32791
98.37,32745
98.375,32813
98.38,32829
98.385,32842
98.39,33030
98.395,33003
98.4,33033
98.405,33146
98.41,33138
98.415,33202
98.42,33292
98.425,33286
98.43,33356
98.435,33385
98.44,33363
98.445,33457
98.45,33458
98.455,33469
98.46,33500
98.465,33418
98.47,33416
98.475,33396
98.48,33384
98.485,33386
98.49,33356
98.495,33284
98.5,33237
98.505,33221
98.51,33067
98.515,33026
98.52,33064
98.525,32900
98.53,32860
98.535,32806
98.54,32793
98.545,32712
98.55,32599
98.555,32510
98.56,32534
98.565,32437
98.57,32351
98.575,32387
98.58,32262
98.585,32232
98.59,32258
98.595,32151
98.6,32228
98.605,32191
98.61,32039
98.615,32085
98.62,32105
98.625,32078
98.63,32070
98.635,31975
98.64,32073
98.645,31988
98.65,31984
98.655,31979
98.66,32020
98.665,31963
98.67,31970
98.675,31925
98.68,31919
98.685,31981
98.69,31925
98.695,31919
98.7,31988
98.705,31952
98.71,31961
98.715,31983
98.72,31968
98.725,31994
98.73,31978
98.735,31928
98.74,31948
98.745,31944
98.75,31920
98.755,31954
98.76,31922
98.765,31956
98.77,31950
98.775,31921
98.78,32006
98.785,32003
98.79,32010
98.795,32000
98.8,32004
98.805,31961
98.81,32022
98.815,31941
98.82,31936
98.825,31947
98.83,31917
98.835,31939
98.84,32014
98.845,31878
98.85,31882
98.855,31944
98.86,31995
98.865,31936
98.87,31980
98.875,31925
98.88,31937
98.885,31948
98.89,31869
98.895,31897
98.9,31914
98.905,31937
98.91,31956
98.915,31927
98.92,31965
98.925,31903
98.93,31963
98.935,31974
98.94,31945
98.945,31907
98.95,31977
98.955,31998
98.96,31960
98.965,31930
98.97,31969
98.975,32004
98.98,31943
98.985,31911
98.99,31993
98.995,32056
99.0,32017
99.005,32048
99.01,32044
99.015,32058
99.02,32171
99.025,32246
99.03,32218
99.035,32252
99.04,32308
99.045,32480
99.05,32480
99.055,32592
99.06,32713
99.065,32833
99.07,32902
99.075,32968
99.08,33102
99.085,33193
99.09,33328
99.095,33392
99.1,33519
99.105,33540
99.11,33632
99.115,33709
99.12,33746
99.125,33657
99.13,34052
99.135,34009
99.14,33968
99.145,33884
99.15,33791
99.155,33770
99.16,33724
99.165,33524
99.17,33483
99.175,33417
99.18,33337
99.185,33152
99.19,33134
99.195,32984
99.2,33037
99.205,32919
99.21,32900
99.215,32847
99.22,32769
99.225,32880
99.23,32822
99.235,32800
99.24,32756
99.245,32909
99.25,32849
99.255,32928
99.26,33008
99.265,33063
99.27,33060
99.275,33128
99.28,33201
99.285,33241
99.29,33198
99.295,33340
99.3,33358
99.305,33439
99.31,33412
99.315,33481
99.32,33509
99.325,33529
99.33,33498
99.335,33520
99.34,33553
99.345,33629
99.35,33506
99.355,33518
99.36,33468
99.365,33461
99.37,33296
99.375,33238
99.38,33261
99.385,33190
99.39,33121
99.395,33070
99.4,33042
99.405,33032
99.41,32816
99.415,32793
99.42,32771
99.425,32651
99.43,32630
99.435,32560
99.44,32501
99.445,32479
99.45,32406
99.455,32399
99.46,32409
99.465,32281
99.47,32292
99.475,32233
99.48,32191
99.485,32217
99.49,32192
99.495,32147
99.5,32163
99.505,32070
99.51,32107
99.515,32103
99.52,32018
99.525,32148
99.53,32060
99.535,32054
99.54,32094
99.545,32092
99.55,32068
99.555,32066
99.56,32033
99.565,31990
99.57,31991
99.575,32037
99.58,32091
99.585,32002
99.59,32073
99.595,32001
99.6,32040
99.605,32088
99.61,32021
99.615,31954
99.62,32092
99.625,31998
99.63,32103
99.635,32087
99.64,32099
99.645,32038
99.65,32096
99.655,32020
99.66,32076
99.665,32021
99.67,32053
99.675,32064
99.68,32013
99.685,31979
99.69,32043
99.695,32037
99.7,32033
99.705,32058
99.71,32003
99.715,31960
99.72,31974
99.725,32006
99.73,31968
99.735,32020
99.74,32024
99.745,31968
99.75,32042
99.755,31994
99.76,31954
99.765,32047
99.77,32011
99.775,32041
99.78,32054
99.785,31972
99.79,32031
99.795,32099
99.8,32075
99.805,32017
99.81,32044
99.815,32051
99.82,32054
99.825,32001
99.83,32033
99.835,31971
99.84,32069
99.845,32022
99.85,32045
99.855,32101
99.86,32064
99.865,32030
99.87,32074
99.875,32111
99.88,32073
99.885,32180
99.89,32188
99.895,32220
99.9,32200
99.905,32207
99.91,32345
99.915,32360
99.92,32416
99.925,32505
99.93,32597
99.935,32724
99.94,32772
99.945,32897
99.95,32942
99.955,33154
99.96,33213
99.965,33305
99.97,33391
99.975,33489
99.98,33608
99.985,33601
99.99,33792
99.995,33766
100.0,33860
100.005,33777
100.01,34071
100.015,34065
100.02,34069
100.025,34030
100.03,33961
100.035,33943
100.04,33769
100.045,33639
100.05,33576
100.055,33460
100.06,33406
100.065,33310
100.07,33210
100.075,33146
100.08,33095
100.085,32991
100.09,33015
100.095,32901
100.1,32930
100.105,32828
100.11,32903
100.115,32918
100.12,32954
100.125,32903
100.13,32962
100.135,32985
100.14,33097
100.145,33088
100.15,33151
100.155,33196
100.16,33233
100.165,33353
100.17,33362
100.175,33398
100.18,33501
100.185,33487
100.19,33545
100.195,33514
100.2,33572
100.205,33662
100.21,33646
100.215,33633
100.22,33597
100.225,33625
100.23,33608
100.235,33588
100.24,33544
100.245,33492
100.25,33501
100.255,33406
100.26,33365
100.265,33201
100.27,33250
100.275,33181
100.28,33107
100.285,33100
100.29,32983
100.295,32961
100.3,32886
100.305,32822
100.31,32720
100.315,32707
100.32,32677
100.325,32604
100.33,32593
100.335,32461
100.34,32393
100.345,32423
100.35,32403
100.355,32335
100.36,32328
100.365,32266
100.37,32264
100.375,32260
100.38,32232
100.385,32271
100.39,32230
100.395,32179
100.4,32145
100.405,32220
100.41,32106
100.415,32134
100.42,32163
100.425,32104
100.43,32143
100.435,32199
100.44,32178
100.445,32127
100.45,32151
100.455,32151
100.46,32188
100.465,32113
100.47,32100
100.475,32135
100.48,32137
100.485,32040
100.49,32040
100.495,32085
100.5,32067
100.505,32096
100.51,32135
100.515,32044
100.52,32095
100.525,32099
100.53,32067
100.535,32151
100.54,32119
100.545,32048
100.55,32133
100.555,32105
100.56,32152
100.565,32107
100.57,32149
100.575,32170
100.58,32071
100.585,32111
100.59,32107
100.595,32096
100.6,32120
100.605,32137
100.61,32116
100.615,32125
100.62,32106
100.625,32123
100.63,32123
100.635,32123
100.64,32137
100.645,32151
100.65,32170
100.655,32132
100.66,32102
100.665,32090
100.67,32129
100.675,32142
100.68,32252
100.685,32151
100.69,32109
100.695,32183
100.7,32171
100.705,32220
100.71,32237
100.715,32304
100.72,32389
100.725,32431
100.73,32457
100.735,32575
100.74,32605
100.745,32690
100.75,32631
100.755,32817
100.76,32936
100.765,33039
100.77,33139
100.775,33247
100.78,33345
100.785,33473
100.79,33504
100.795,33605
100.8,33729
100.805,33849
100.81,33872
100.815,33832
100.82,33905
100.825,34224
100.83,34247
100.835,34101
100.84,34128
100.845,34020
100.85,33895
100.855,33945
100.86,33833
100.865,33722
100.87,33577
100.875,33557
100.88,33442
100.885,33336
100.89,33249
100.895,33171
100.9,33156
100.905,33114
100.91,33002
100.915,33000
100.92,32946
100.925,32979
100.93,32950
100.935,33034
100.94,32981
100.945,33062
100.95,33074
100.955,33097
100.96,33130
100.965,33286
100.97,33228
100.975,33327
100.98,33324
100.985,33404
100.99,33400
100.995,33551
101.0,33591
101.005,33610
101.01,33681
101.015,33722
101.02,33650
101.025,33755
101.03,33699
101.035,33700
101.04,33712
101.045,33707
101.05,33646
101.055,33607
101.06,33593
101.065,33543
101.07,33521
101.075,33438
101.08,33435
101.085,33417
101.09,33263
101.095,33175
101.1,33127
101.105,33070
101.11,33071
101.115,33008
101.12,32939
101.125,32820
101.13,32756
101.135,32686
101.14,32662
101.145,32637
101.15,32571
101.155,32506
101.16,32532
101.165,32529
101.17,32427
101.175,32400
101.18,32418
101.185,32361
101.19,32307
101.195,32294
101.2,32339
101.205,32322
101.21,32265
101.215,32265
101.22,32252
101.225,32268
101.23,32287
101.235,32248
101.24,32144
101.245,32251
101.25,32256
101.255,32205
101.26,32174
101.265,32164
101.27,32243
101.275,32206
101.28,32248
101.285,32264
101.29,32172
101.295,32201
101.3,32173
101.305,32170
101.31,32253
101.315,32169
101.32,32204
101.325,32256
101.33,32222
101.335,32187
101.34,32230
101.345,32221
101.35,32281
101.355,32164
101.36,32208
101.365,32224
101.37,32215
101.375,32194
101.38,32232
101.385,32199
101.39,32208
101.395,32264
101.4,32279
101.405,32221
101.41,32219
101.415,32191
101.42,32144
101.425,32106
101.43,32238
101.435,32232
101.44,32214
101.445,32173
101.45,32229
101.455,32266
101.46,32215
101.465,32146
101.47,32134
101.475,32181
101.48,32177
101.485,32217
101.49,32121
101.495,32223
101.5,32185
101.505,32250
101.51,32195
101.515,32221
101.52,32189
101.525,32164
101.53,32282
101.535,32203
101.54,32188
101.545,32247
101.55,32274
101.555,32275
101.56,32298
101.565,32337
101.57,32405
101.575,32468
101.58,32494
101.585,32552
101.59,32639
101.595,32646
101.6,32743
101.605,32875
101.61,32898
101.615,33067
101.62,33133
101.625,33274
101.63,33304
101.635,33413
101.64,33594
101.645,33629
101.65,33707
101.655,33812
101.66,33752
101.665,33947
101.67,34012
101.675,33968
101.68,34211
101.685,34179
101.69,34232
101.695,34251
101.7,34117
101.705,34045
101.71,33988
101.715,33842
101.72,33802
101.725,33609
101.73,33568
101.735,33471
101.74,33388
101.745,33234
101.75,33240
101.755,33222
101.76,33121
101.765,33164
101.77,33071
101.775,33065
101.78,32987
101.785,33090
101.79,33087
101.795,33143
101.8,33095
101.805,33169
101.81,33255
101.815,33253
101.82,33301
101.825,33305
101.83,33467
101.835,33506
101.84,33479
101.845,33609
101.85,33669
101.855,33694
101.86,33699
101.865,33735
101.87,33690
101.875,33765
101.88,33776
101.885,33745
101.89,33823
101.895,33775
101.9,33793
101.905,33723
101.91,33651
101.915,33678
101.92,33621
101.925,33608
101.93,33529
101.935,33526
101.94,33392
101.945,33421
101.95,33303
101.955,33262
101.96,33106
101.965,33120
101.97,33034
101.975,33014
101.98,32884
101.985,32853
101.99,32735
101.995,32770
102.0,32735
102.005,32685
102.01,32607
102.015,32604
102.02,32552
102.025,32472
102.03,32482
102.035,32451
102.04,32457
102.045,32437
102.05,32419
102.055,32426
102.06,32305
102.065,32414
102.07,32410
102.075,32363
102.08,32365
102.085,32366
102.09,32311
102.095,32309
102.1,32332
102.105,32350
102.11,32283
102.115,32283
102.12,32286
102.125,32345
102.13,32286
102.135,32275
102.14,32294
102.145,32266
102.15,32259
102.155,32311
102.16,32310
102.165,32259
102.17,32289
102.175,32307
102.18,32224
102.185,32214
102.19,32295
102.195,32228
102.2,32290
102.205,32298
102.21,32273
102.215,32255
102.22,32310
102.225,32327
102.23,32231
102.235,32289
102.24,32314
102.245,32296
102.25,32251
102.255,32250
102.26,32208
102.265,32276
102.27,32236
102.275,32289
102.28,32289
102.285,32268
102.29,32279
102.295,32314
102.3,32261
102.305,32340
102.31,32291
102.315,32233
102.32,32229
102.325,32301
102.33,32282
102.335,32200
102.34,32279
102.345,32333
102.35,32279
102.355,32230
102.36,32298
102.365,32303
102.37,32241
102.375,32287
102.38,32213
102.385,32339
102.39,32284
102.395,32211
102.4,32260
102.405,32262
102.41,32247
102.415,32344
102.42,32336
102.425,32338
102.43,32378
102.435,32333
102.44,32369
102.445,32455
102.45,32481
102.455,32477
102.46,32510
102.465,32586
102.47,32616
102.475,32672
102.48,32736
102.485,32907
102.49,33031
102.495,33068
102.5,33222
102.505,33298
102.51,33375
102.515,33544
102.52,33600
102.525,33695
102.53,33798
102.535,33862
102.54,33890
102.545,33965
102.55,33997
102.555,34056
102.56,34397
102.565,34407
102.57,34335
102.575,34219
102.58,34161
102.585,34129
102.59,34098
102.595,33935
102.6,33869
102.605,33747
102.61,33685
102.615,33567
102.62,33518
102.625,33411
102.63,33371
102.635,33252
102.64,33250
102.645,33197
102.65,33176
102.655,33132
102.66,33158
102.665,33151
102.67,33147
102.675,33203
102.68,33179
102.685,33296
102.69,33220
102.695,33329
102.7,33403
102.705,33419
102.71,33501
102.715,33519
102.72,33614
102.725,33669
102.73,33636
102.735,33666
102.74,33767
102.745,33757
102.75,33835
102.755,33869
102.76,33807
102.765,33877
102.77,33856
102.775,33876
102.78,33812
102.785,33834
102.79,33786
102.795,33688
102.8,33684
102.805,33704
102.81,33623
102.815,33574
102.82,33518
102.825,33427
102.83,33324
102.835,33325
102.84,33205
102.845,33111
102.85,33118
102.855,33083
102.86,32989
102.865,32898
102.87,32805
102.875,32840
102.88,32818
102.885,32707
102.89,32699
102.895,32601
102.9,32582
102.905,32599
102.91,32562
102.915,32499
102.92,32472
102.925,32486
102.93,32468
102.935,32438
102.94,32435
102.945,32463
102.95,32398
102.955,32453
102.96,32408
102.965,32410
102.97,32332
102.975,32353
102.98,32370
102.985,32339
102.99,32404
102.995,32401
103.0,32401
103.005,32351
103.01,32311
103.015,32273
103.02,32378
103.025,32332
103.03,32290
103.035,32337
103.04,32408
103.045,32346
103.05,32339
103.055,32378
103.06,32354
103.065,32334
103.07,32369
103.075,32294
103.08,32263
103.085,32308
103.09,32399
103.095,32378
103.1,32275
103.105,32373
103.11,32282
103.115,32346
103.12,32364
103.125,32309
103.13,32351
103.135,32281
103.14,32395
103.145,32413
103.15,32368
103.155,32297
103.16,32322
103.165,32316
103.17,32335
103.175,32354
103.18,32328
103.185,32371
103.19,32441
103.195,32407
103.2,32377
103.205,32318
103.21,32373
103.215,32298
103.22,32345
103.225,32467
103.23,32432
103.235,32457
103.24,32383
103.245,32427
103.25,32455
103.255,32531
103.26,32550
103.265,32589
103.27,32625
103.275,32677
103.28,32810
103.285,32818
103.29,32924
103.295,33072
103.3,33161
103.305,33242
103.31,33383
103.315,33399
103.32,33583
103.325,33677
103.33,33818
103.335,33819
103.34,33861
103.345,33987
103.35,33980
103.355,34053
103.36,34066
103.365,34473
103.37,34449
103.375,34356
103.38,34355
103.385,34282
103.39,34183
103.395,34175
103.4,34057
103.405,34020
103.41,33876
103.415,33764
103.42,33660
103.425,33546
103.43,33475
103.435,33404
103.44,33367
103.445,33328
103.45,33280
103.455,33196
103.46,33218
103.465,33215
103.47,33288
103.475,33227
103.48,33178
103.485,33219
103.49,33248
103.495,33356
103.5,33338
103.505,33459
103.51,33423
103.515,33518
103.52,33594
103.525,33627
103.53,33722
103.535,33723
103.54,33789
103.545,33835
103.55,33901
103.555,33846
103.56,33845
103.565,33925
103.57,33913
103.575,33921
103.58,33929
103.585,33912
103.59,33858
103.595,33869
103.6,33844
103.605,33803
103.61,33675
103.615,33701
103.62,33582
103.625,33596
103.63,33479
103.635,33431
103.64,33443
103.645,33341
103.65,33276
103.655,33209
103.66,33123
103.665,33115
103.67,33002
103.675,32946
103.68,32938
103.685,32833
103.69,32815
103.695,32790
103.7,32698
103.705,32745
103.71,32687
103.715,32627
103.72,32630
103.725,32560
103.73,32470
103.735,32542
103.74,32533
103.745,32531
103.75,32494
103.755,32477
103.76,32484
103.765,32453
103.77,32431
103.775,32474
103.78,32459
103.785,32467
103.79,32436
103.795,32455
103.8,32416
103.805,32338
103.81,32395
103.815,32440
103.82,32450
103.825,32377
103.83,32432
103.835,32372
103.84,32423
103.845,32480
103.85,32427
103.855,32425
103.86,32446
103.865,32421
103.87,32401
103.875,32390
103.88,32377
103.885,32366
103.89,32391
103.895,32388
103.9,32465
103.905,32400
103.91,32388
103.915,32472
103.92,32391
103.925,32389
103.93,32404
103.935,32406
103.94,32379
103.945,32373
103.95,32427
103.955,32370
103.96,32361
103.965,32388
103.97,32380
103.975,32385
103.98,32381
103.985,32390
103.99,32394
103.995,32413
104.0,32327
104.005,32446
104.01,32455
104.015,32375
104.02,32418
104.025,32376
104.03,32412
104.035,32481
104.04,32488
104.045,32453
104.05,32561
104.055,32520
104.06,32430
104.065,32556
104.07,32674
104.075,32663
104.08,32760
104.085,32773
104.09,32862
104.095,32991
104.1,32998
104.105,33089
104.11,33225
104.115,33347
104.12,33473
104.125,33532
104.13,33662
104.135,33623
104.14,33798
104.145,33864
104.15,33998
104.155,33977
104.16,34086
104.165,34039
104.17,34160
104.175,34544
104.18,34434
104.185,34438
104.19,34370
104.195,34354
104.2,34215
104.205,34209
104.21,34112
104.215,33960
104.22,33949
104.225,33861
104.23,33731
104.235,33666
104.24,33541
104.245,33470
104.25,33471
104.255,33353
104.26,33304
104.265,33222
104.27,33185
104.275,33201
104.28,33315
104.285,33228
104.29,33302
104.295,33315
104.3,33290
104.305,33355
104.31,33398
104.315,33467
104.32,33529
104.325,33568
104.33,33668
104.335,33671
104.34,33767
104.345,33810
104.35,33739
104.355,33868
104.36,33842
104.365,33938
104.37,33948
104.375,33970
104.38,33993
104.385,33959
104.39,33958
104.395,33981
104.4,33957
104.405,33938
104.41,33890
104.415,33877
104.42,33744
104.425,33748
104.43,33699
104.435,33588
104.44,33567
104.445,33458
104.45,33333
104.455,33298
104.46,33334
104.465,33272
104.47,33203
104.475,33097
104.48,33075
104.485,32929
104.49,32915
104.495,32917
104.5,32861
104.505,32767
104.51,32781
104.515,32773
104.52,32689
104.525,32743
104.53,32630
104.535,32616
104.54,32576
104.545,32589
104.55,32570
104.555,32497
104.56,32473
104.565,32543
104.57,32563
104.575,32497
104.58,32461
104.585,32483
104.59,32482
104.595,32455
104.6,32516
104.605,32458
104.61,32441
104.615,32443
104.62,32429
104.625,32519
104.63,32488
104.635,32493
104.64,32445
104.645,32472
104.65,32462
104.655,32479
104.66,32485
104.665,32486
104.67,32440
104.675,32467
104.68,32403
104.685,32466
104.69,32428
104.695,32384
104.7,32443
104.705,32465
104.71,32479
104.715,32428
104.72,32419
104.725,32401
104.73,32462
104.735,32492
104.74,32424
104.745,32451
104.75,32469
104.755,32407
104.76,32452
104.765,32459
104.77,32436
104.775,32427
104.78,32399
104.785,32441
104.79,32420
104.795,32445
104.8,32450
104.805,32421
104.81,32476
104.815,32383
104.82,32405
104.825,32411
104.83,32431
104.835,32391
104.84,32458
104.845,32433
104.85,32448
104.855,32393
104.86,32427
104.865,32458
104.87,32470
104.875,32496
104.88,32488
104.885,32490
104.89,32405
104.895,32565
104.9,32580
104.905,32614
104.91,32678
104.915,32699
104.92,32794
104.925,32864
104.93,32933
104.935,32953
104.94,33091
104.945,33195
104.95,33290
104.955,33373
104.96,33475
104.965,33557
104.97,33774
104.975,33757
104.98,33844
104.985,33992
104.99,34072
104.995,34142
105.0,34179
105.005,34121
105.01,34157
105.015,34564
105.02,34522
105.025,34434
105.03,34409
105.035,34298
105.04,34229
105.045,34169
105.05,34101
105.055,34019
105.06,33805
105.065,33811
105.07,33727
105.075,33611
105.08,33564
105.085,33478
105.09,33416
105.095,33290
105.1,33344
105.105,33260
105.11,33226
105.115,33242
105.12,33297
105.125,33300
105.13,33318
105.135,33350
105.14,33418
105.145,33511
105.15,33499
105.155,33508
105.16,33575
105.165,33656
105.17,33655
105.175,33721
105.18,33786
105.185,33896
105.19,33889
105.195,33859
105.2,33909
105.205,34011
105.21,33931
105.215,33929
105.22,33951
105.225,34003
105.23,34003
105.235,33922
105.24,33931
105.245,33924
105.25,33887
105.255,33804
105.26,33804
105.265,33729
105.27,33722
105.275,33605
105.28,33563
105.285,33531
105.29,33422
105.295,33350
105.3,33272
105.305,33241
105.31,33093
105.315,33065
105.32,33048
105.325,33012
105.33,33006
105.335,32938
105.34,32861
105.345,32779
105.35,32703
105.355,32773
105.36,32606
105.365,32735
105.37,32612
105.375,32654
105.38,32630
105.385,32622
105.39,32585
105.395,32552
105.4,32546
105.405,32470
105.41,32483
105.415,32488
105.42,32524
105.425,32527
105.43,32448
105.435,32534
105.44,32510
105.445,32481
105.45,32482
105.455,32536
105.46,32501
105.465,32487
105.47,32457
105.475,32484
105.48,32537
105.485,32431
105.49,32453
105.495,32494
105.5,32498
105.505,32509
105.51,32455
105.515,32476
105.52,32466
105.525,32417
105.53,32530
105.535,32508
105.54,32460
105.545,32474
105.55,32428
105.555,32483
105.56,32459
105.565,32463
105.57,32416
105.575,32412
105.58,32436
105.585,32469
105.59,32423
105.595,32470
105.6,32428
105.605,32421
105.61,32505
105.615,32439
105.62,32433
105.625,32420
105.63,32432
105.635,32439
105.64,32407
105.645,32434
105.65,32435
105.655,32495
105.66,32425
105.665,32445
105.67,32446
105.675,32454
105.68,32450
105.685,32516
105.69,32398
105.695,32486
105.7,32431
105.705,32368
105.71,32486
105.715,32429
105.72,32498
105.725,32411
105.73,32433
105.735,32469
105.74,32488
105.745,32365
105.75,32414
105.755,32532
105.76,32553
105.765,32517
105.77,32557
105.775,32515
105.78,32626
105.785,32642
105.79,32661
105.795,32740
105.8,32767
105.805,32888
105.81,32903
105.815,33014
105.82,33060
105.825,33225
105.83,33241
105.835,33385
105.84,33548
105.845,33600
105.85,33663
105.855,33860
105.86,33982
105.865,34035
105.87,34056
105.875,34120
105.88,34193
105.885,34241
105.89,34543
105.895,34518
105.9,34526
105.905,34463
105.91,34447
105.915,34315
105.92,34292
105.925,34162
105.93,34107
105.935,33955
105.94,33847
105.945,33742
105.95,33696
105.955,33550
105.96,33546
105.965,33475
105.97,33369
105.975,33304
105.98,33378
105.985,33279
105.99,33260
105.995,33258
106.0,33325
106.005,33334
106.01,33365
106.015,33338
106.02,33440
106.025,33429
106.03,33490
106.035,33546
106.04,33554
106.045,33664
106.05,33714
106.055,33732
106.06,33826
106.065,33873
106.07,33891
106.075,33983
106.08,33947
106.085,33955
106.09,33953
106.095,34038
106.1,34000
106.105,33992
106.11,34037
106.115,33934
106.12,33937
106.125,33891
106.13,33823
106.135,33789
106.14,33771
106.145,33719
106.15,33659
106.155,33574
106.16,33484
106.165,33434
106.17,33441
106.175,33280
106.18,33214
106.185,33224
106.19,33159
106.195,33067
106.2,33040
106.205,32920
106.21,32940
106.215,32881
106.22,32809
106.225,32771
106.23,32773
106.235,32756
106.24,32696
106.245,32748
106.25,32607
106.255,32620
106.26,32597
106.265,32580
106.27,32579
106.275,32533
106.28,32581
106.285,32526
106.29,32538
106.295,32515
106.3,32509
106.305,32548
106.31,32450
106.315,32504
106.32,32406
106.325,32499
106.33,32459
106.335,32501
106.34,32490
106.345,32527
106.35,32502
106.355,32509
106.36,32522
106.365,32459
106.37,32521
106.375,32496
106.38,32539
106.385,32433
106.39,32496
106.395,32466
106.4,32457
106.405,32445
106.41,32547
106.415,32448
106.42,32465
106.425,32413
106.43,32358
106.435,32476
106.44,32517
106.445,32449
106.45,32402
106.455,32423
106.46,32492
106.465,32446
106.47,32515
106.475,32420
106.48,32501
106.485,32381
106.49,32436
106.495,32378
106.5,32489
106.505,32483
106.51,32469
106.515,32446
106.52,32435
106.525,32410
106.53,32440
106.535,32433
106.54,32478
106.545,32412
106.55,32366
106.555,32470
106.56,32449
106.565,32494
106.57,32459
106.575,32472
106.58,32390
106.585,32475
106.59,32456
106.595,32514
106.6,32461
106.605,32445
106.61,32393
106.615,32469
106.62,32513
106.625,32450
106.63,32435
106.635,32496
106.64,32462
106.645,32533
106.65,32522
106.655,32586
106.66,32604
106.665,32614
106.67,32649
106.675,32627
106.68,32735
106.685,32771
106.69,32854
106.695,32981
106.7,32980
106.705,33109
106.71,33209
106.715,33321
106.72,33394
106.725,33549
106.73,33673
106.735,33696
106.74,33803
106.745,33936
106.75,34044
106.755,34065
106.76,34146
106.765,34119
106.77,34152
106.775,34493
106.78,34591
106.785,34593
106.79,34422
106.795,34397
106.8,34348
106.805,34276
106.81,34154
106.815,34070
106.82,33905
106.825,33869
106.83,33733
106.835,33659
106.84,33598
106.845,33468
106.85,33421
106.855,33404
106.86,33379
106.865,33334
106.87,33326
106.875,33257
106.88,33306
106.885,33282
106.89,33309
106.895,33318
106.9,33347
106.905,33387
106.91,33452
106.915,33515
106.92,33519
106.925,33621
106.93,33610
106.935,33705
106.94,33770
106.945,33824
106.95,33850
106.955,33880
106.96,33927
106.965,33894
106.97,33990
106.975,33979
106.98,33927
106.985,33986
106.99,33991
106.995,34003
107.0,33946
107.005,33939
107.01,33850
107.015,33814
107.02,33811
107.025,33789
107.03,33688
107.035,33657
107.04,33565
107.045,33597
107.05,33449
107.055,33393
107.06,33400
107.065,33312
107.07,33205
107.075,33171
107.08,33081
107.085,33071
107.09,32932
107.095,32884
107.1,32865
107.105,32809
107.11,32743
107.115,32743
107.12,32723
107.125,32718
107.13,32731
107.135,32623
107.14,32534
107.145,32600
107.15,32526
107.155,32534
107.16,32515
107.165,32497
107.17,32534
107.175,32556
107.18,32543
107.185,32509
107.19,32540
107.195,32541
107.2,32525
107.205,32448
107.21,32496
107.215,32432
107.22,32510
107.225,32424
107.23,32490
107.235,32494
107.24,32502
107.245,32522
107.25,32434
107.255,32385
107.26,32460
107.265,32498
107.27,32437
107.275,32474
107.28,32486
107.285,32500
107.29,32396
107.295,32466
107.3,32486
107.305,32435
107.31,32537
107.315,32493
107.32,32448
107.325,32500
107.33,32449
107.335,32464
107.34,32425
107.345,32443
107.35,32395
107.355,32392
107.36,32441
107.365,32408
107.37,32416
107.375,32472
107.38,32512
107.385,32453
107.39,32452
107.395,32414
107.4,32483
107.405,32357
107.41,32375
107.415,32409
107.42,32485
107.425,32439
107.43,32449
107.435,32438
107.44,32451
107.445,32415
107.45,32482
107.455,32375
107.46,32450
107.465,32500
107.47,32444
107.475,32581
107.48,32613
107.485,32597
107.49,32593
107.495,32706
107.5,32748
107.505,32792
107.51,32876
107.515,32937
107.52,33039
107.525,33090
107.53,33147
107.535,33272
107.54,33336
107.545,33438
107.55,33624
107.555,33695
107.56,33770
107.565,33911
107.57,33936
107.575,34057
107.58,34034
107.585,34182
107.59,34129
107.595,34226
107.6,34525
107.605,34588
107.61,34466
107.615,34419
107.62,34279
107.625,34215
107.63,34151
107.635,34063
107.64,33955
107.645,33886
107.65,33798
107.655,33621
107.66,33652
107.665,33597
107.67,33494
107.675,33360
107.68,33350
107.685,33336
107.69,33251
107.695,33254
107.7,33212
107.705,33332
107.71,33215
107.715,33321
107.72,33308
107.725,33378
107.73,33405
107.735,33445
107.74,33547
107.745,33528
107.75,33597
107.755,33666
107.76,33694
107.765,33692
107.77,33789
107.775,33920
107.78,33904
107.785,33950
107.79,33950
107.795,34032
107.8,33934
107.805,34025
107.81,34015
107.815,34005
107.82,33933
107.825,33956
107.83,33904
107.835,33870
107.84,33846
107.845,33736
107.85,33708
107.855,33627
107.86,33610
107.865,33587
107.87,33515
107.875,33378
107.88,33354
107.885,33308
107.89,33176
107.895,33183
107.9,33098
107.905,33047
107.91,32914
107.915,32940
107.92,32919
107.925,32791
107.93,32776
107.935,32714
107.94,32685
107.945,32607
107.95,32651
107.955,32602
107.96,32631
107.965,32611
107.97,32555
107.975,32509
107.98,32538
107.985,32537
107.99,32542
107.995,32552
108.0,32436
108.005,32463
108.01,32472
108.015,32495
108.02,32416
108.025,32434
108.03,32481
108.035,32422
108.04,32375
108.045,32484
108.05,32465
108.055,32489
108.06,32452
108.065,32402
108.07,32397
108.075,32447
108.08,32377
108.085,32451
108.09,32515
108.095,32451
108.1,32413
108.105,32419
108.11,32354
108.115,32458
108.12,32410
108.125,32438
108.13,32485
108.135,32390
108.14,32408
108.145,32449
108.15,32341
108.155,32428
108.16,32408
108.165,32373
108.17,32385
108.175,32425
108.18,32364
108.185,32418
108.19,32390
108.195,32439
108.2,32454
108.205,32372
108.21,32403
108.215,32462
108.22,32397
108.225,32412
108.23,32388
108.235,32473
108.24,32441
108.245,32418
108.25,32450
108.255,32371
108.26,32345
108.265,32401
108.27,32371
108.275,32408
108.28,32409
108.285,32465
108.29,32491
108.295,32338
108.3,32416
108.305,32459
108.31,32488
108.315,32428
108.32,32418
108.325,32535
108.33,32510
108.335,32550
108.34,32634
108.345,32567
108.35,32771
108.355,32746
108.36,32931
108.365,32898
108.37,33052
108.375,33036
108.38,33236
108.385,33258
108.39,33522
108.395,33593
108.4,33619
108.405,33766
108.41,33804
108.415,33910
108.42,33917
108.425,34031
108.43,34166
108.435,34121
108.44,34161
108.445,34403
108.45,34366
108.455,34392
108.46,34363
108.465,34309
108.47,34213
108.475,34149
108.48,34024
108.485,33923
108.49,33861
108.495,33758
108.5,33660
108.505,33551
108.51,33519
108.515,33449
108.52,33360
108.525,33208
108.53,33340
108.535,33228
108.54,33218
108.545,33181
108.55,33187
108.555,33266
108.56,33240
108.565,33296
108.57,33323
108.575,33339
108.58,33350
108.585,33453
108.59,33494
108.595,33647
108.6,33628
108.605,33674
108.61,33742
108.615,33775
108.62,33832
108.625,33880
108.63,33912
108.635,33968
108.64,33890
108.645,33935
108.65,33843
108.655,33926
108.66,33898
108.665,33946
108.67,33803
108.675,33853
108.68,33805
108.685,33735
108.69,33724
108.695,33684
108.7,33704
108.705,33541
108.71,33475
108.715,33426
108.72,33336
108.725,33340
108.73,33217
108.735,33155
108.74,33148
108.745,32989
108.75,33027
108.755,32915
108.76,32889
108.765,32844
108.77,32783
108.775,32763
108.78,32660
108.785,32607
108.79,32618
108.795,32560
108.8,32533
108.805,32516
108.81,32554
108.815,32572
108.82,32465
108.825,32496
108.83,32489
108.835,32491
108.84,32428
108.845,32436
108.85,32430
108.855,32456
108.86,32414
108.865,32393
108.87,32456
108.875,32425
108.88,32489
108.885,32434
108.89,32381
108.895,32461
108.9,32410
108.905,32369
108.91,32467
108.915,32394
108.92,32365
108.925,32403
108.93,32421
108.935,32386
108.94,32400
108.945,32424
108.95,32406
108.955,32326
108.96,32376
108.965,32390
108.97,32352
108.975,32444
108.98,32393
108.985,32366
108.99,32445
108.995,32298
109.0,32391
109.005,32350
109.01,32395
109.015,32325
109.02,32400
109.025,32334
109.03,32326
109.035,32435
109.04,32340
109.045,32444
109.05,32381
109.055,32406
109.06,32361
109.065,32402
109.07,32338
109.075,32407
109.08,32324
109.085,32312
109.09,32329
109.095,32317
109.1,32328
109.105,32346
109.11,32325
109.115,32363
109.12,32360
109.125,32384
109.13,32393
109.135,32376
109.14,32390
109.145,32347
109.15,32349
109.155,32435
109.16,32409
109.165,32408
109.17,32477
109.175,32484
109.18,32586
109.185,32546
109.19,32588
109.195,32651
109.2,32774
109.205,32845
109.21,32951
109.215,33016
109.22,33016
109.225,33010
109.23,33251
109.235,33357
109.24,33491
109.245,33556
109.25,33725
109.255,33778
109.26,33897
109.265,33934
109.27,33946
109.275,34059
109.28,34118
109.285,34031
109.29,34406
109.295,34487
109.3,34409
109.305,34288
109.31,34173
109.315,34203
109.32,34132
109.325,34073
109.33,33993
109.335,33808
109.34,33724
109.345,33625
109.35,33596
109.355,33445
109.36,33422
109.365,33296
109.37,33262
109.375,33254
109.38,33238
109.385,33182
109.39,33202
109.395,33124
109.4,33166
109.405,33223
109.41,33234
109.415,33172
109.42,33295
109.425,33307
109.43,33396
109.435,33447
109.44,33495
109.445,33533
109.45,33622
109.455,33739
109.46,33723
109.465,33745
109.47,33770
109.475,33825
109.48,33838
109.485,33854
109.49,33838
109.495,33907
109.5,33889
109.505,33860
109.51,33851
109.515,33917
109.52,33776
109.525,33786
109.53,33743
109.535,33650
109.54,33673
109.545,33495
109.55,33504
109.555,33470
109.56,33435
109.565,33288
109.57,33178
109.575,33198
109.58,33085
109.585,32968
109.59,32960
109.595,32936
109.6,32876
109.605,32820
109.61,32706
109.615,32713
109.62,32680
109.625,32701
109.63,32613
109.635,32587
109.64,32573
109.645,32522
109.65,32496
109.655,32477
109.66,32455
109.665,32395
109.67,32459
109.675,32409
109.68,32413
109.685,32330
109.69,32415
109.695,32346
109.7,32319
109.705,32434
109.71,32350
109.715,32372
109.72,32359
109.725,32368
109.73,32372
109.735,32352
109.74,32314
109.745,32363
109.75,32359
109.755,32330
109.76,32409
109.765,32303
109.77,32315
109.775,32332
109.78,32349
109.785,32316
109.79,32322
109.795,32312
109.8,32324
109.805,32328
109.81,32295
109.815,32379
109.82,32311
109.825,32323
109.83,32259
109.835,32354
109.84,32353
109.845,32351
109.85,32325
109.855,32333
109.86,32325
109.865,32293
109.87,32368
109.875,32292
109.88,32253
109.885,32284
109.89,32253
109.895,32318
109.9,32342
109.905,32249
109.91,32231
109.915,32351
109.92,32272
109.925,32269
109.93,32327
109.935,32306
109.94,32260
109.945,32279
109.95,32289
109.955,32250
109.96,32275
109.965,32305
109.97,32271
109.975,32287
109.98,32285
109.985,32249
109.99,32289
109.995,32231
110.0,32295
110.005,32274
110.01,32250
110.015,32274
110.02,32231
110.025,32281
110.03,32316
110.035,32345
110.04,32345
110.045,32327
110.05,32400
110.055,32410
110.06,32463
110.065,32391
110.07,32527
110.075,32513
110.08,32584
110.085,32660
110.09,32700
110.095,32852
110.1,32948
110.105,32997
110.11,33091
110.115,33178
110.12,33304
110.125,33433
110.13,33572
110.135,33663
110.14,33707
110.145,33834
110.15,33850
110.155,33957
110.16,33985
110.165,34020
110.17,34022
110.175,34317
110.18,34304
110.185,34290
110.19,34211
110.195,34179
110.2,34037
110.205,33999
110.21,33952
110.215,33822
110.22,33690
110.225,33633
110.23,33581
110.235,33467
110.24,33394
110.245,33362
110.25,33236
110.255,33185
110.26,33174
110.265,33107
110.27,33122
110.275,33089
110.28,33158
110.285,33075
110.29,33162
110.295,33158
110.3,33230
110.305,33295
110.31,33274
110.315,33335
110.32,33417
110.325,33485
110.33,33459
110.335,33556
110.34,33615
110.345,33624
110.35,33633
110.355,33763
110.36,33806
110.365,33782
110.37,33798
110.375,33802
110.38,33768
110.385,33756
110.39,33801
110.395,33818
110.4,33782
110.405,33687
110.41,33727
110.415,33628
110.42,33660
110.425,33515
110.43,33449
110.435,33445
110.44,33306
110.445,33289
110.45,33232
110.455,33186
110.46,33163
110.465,33023
110.47,32994
110.475,32949
110.48,32824
110.485,32789
110.49,32783
110.495,32692
110.5,32663
110.505,32656
110.51,32532
110.515,32491
110.52,32572
110.525,32486
110.53,32483
110.535,32464
110.54,32432
110.545,32407
110.55,32330
110.555,32364
110.56,32282
110.565,32300
110.57,32407
110.575,32283
110.58,32346
110.585,32314
110.59,32288
110.595,32308
110.6,32335
110.605,32248
110.61,32306
110.615,32275
110.62,32262
110.625,32276
110.63,32317
110.635,32290
110.64,32314
110.645,32275
110.65,32302
110.655,32294
110.66,32234
110.665,32240
110.67,32245
110.675,32256
110.68,32309
110.685,32255
110.69,32259
110.695,32292
110.7,32217
110.705,32262
110.71,32212
110.715,32255
110.72,32220
110.725,32162
110.73,32214
110.735,32233
110.74,32254
110.745,32166
110.75,32165
110.755,32247
110.76,32240
110.765,32182
110.77,32257
110.775,32291
110.78,32248
110.785,32221
110.79,32264
110.795,32169
110.8,32233
110.805,32270
110.81,32271
110.815,32252
110.82,32228
110.825,32290
110.83,32262
110.835,32301
110.84,32249
110.845,32338
110.85,32370
110.855,32397
110.86,32420
110.865,32531
110.87,32604
110.875,32646
110.88,32680
110.885,32719
110.89,32880
110.895,32953
110.9,33024
110.905,33173
110.91,33221
110.915,33447
110.92,33363
110.925,33599
110.93,33732
110.935,33783
110.94,33834
110.945,33949
110.95,33873
110.955,33901
110.96,33951
110.965,34256
110.97,34250
110.975,34223
110.98,34109
110.985,34085
110.99,34057
110.995,34018
111.0,33898
111.005,33738
111.01,33695
111.015,33542
111.02,33398
111.025,33410
111.03,33294
111.035,33236
111.04,33172
111.045,33068
111.05,33093
111.055,33093
111.06,33043
111.065,33009
111.07,32975
111.075,33035
111.08,33048
111.085,33092
111.09,33120
111.095,33155
111.1,33217
111.105,33224
111.11,33259
111.115,33349
111.12,33387
111.125,33487
111.13,33565
111.135,33590
111.14,33599
111.145,33638
111.15,33700
111.155,33727
111.16,33754
111.165,33709
111.17,33768
111.175,33819
111.18,33775
111.185,33749
111.19,33688
111.195,33649
111.2,33630
111.205,33549
111.21,33492
111.215,33491
111.22,33350
111.225,33359
111.23,33329
111.235,33193
111.24,33156
111.245,33068
111.25,33094
111.255,32963
111.26,32930
111.265,32812
111.27,32784
111.275,32688
111.28,32654
111.285,32585
111.29,32534
111.295,32556
111.3,32516
111.305,32458
111.31,32434
111.315,32408
111.32,32390
111.325,32291
111.33,32356
111.335,32283
111.34,32295
111.345,32328
111.35,32229
111.355,32327
111.36,32232
111.365,32207
111.37,32283
111.375,32191
111.38,32236
111.385,32162
111.39,32234
111.395,32163
111.4,32167
111.405,32285
111.41,32149
111.415,32205
111.42,32240
111.425,32198
111.43,32193
111.435,32088
111.44,32173
111.445,32238
111.45,32116
111.455,32148
111.46,32227
111.465,32215
111.47,32151
111.475,32172
111.48,32155
111.485,32182
111.49,32172
111.495,32193
111.5,32168
111.505,32174
111.51,32206
111.515,32179
111.52,32113
111.525,32125
111.53,32141
111.535,32212
111.54,32122
111.545,32153
111.55,32057
111.555,32124
111.56,32164
111.565,32198
111.57,32191
111.575,32127
111.58,32231
111.585,32153
111.59,32203
111.595,32154
111.6,32231
111.605,32210
111.61,32195
111.615,32234
111.62,32189
111.625,32278
111.63,32260
111.635,32320
111.64,32424
111.645,32420
111.65,32449
111.655,32501
111.66,32625
111.665,32652
111.67,32754
111.675,32895
111.68,32971
111.685,33102
111.69,33206
111.695,33339
111.7,33392
111.705,33482
111.71,33640
111.715,33743
111.72,33783
111.725,33860
111.73,33914
111.735,33938
111.74,33918
111.745,34238
111.75,34173
111.755,34132
111.76,34125
111.765,34104
111.77,33996
111.775,33876
111.78,33740
111.785,33712
111.79,33559
111.795,33537
111.8,33359
111.805,33345
111.81,33266
111.815,33177
111.82,33185
111.825,32973
111.83,33048
111.835,32985
111.84,32949
111.845,32963
111.85,32944
111.855,32965
111.86,32951
111.865,32986
111.87,33121
111.875,33156
111.88,33133
111.885,33204
111.89,33183
111.895,33343
111.9,33311
111.905,33400
111.91,33508
111.915,33477
111.92,33567
111.925,33547
111.93,33623
111.935,33634
111.94,33689
111.945,33692
111.95,33677
111.955,33666
111.96,33682
111.965,33666
111.97,33542
111.975,33615
111.98,33490
111.985,33528
111.99,33451
111.995,33386
112.0,33362
112.005,33263
112.01,33212
112.015,33158
112.02,33042
112.025,33033
112.03,33000
112.035,32889
112.04,32834
112.045,32787
112.05,32731
112.055,32643
112.06,32613
112.065,32620
112.07,32490
112.075,32452
112.08,32394
112.085,32397
112.09,32399
112.095,32402
112.1,32275
112.105,32251
112.11,32231
112.115,32237
112.12,32253
112.125,32175
112.13,32202
112.135,32183
112.14,32149
112.145,32166
112.15,32178
112.155,32171
112.16,32145
112.165,32147
112.17,32077
112.175,32080
112.18,32139
112.185,32126
112.19,32146
112.195,32146
112.2,32090
112.205,32137
112.21,32061
112.215,32091
112.22,32099
112.225,32129
112.23,32044
112.235,32135
112.24,32045
112.245,32084
112.25,32093
112.255,32205
112.26,32060
112.265,32112
112.27,32134
112.275,32094
112.28,32046
112.285,32085
112.29,32091
112.295,32091
112.3,32105
112.305,32033
112.31,31999
112.315,32125
112.32,32003
112.325,32088
112.33,32086
112.335,32065
112.34,32053
112.345,32058
112.35,32069
112.355,32046
112.36,32062
112.365,32120
112.37,32059
112.375,32107
112.38,32084
112.385,32108
112.39,32086
112.395,32115
112.4,32091
112.405,32045
112.41,32061
112.415,32130
112.42,32044
112.425,32128
112.43,32044
112.435,32080
112.44,32156
112.445,32105
112.45,32078
112.455,32032
112.46,32143
112.465,32140
112.47,32216
112.475,32166
112.48,32224
112.485,32282
112.49,32344
112.495,32288
112.5,32462
112.505,32523
112.51,32554
112.515,32667
112.52,32682
112.525,32771
112.53,32968
112.535,33002
112.54,33162
112.545,33234
112.55,33366
112.555,33430
112.56,33591
112.565,33556
112.57,33707
112.575,33798
112.58,33740
112.585,33751
112.59,34167
112.595,34126
112.6,34076
112.605,34083
112.61,33985
112.615,33939
112.62,33820
112.625,33724
112.63,33656
112.635,33526
112.64,33500
112.645,33357
112.65,33245
112.655,33150
112.66,33042
112.665,33064
112.67,32967
112.675,32937
112.68,32910
112.685,32923
112.69,32876
112.695,32842
112.7,32854
112.705,32897
112.71,32893
112.715,33003
112.72,32971
112.725,33006
112.73,33079
112.735,33153
112.74,33216
112.745,33194
112.75,33321
112.755,33376
112.76,33391
112.765,33447
112.77,33496
112.775,33419
112.78,33581
112.785,33576
112.79,33567
112.795,33597
112.8,33614
112.805,33597
112.81,33552
112.815,33539
112.82,33488
112.825,33525
112.83,33401
112.835,33413
112.84,33318
112.845,33236
112.85,33210
112.855,33157
112.86,33130
112.865,33075
112.87,32917
112.875,32839
112.88,32847
112.885,32753
112.89,32695
112.895,32641
112.9,32582
112.905,32566
112.91,32473
112.915,32450
112.92,32438
112.925,32349
112.93,32322
112.935,32310
112.94,32211
112.945,32238
112.95,32179
112.955,32119
112.96,32115
112.965,32176
112.97,32107
112.975,32126
112.98,32135
112.985,32122
112.99,32008
112.995,32079
113.0,32073
113.005,32093
113.01,32088
113.015,31988
113.02,32025
113.025,31987
113.03,32074
113.035,32094
113.04,32012
113.045,32051
113.05,31987
113.055,31957
113.06,32092
113.065,32013
113.07,32093
113.075,32084
113.08,31994
113.085,32031
113.09,31989
113.095,32044
113.1,32022
113.105,32012
113.11,32020
113.115,32011
113.12,32071
113.125,31984
113.13,31975
113.135,32023
113.14,31958
113.145,32009
113.15,32006
113.155,32013
113.16,32045
113.165,31976
113.17,31969
113.175,31986
113.18,32033
113.185,31995
113.19,31978
113.195,31960
113.2,31993
113.205,31991
113.21,31997
113.215,32008
113.22,31920
113.225,32002
113.23,32035
113.235,31992
113.24,31949
113.245,32013
113.25,31901
113.255,32002
113.26,32018
113.265,31955
113.27,31963
113.275,31998
113.28,31938
113.285,32011
113.29,31956
113.295,32043
113.3,31918
113.305,32018
113.31,32042
113.315,32088
113.32,32112
113.325,32124
113.33,32113
113.335,32219
113.34,32217
113.345,32317
113.35,32318
113.355,32429
113.36,32550
113.365,32662
113.37,32667
113.375,32741
113.38,32872
113.385,32996
113.39,33162
113.395,33190
113.4,33239
113.405,33371
113.41,33454
113.415,33509
113.42,33680
113.425,33669
113.43,33747
113.435,33769
113.44,34023
113.445,34029
113.45,34002
113.455,33936
113.46,33848
113.465,33801
113.47,33713
113.475,33633
113.48,33463
113.485,33443
113.49,33366
113.495,33218
113.5,33151
113.505,33142
113.51,33034
113.515,32859
113.52,32914
113.525,32899
113.53,32828
113.535,32813
113.54,32783
113.545,32797
113.55,32786
113.555,32859
113.56,32903
113.565,32942
113.57,32969
113.575,32963
113.58,33004
113.585,33068
113.59,33138
113.595,33181
113.6,33244
113.605,33240
113.61,33346
113.615,33341
113.62,33401
113.625,33450
113.63,33495
113.635,33477
113.64,33506
113.645,33538
113.65,33513
113.655,33458
113.66,33512
113.665,33358
113.67,33400
113.675,33431
113.68,33390
113.685,33246
113.69,33248
113.695,33117
113.7,33198
113.705,33035
113.71,32953
113.715,32897
113.72,32865
113.725,32746
113.73,32771
113.735,32686
113.74,32569
113.745,32601
113.75,32468
113.755,32404
113.76,32352
113.765,32375
113.77,32312
113.775,32249
113.78,32218
113.785,32168
113.79,32206
113.795,32150
113.8,32074
113.805,32107
113.81,32097
113.815,32076
113.82,32053
113.825,32048
113.83,31976
113.835,31976
113.84,31979
113.845,32000
113.85,32046
113.855,31952
113.86,32023
113.865,31974
113.87,31925
113.875,32019
113.88,31941
113.885,31970
113.89,31906
113.895,31937
113.9,31946
113.905,31943
113.91,31965
113.915,31919
113.92,31963
113.925,31888
113.93,31958
113.935,31951
113.94,31958
113.945,31948
113.95,31958
113.955,31907
113.96,31901
113.965,31910
113.97,31873
113.975,31973
113.98,31877
113.985,31944
113.99,31857
113.995,31862
114.0,31893
114.005,31922
114.01,31941
114.015,31912
114.02,31857
114.025,31907
114.03,31919
114.035,31895
114.04,31923
114.045,31889
114.05,31871
114.055,31921
114.06,31897
114.065,31868
114.07,31929
114.075,31972
114.08,31864
114.085,31806
114.09,31874
114.095,31912
114.1,31851
114.105,31905
114.11,31901
114.115,31937
114.12,31892
114.125,31831
114.13,31904
114.135,31804
114.14,31853
114.145,31892
114.15,31874
114.155,31868
114.16,31890
114.165,31860
114.17,31900
114.175,31911
114.18,31933
114.185,31905
114.19,31872
114.195,31990
114.2,31958
114.205,31938
114.21,32027
114.215,32016
114.22,32059
114.225,32068
114.23,32130
114.235,32187
114.24,32313
114.245,32336
114.25,32426
114.255,32526
114.26,32657
114.265,32725
114.27,32876
114.275,32963
114.28,33048
114.285,33151
114.29,33259
114.295,33338
114.3,33470
114.305,33619
114.31,33573
114.315,33592
114.32,33706
114.325,33995
114.33,33930
114.335,33887
114.34,33864
114.345,33763
114.35,33681
114.355,33690
114.36,33549
114.365,33502
114.37,33277
114.375,33276
114.38,33247
114.385,33131
114.39,33051
114.395,32977
114.4,32861
114.405,32874
114.41,32758
114.415,32766
114.42,32678
114.425,32638
114.43,32703
114.435,32707
114.44,32737
114.445,32743
114.45,32777
114.455,32750
114.46,32910
114.465,32983
114.47,32959
114.475,32955
114.48,33056
114.485,33165
114.49,33176
114.495,33143
114.5,33273
114.505,33279
114.51,33348
114.515,33368
114.52,33377
114.525,33435
114.53,33404
114.535,33370
114.54,33394
114.545,33450
114.55,33365
114.555,33322
114.56,33202
114.565,33239
114.57,33200
114.575,33188
114.58,33065
114.585,33068
114.59,33031
114.595,32891
114.6,32859
114.605,32856
114.61,32742
114.615,32634
114.62,32590
114.625,32624
114.63,32464
114.635,32341
114.64,32354
114.645,32301
114.65,32250
114.655,32241
114.66,32238
114.665,32210
114.67,32180
114.675,32104
114.68,32042
114.685,32014
114.69,31970
114.695,32031
114.7,31956
114.705,31988
114.71,31963
114.715,31981
114.72,31923
114.725,31937
114.73,31952
114.735,31993
114.74,31913
114.745,31916
114.75,31895
114.755,31839
114.76,31913
114.765,31918
114.77,31842
114.775,31911
114.78,31818
114.785,31874
114.79,31842
114.795,31877
114.8,31820
114.805,31950
114.81,31842
114.815,31904
114.82,31910
114.825,31838
114.83,31848
114.835,31885
114.84,31838
114.845,31839
114.85,31796
114.855,31820
114.86,31815
114.865,31859
114.87,31858
114.875,31804
114.88,31817
114.885,31823
114.89,31839
114.895,31818
114.9,31803
114.905,31851
114.91,31850
114.915,31825
114.92,31802
114.925,31821
114.93,31837
114.935,31805
114.94,31789
114.945,31755
114.95,31828
114.955,31857
114.96,31925
114.965,31822
114.97,31823
114.975,31818
114.98,31788
114.985,31713
114.99,31835
114.995,31812
115.0,31804
115.005,31860
115.01,31898
115.015,31787
115.02,31843
115.025,31852
115.03,31888
115.035,31816
115.04,31839
115.045,31845
115.05,31879
115.055,31954
115.06,31874
115.065,31913
115.07,32082
115.075,32037
115.08,32067
115.085,32196
115.09,32238
115.095,32290
115.1,32389
115.105,32467
115.11,32536
115.115,32650
115.12,32744
115.125,32793
115.13,32990
115.135,33112
115.14,33160
115.145,33269
115.15,33364
115.155,33386
115.16,33480
115.165,33488
115.17,33539
115.175,33582
115.18,33789
115.185,33793
115.19,33758
115.195,33720
115.2,33715
115.205,33551
115.21,33521
115.215,33462
115.22,33348
115.225,33290
115.23,33139
115.235,33043
115.24,32963
115.245,32912
115.25,32792
115.255,32777
115.26,32740
115.265,32685
115.27,32608
115.275,32668
115.28,32703
115.285,32690
115.29,32634
115.295,32657
115.3,32708
115.305,32735
115.31,32809
115.315,32891
115.32,32923
115.325,32973
115.33,33011
115.335,33007
115.34,33059
115.345,33157
115.35,33208
115.355,33236
115.36,33283
115.365,33285
115.37,33297
115.375,33360
115.38,33346
115.385,33334
115.39,33337
115.395,33332
115.4,33339
115.405,33275
115.41,33231
115.415,33198
115.42,33202
115.425,33132
115.43,33116
115.435,32945
115.44,32974
115.445,32889
115.45,32849
115.455,32690
115.46,32711
115.465,32588
115.47,32585
115.475,32574
115.48,32442
115.485,32334
115.49,32339
115.495,32237
115.5,32224
115.505,32177
115.51,32131
115.515,32090
115.52,32143
115.525,32048
115.53,31962
115.535,32029
115.54,31929
115.545,31956
115.55,31934
115.555,31901
115.56,31903
115.565,31848
115.57,31855
115.575,31860
115.58,31848
115.585,31892
115.59,31852
115.595,31834
115.6,31809
115.605,31805
115.61,31817
115.615,31847
115.62,31820
115.625,31781
115.63,31807
115.635,31798
115.64,31811
115.645,31789
115.65,31743
115.655,31831
115.66,31865
115.665,31781
115.67,31810
115.675,31757
115.68,31824
115.685,31806
115.69,31788
115.695,31747
115.7,31766
115.705,31757
115.71,31776
115.715,31819
115.72,31835
115.725,31748
115.73,31813
115.735,31666
115.74,31822
115.745,31791
115.75,31730
115.755,31726
115.76,31687
115.765,31794
115.77,31795
115.775,31723
115.78,31794
115.785,31702
115.79,31786
115.795,31763
115.8,31711
115.805,31767
115.81,31735
115.815,31676
115.82,31779
115.825,31736
115.83,31692
115.835,31760
115.84,31780
115.845,31717
115.85,31754
115.855,31810
115.86,31768
115.865,31754
115.87,31729
115.875,31812
115.88,31783
115.885,31798
115.89,31794
115.895,31806
115.9,31815
115.905,31811
115.91,31890
115.915,31933
115.92,31983
115.925,32006
115.93,32060
115.935,32143
115.94,32161
115.945,32211
115.95,32335
115.955,32383
115.96,32488
115.965,32606
115.97,32686
115.975,32806
115.98,32913
115.985,33005
115.99,33137
115.995,33240
116.0,33342
116.005,33383
116.01,33483
116.015,33453
116.02,33521
116.025,33874
116.03,33880
116.035,33774
116.04,33747
116.045,33704
116.05,33634
116.055,33553
116.06,33440
116.065,33342
116.07,33204
116.075,33167
116.08,33075
116.085,33001
116.09,32820
116.095,32879
116.1,32670
116.105,32650
116.11,32617
116.115,32601
116.12,32632
116.125,32556
116.13,32632
116.135,32546
116.14,32656
116.145,32603
116.15,32615
116.155,32636
116.16,32757
116.165,32765
116.17,32800
116.175,32835
116.18,32937
116.185,32986
116.19,33062
116.195,33136
116.2,33109
116.205,33159
116.21,33187
116.215,33224
116.22,33301
116.225,33345
116.23,33289
116.235,33301
116.24,33227
116.245,33210
116.25,33239
116.255,33207
116.26,33140
116.265,33105
116.27,33081
116.275,33087
116.28,33051
116.285,32936
116.29,32911
116.295,32798
116.3,32763
116.305,32701
116.31,32617
116.315,32565
116.32,32479
116.325,32391
116.33,32328
116.335,32302
116.34,32278
116.345,32204
116.35,32133
116.355,32079
116.36,32073
116.365,32033
116.37,31976
116.375,31981
116.38,31939
116.385,31932
116.39,31863
116.395,31892
116.4,31844
116.405,31838
116.41,31790
116.415,31812
116.42,31838
116.425,31731
116.43,31762
116.435,31735
116.44,31749
116.445,31781
116.45,31774
116.455,31757
116.46,31679
116.465,31785
116.47,31719
116.475,31769
116.48,31803
116.485,31772
116.49,31781
116.495,31768
116.5,31686
116.505,31722
116.51,31699
116.515,31716
116.52,31727
116.525,31707
116.53,31735
116.535,31709
116.54,31764
116.545,31712
116.55,31768
116.555,31806
116.56,31733
116.565,31682
116.57,31691
116.575,31729
116.58,31694
116.585,31749
116.59,31713
116.595,31694
116.6,31700
116.605,31767
116.61,31621
116.615,31701
116.62,31722
116.625,31765
116.63,31713
116.635,31665
116.64,31709
116.645,31706
116.65,31720
116.655,31681
116.66,31727
116.665,31685
116.67,31711
116.675,31755
116.68,31658
116.685,31672
116.69,31667
116.695,31777
116.7,31717
116.705,31711
116.71,31735
116.715,31742
116.72,31708
116.725,31651
116.73,31693
116.735,31703
116.74,31722
116.745,31716
116.75,31730
116.755,31679
116.76,31759
116.765,31762
116.77,31840
116.775,31842
116.78,31900
116.785,31966
116.79,32028
116.795,32104
116.8,32115
116.805,32178
116.81,32290
116.815,32389
116.82,32429
116.825,32556
116.83,32745
116.835,32728
116.84,32808
116.845,32952
116.85,33104
116.855,33212
116.86,33256
116.865,33304
116.87,33318
116.875,33426
116.88,33488
116.885,33801
116.89,33773
116.895,33706
116.9,33718
116.905,33658
116.91,33508
116.915,33425
116.92,33393
116.925,33228
116.93,33205
116.935,33086
116.94,32971
116.945,32943
116.95,32780
116.955,32737
116.96,32675
116.965,32600
116.97,32614
116.975,32504
116.98,32491
116.985,32522
116.99,32477
116.995,32549
117.0,32591
117.005,32526
117.01,32622
117.015,32619
117.02,32676
117.025,32735
117.03,32805
117.035,32843
117.04,32906
117.045,32976
117.05,32981
117.055,33037
117.06,33082
117.065,33143
117.07,33215
117.075,33241
117.08,33328
117.085,33297
117.09,33212
117.095,33232
117.1,33194
117.105,33167
117.11,33157
117.115,33169
117.12,33140
117.125,33052
117.13,33036
117.135,33049
117.14,32882
117.145,32885
117.15,32766
117.155,32720
117.16,32720
117.165,32668
117.17,32547
117.175,32532
117.18,32366
117.185,32391
117.19,32225
117.195,32254
117.2,32218
117.205,32148
117.21,32136
117.215,32045
117.22,32047
117.225,31998
117.23,31959
117.235,31859
117.24,31936
117.245,31853
117.25,31899
117.255,31801
117.26,31807
117.265,31808
117.27,31794
117.275,31756
117.28,31704
117.285,31773
117.29,31732
117.295,31795
117.3,31758
117.305,31690
117.31,31764
117.315,31776
117.32,31760
117.325,31703
117.33,31649
117.335,31726
117.34,31732
117.345,31702
117.35,31670
117.355,31710
117.36,31663
117.365,31756
117.37,31683
117.375,31651
117.38,31712
117.385,31686
117.39,31720
117.395,31702
117.4,31675
117.405,31717
117.41,31675
117.415,31667
117.42,31704
117.425,31737
117.43,31627
117.435,31744
117.44,31667
117.445,31732
117.45,31679
117.455,31630
117.46,31703
117.465,31638
117.47,31679
117.475,31677
117.48,31688
117.485,31708
117.49,31698
117.495,31636
117.5,31673
117.505,31597
117.51,31686
117.515,31672
117.52,31732
117.525,31687
117.53,31684
117.535,31654
117.54,31626
117.545,31652
117.55,31700
117.555,31682
117.56,31715
117.565,31674
117.57,31687
117.575,31665
117.58,31668
117.585,31680
117.59,31628
117.595,31686
117.6,31633
117.605,31655
117.61,31608
117.615,31644
117.62,31672
117.625,31713
117.63,31660
117.635,31691
117.64,31698
117.645,31649
117.65,31709
117.655,31718
117.66,31751
117.665,31783
117.67,31769
117.675,31805
117.68,31812
117.685,31910
117.69,32062
117.695,32087
117.7,32124
117.705,32164
117.71,32270
117.715,32372
117.72,32494
117.725,32580
117.73,32800
117.735,32868
117.74,32907
117.745,33035
117.75,33144
117.755,33208
117.76,33249
117.765,33426
117.77,33401
117.775,33449
117.78,33426
117.785,33808
117.79,33699
117.795,33732
117.8,33633
117.805,33545
117.81,33432
117.815,33407
117.82,33316
117.825,33182
117.83,33152
117.835,32986
117.84,32934
117.845,32843
117.85,32706
117.855,32698
117.86,32609
117.865,32579
117.87,32486
117.875,32528
117.88,32447
117.885,32453
117.89,32512
117.895,32487
117.9,32554
117.905,32559
117.91,32609
117.915,32651
117.92,32729
117.925,32786
117.93,32764
117.935,32880
117.94,32897
117.945,32952
117.95,32954
117.955,33075
117.96,33155
117.965,33154
117.97,33210
117.975,33181
117.98,33209
117.985,33158
117.99,33255
117.995,33205
118.0,33242
118.005,33197
118.01,33136
118.015,33173
118.02,33035
118.025,33019
118.03,32985
118.035,32943
118.04,32934
118.045,32778
118.05,32766
118.055,32675
118.06,32647
118.065,32573
118.07,32524
118.075,32472
118.08,32417
118.085,32327
118.09,32269
118.095,32219
118.1,32201
118.105,32073
118.11,32077
118.115,32117
118.12,31961
118.125,31886
118.13,31929
118.135,31962
118.14,31803
118.145,31862
118.15,31844
118.155,31765
118.16,31758
118.165,31731
118.17,31729
118.175,31764
118.18,31735
118.185,31768
118.19,31733
118.195,31771
118.2,31704
118.205,31721
118.21,31743
118.215,31714
118.22,31730
118.225,31702
118.23,31742
118.235,31634
118.24,31672
118.245,31683
118.25,31722
118.255,31683
118.26,31736
118.265,31658
118.27,31662
118.275,31721
118.28,31665
118.285,31618
118.29,31658
118.295,31761
118.3,31623
118.305,31644
118.31,31696
118.315,31641
118.32,31737
118.325,31629
118.33,31685
118.335,31651
118.34,31640
118.345,31633
118.35,31712
118.355,31667
118.36,31608
118.365,31690
118.37,31614
118.375,31663
118.38,31580
118.385,31711
118.39,31678
118.395,31630
118.4,31630
118.405,31721
118.41,31725
118.415,31680
118.42,31669
118.425,31624
118.43,31657
118.435,31673
118.44,31557
118.445,31646
118.45,31575
118.455,31575
118.46,31622
118.465,31683
118.47,31637
118.475,31653
118.48,31672
118.485,31639
118.49,31635
118.495,31674
118.5,31700
118.505,31647
118.51,31673
118.515,31736
118.52,31779
118.525,31776
118.53,31804
118.535,31863
118.54,31869
118.545,31915
118.55,32055
118.555,32111
118.56,32112
118.565,32200
118.57,32323
118.575,32389
118.58,32480
118.585,32629
118.59,32690
118.595,32784
118.6,32898
118.605,32970
118.61,33109
118.615,33187
118.62,33288
118.625,33330
118.63,33381
118.635,33400
118.64,33400
118.645,33722
118.65,33702
118.655,33643
118.66,33675
118.665,33546
118.67,33447
118.675,33384
118.68,33318
118.685,33147
118.69,33075
118.695,32958
118.7,32906
118.705,32794
118.71,32767
118.715,32625
118.72,32646
118.725,32605
118.73,32526
118.735,32491
118.74,32500
118.745,32574
118.75,32466
118.755,32436
118.76,32502
118.765,32599
118.77,32599
118.775,32631
118.78,32649
118.785,32738
118.79,32806
118.795,32789
118.8,32936
118.805,33007
118.81,32994
118.815,32983
118.82,33183
118.825,33141
118.83,33174
118.835,33192
118.84,33169
118.845,33133
118.85,33189
118.855,33250
118.86,33214
118.865,33172
118.87,33082
118.875,33127
118.88,33035
118.885,33019
118.89,33024
118.895,32955
118.9,32839
118.905,32734
118.91,32744
118.915,32656
118.92,32634
118.925,32558
118.93,32532
118.935,32401
118.94,32318
118.945,32320
118.95,32193
118.955,32146
118.96,32150
118.965,32122
118.97,32039
118.975,31967
118.98,31905
118.985,31840
118.99,31907
118.995,31837
119.0,31784
119.005,31808
119.01,31755
119.015,31801
119.02,31703
119.025,31794
119.03,31732
119.035,31725
119.04,31733
119.045,31667
119.05,31713
119.055,31690
119.06,31675
119.065,31716
119.07,31675
119.075,31745
119.08,31678
119.085,31700
119.09,31686
119.095,31705
119.1,31701
119.105,31636
119.11,31701
119.115,31676
119.12,31711
119.125,31654
119.13,31716
119.135,31705
119.14,31655
119.145,31646
119.15,31700
119.155,31689
119.16,31659
119.165,31721
119.17,31690
119.175,31688
119.18,31663
119.185,31638
119.19,31631
119.195,31561
119.2,31655
119.205,31665
119.21,31585
119.215,31667
119.22,31654
119.225,31615
119.23,31594
119.235,31621
119.24,31718
119.245,31692
119.25,31634
119.255,31684
119.26,31720
119.265,31567
119.27,31704
119.275,31603
119.28,31677
119.285,31677
119.29,31649
119.295,31708
119.3,31670
119.305,31682
119.31,31677
119.315,31620
119.32,31725
119.325,31736
119.33,31715
119.335,31805
119.34,31799
119.345,31901
119.35,31981
119.355,32021
119.36,32080
119.365,32120
119.37,32264
119.375,32298
119.38,32276
119.385,32450
119.39,32596
119.395,32722
119.4,32805
119.405,32934
119.41,33048
119.415,33020
119.42,33146
119.425,33220
119.43,33252
119.435,33294
119.44,33422
119.445,33415
119.45,33754
119.455,33693
119.46,33708
119.465,33584
119.47,33561
119.475,33411
119.48,33433
119.485,33325
119.49,33226
119.495,33129
119.5,33041
119.505,32966
119.51,32870
119.515,32804
119.52,32694
119.525,32609
119.53,32554
119.535,32572
119.54,32438
119.545,32528
119.55,32494
119.555,32433
119.56,32509
119.565,32542
119.57,32592
119.575,32648
119.58,32616
119.585,32608
119.59,32756
119.595,32808
119.6,32862
119.605,32834
119.61,32977
119.615,32996
119.62,33001
119.625,33088
119.63,33154
119.635,33085
119.64,33280
119.645,33252
119.65,33289
119.655,33259
119.66,33196
119.665,33250
119.67,33161
119.675,33258
119.68,33154
119.685,33121
119.69,33012
119.695,33044
119.7,33000
119.705,32884
119.71,32826
119.715,32729
119.72,32700
119.725,32627
119.73,32587
119.735,32522
119.74,32495
119.745,32444
119.75,32334
119.755,32232
119.76,32258
119.765,32229
119.77,32126
119.775,32100
119.78,32003
119.785,32047
119.79,32000
119.795,31897
119.8,31896
119.805,31834
119.81,31852
119.815,31839
119.82,31849
119.825,31801
119.83,31787
119.835,31782
119.84,31740
119.845,31742
119.85,31723
119.855,31760
119.86,31735
119.865,31664
119.87,31711
119.875,31728
119.88,31715
119.885,31673
119.89,31669
119.895,31682
119.9,31687
119.905,31710
119.91,31682
119.915,31651
119.92,31695
119.925,31720
119.93,31678
119.935,31740
119.94,31741
119.945,31655
119.95,31706
119.955,31676
119.96,31652
119.965,31682
119.97,31671
119.975,31616
119.98,31711
119.985,31690
119.99,31672
119.995,31685
120.0,31707
120.005,31683
120.01,31665
120.015,31692
120.02,31619
120.025,31715
120.03,31664
120.035,31698
120.04,31657
120.045,31664
120.05,31691
120.055,31688
120.06,31724
120.065,31684
120.07,31624
120.075,31733
120.08,31672
120.085,31726
120.09,31731
120.095,31673
120.1,31681
120.105,31655
120.11,31725
120.115,31671
120.12,31802
120.125,31791
120.13,31812
120.135,31818
120.14,31860
120.145,31887
120.15,31857
120.155,31996
120.16,32060
120.165,32179
120.17,32188
120.175,32325
120.18,32434
120.185,32530
120.19,32582
120.195,32706
120.2,32792
120.205,32918
120.21,33046
120.215,33115
120.22,33221
120.225,33266
120.23,33357
120.235,33402
120.24,33439
120.245,33467
120.25,33751
120.255,33776
120.26,33712
120.265,33698
120.27,33602
120.275,33564
120.28,33442
120.285,33297
120.29,33232
120.295,33162
120.3,33062
120.305,32980
120.31,32864
120.315,32783
120.32,32667
120.325,32696
120.33,32647
120.335,32604
120.34,32474
120.345,32501
120.35,32496
120.355,32518
120.36,32492
120.365,32619
120.37,32612
120.375,32613
120.38,32644
120.385,32646
120.39,32790
120.395,32817
120.4,32872
120.405,32946
120.41,32931
120.415,32934
120.42,33142
120.425,33089
120.43,33171
120.435,33130
120.44,33229
120.445,33290
120.45,33257
120.455,33200
120.46,33226
120.465,33176
120.47,33215
120.475,33233
120.48,33193
120.485,33117
120.49,33099
120.495,33042
120.5,32941
120.505,32902
120.51,32886
120.515,32877
120.52,32746
120.525,32685
120.53,32573
120.535,32574
120.54,32432
120.545,32437
120.55,32383
120.555,32305
120.56,32228
120.565,32173
120.57,32199
120.575,32136
120.58,32072
120.585,32057
120.59,31974
120.595,31957
120.6,31904
120.605,31877
120.61,31868
120.615,31898
120.62,31816
120.625,31808
120.63,31810
120.635,31847
120.64,31755
120.645,31881
120.65,31766
120.655,31753
120.66,31765
120.665,31736
120.67,31738
120.675,31712
120.68,31814
120.685,31701
120.69,31766
120.695,31761
120.7,31727
120.705,31760
120.71,31764
120.715,31756
120.72,31672
120.725,31765
120.73,31755
120.735,31733
120.74,31703
120.745,31713
120.75,31635
120.755,31759
120.76,31658
120.765,31764
120.77,31730
120.775,31769
120.78,31677
120.785,31690
120.79,31711
120.795,31635
120.8,31670
120.805,31732
120.81,31790
120.815,31669
120.82,31741
120.825,31687
120.83,31715
120.835,31736
120.84,31701
120.845,31707
120.85,31698
120.855,31705
120.86,31719
120.865,31731
120.87,31691
120.875,31689
120.88,31687
120.885,31673
120.89,31715
120.895,31744
120.9,31750
120.905,31666
120.91,31686
120.915,31703
120.92,31721
120.925,31759
120.93,31712
120.935,31688
120.94,31777
120.945,31782
120.95,31759
120.955,31762
120.96,31749
120.965,31804
120.97,31794
120.975,31874
120.98,31920
120.985,31986
120.99,32063
120.995,32060
121.0,32160
121.005,32249
121.01,32374
121.015,32393
121.02,32548
121.025,32622
121.03,32690
121.035,32861
121.04,32877
121.045,33035
121.05,33103
121.055,33209
121.06,33302
121.065,33429
121.07,33355
121.075,33511
121.08,33433
121.085,33741
121.09,33802
121.095,33754
121.1,33743
121.105,33635
121.11,33595
121.115,33440
121.12,33385
121.125,33271
121.13,33164
121.135,33115
121.14,33106
121.145,32922
121.15,32890
121.155,32773
121.16,32762
121.165,32625
121.17,32668
121.175,32596
121.18,32525
121.185,32519
121.19,32592
121.195,32581
121.2,32543
121.205,32565
121.21,32624
121.215,32649
121.22,32736
121.225,32864
121.23,32852
121.235,32860
121.24,32959
121.245,32976
121.25,33018
121.255,33109
121.26,33059
121.265,33155
121.27,33317
121.275,33209
121.28,33273
121.285,33306
121.29,33262
121.295,33271
121.3,33351
121.305,33274
121.31,33229
121.315,33180
121.32,33238
121.325,33188
121.33,33099
121.335,33086
121.34,32991
121.345,32923
121.35,32839
121.355,32839
121.36,32728
121.365,32673
121.37,32641
121.375,32594
121.38,32425
121.385,32433
121.39,32391
121.395,32332
121.4,32184
121.405,32227
121.41,32137
121.415,32154
121.42,32136
121.425,32038
121.43,32038
121.435,31959
121.44,31983
121.445,31959
121.45,31906
121.455,31898
121.46,31834
121.465,31845
121.47,31755
121.475,31855
121.48,31828
121.485,31735
121.49,31782
121.495,31789
121.5,31855
121.505,31792
121.51,31808
121.515,31800
121.52,31736
121.525,31792
121.53,31834
121.535,31809
121.54,31730
121.545,31740
121.55,31798
121.555,31851
121.56,31730
121.565,31777
121.57,31840
121.575,31787
121.58,31801
121.585,31737
121.59,31735
121.595,31693
121.6,31803
121.605,31793
121.61,31843
121.615,31717
121.62,31816
121.625,31770
121.63,31785
121.635,31717
121.64,31784
121.645,31783
121.65,31820
121.655,31785
121.66,31780
121.665,31750
121.67,31818
121.675,31830
121.68,31790
121.685,31707
121.69,31727
121.695,31731
121.7,31832
121.705,31746
121.71,31794
121.715,31777
121.72,31761
121.725,31745
121.73,31776
121.735,31816
121.74,31772
121.745,31708
121.75,31755
121.755,31789
121.76,31799
121.765,31710
121.77,31789
121.775,31813
121.78,31787
121.785,31759
121.79,31793
121.795,31789
121.8,31829
121.805,31822
121.81,32040
121.815,31856
121.82,31897
121.825,31961
121.83,32025
121.835,32019
121.84,32071
121.845,32207
121.85,32240
121.855,32388
121.86,32448
121.865,32565
121.87,32622
121.875,32743
121.88,32870
121.885,32989
121.89,33038
121.895,33172
121.9,33238
121.905,33367
121.91,33380
121.915,33419
121.92,33551
121.925,33431
121.93,33914
121.935,33833
121.94,33807
121.945,33806
121.95,33668
121.955,33670
121.96,33598
121.965,33413
121.97,33320
121.975,33281
121.98,33193
121.985,33083
121.99,32990
121.995,32932
122.0,32868
122.005,32803
122.01,32745
122.015,32710
122.02,32636
122.025,32676
122.03,32596
122.035,32577
122.04,32635
122.045,32648
122.05,32650
122.055,32705
122.06,32683
122.065,32755
122.07,32842
122.075,32914
122.08,32970
122.085,32987
122.09,33044
122.095,33153
122.1,33076
122.105,33143
122.11,33221
122.115,33225
122.12,33316
122.125,33331
122.13,33303
122.135,33405
122.14,33351
122.145,33347
122.15,33383
122.155,33287
122.16,33253
122.165,33354
122.17,33144
122.175,33177
122.18,33112
122.185,33028
122.19,32968
122.195,32920
122.2,32933
122.205,32770
122.21,32742
122.215,32669
122.22,32679
122.225,32579
122.23,32497
122.235,32412
122.24,32418
122.245,32364
122.25,32316
122.255,32219
122.26,32160
122.265,32113
122.27,32106
122.275,32032
122.28,32081
122.285,32097
122.29,31985
122.295,31925
122.3,31969
122.305,31921
122.31,31920
122.315,31914
122.32,31943
122.325,31912
122.33,31837
122.335,31843
122.34,31943
122.345,31827
122.35,31839
122.355,31822
122.36,31819
122.365,31856
122.37,31897
122.375,31799
122.38,31903
122.385,31850
122.39,31888
122.395,31817
122.4,31807
122.405,31843
122.41,31826
122.415,31829
122.42,31824
122.425,31848
122.43,31747
122.435,31820
122.44,31864
122.445,31821
122.45,31814
122.455,31851
122.46,31820
122.465,31820
122.47,31846
122.475,31860
122.48,31851
122.485,31807
122.49,31770
122.495,31864
122.5,31797
122.505,31775
122.51,31787
122.515,31779
122.52,31805
122.525,31777
122.53,31830
122.535,31857
122.54,31831
122.545,31789
122.55,31788
122.555,31795
122.56,31819
122.565,31773
122.57,31834
122.575,31798
122.58,31807
122.585,31807
122.59,31877
122.595,31840
122.6,31917
122.605,31807
122.61,31851
122.615,31755
122.62,31841
122.625,31863
122.63,31804
122.635,31823
122.64,31859
122.645,31869
122.65,31981
122.655,31945
122.66,31930
122.665,32035
122.67,32081
122.675,32133
122.68,32196
122.685,32211
122.69,32320
122.695,32418
122.7,32507
122.705,32561
122.71,32681
122.715,32755
122.72,32855
122.725,32947
122.73,33043
122.735,33143
122.74,33200
122.745,33353
122.75,33380
122.755,33492
122.76,33561
122.765,33642
122.77,33596
122.775,33892
122.78,33862
122.785,33828
122.79,33859
122.795,33697
122.8,33674
122.805,33612
122.81,33542
122.815,33443
122.82,33330
122.825,33179
122.83,33141
122.835,33028
122.84,32962
122.845,32848
122.85,32878
122.855,32729
122.86,32734
122.865,32663
122.87,32669
122.875,32712
122.88,32657
122.885,32693
122.89,32730
122.895,32695
122.9,32701
122.905,32843
122.91,32870
122.915,32928
122.92,32986
122.925,33034
122.93,33090
122.935,33124
122.94,33224
122.945,33259
122.95,33304
122.955,33342
122.96,33354
122.965,33342
122.97,33401
122.975,33441
122.98,33430
122.985,33446
122.99,33424
122.995,33431
123.0,33356
123.005,33344
123.01,33329
123.015,33263
123.02,33153
123.025,33179
123.03,33112
123.035,32981
123.04,32953
123.045,32917
123.05,32805
123.055,32782
123.06,32682
123.065,32660
123.07,32585
123.075,32513
123.08,32436
123.085,32434
123.09,32320
123.095,32317
123.1,32218
123.105,32221
123.11,32251
123.115,32154
123.12,32220
123.125,32135
123.13,32085
123.135,32046
123.14,32006
123.145,31979
123.15,32010
123.155,31968
123.16,31930
123.165,31918
123.17,31967
123.175,31984
123.18,32056
123.185,31910
123.19,31998
123.195,31869
123.2,31924
123.205,31942
123.21,31887
123.215,31921
123.22,31914
123.225,31909
123.23,31891
123.235,31902
123.24,31935
123.245,31886
123.25,31911
123.255,31930
123.26,31869
123.265,31900
123.27,31869
123.275,31950
123.28,31954
123.285,31905
123.29,31885
123.295,31846
123.3,31946
123.305,31888
123.31,31855
123.315,31889
123.32,31879
123.325,31918
123.33,31904
123.335,31912
123.34,31935
123.345,31865
123.35,31883
123.355,31889
123.36,31897
123.365,31927
123.37,31869
123.375,31836
123.38,31939
123.385,31848
123.39,31933
123.395,31845
123.4,31958
123.405,31907
123.41,31888
123.415,31937
123.42,31907
123.425,31909
123.43,31906
123.435,31934
123.44,31929
123.445,31991
123.45,31962
123.455,31951
123.46,31943
123.465,31945
123.47,31945
123.475,32030
123.48,32001
123.485,32115
123.49,32106
123.495,32257
123.5,32210
123.505,32294
123.51,32369
123.515,32498
123.52,32584
123.525,32681
123.53,32740
123.535,32890
123.54,32963
123.545,33134
123.55,33145
123.555,33263
123.56,33396
123.565,33415
123.57,33485
123.575,33578
123.58,33610
123.585,33650
123.59,33685
123.595,34003
123.6,33959
123.605,33952
123.61,33834
123.615,33830
123.62,33683
123.625,33633
123.63,33499
123.635,33461
123.64,33339
123.645,33277
123.65,33108
123.655,33065
123.66,32997
123.665,32919
123.67,32925
123.675,32772
123.68,32799
123.685,32723
123.69,32736
123.695,32750
123.7,32749
123.705,32707
123.71,32798
123.715,32912
123.72,32926
123.725,32941
123.73,32985
123.735,33027
123.74,33054
123.745,33086
123.75,33182
123.755,33207
123.76,33247
123.765,33266
123.77,33351
123.775,33407
123.78,33399
123.785,33495
123.79,33465
123.795,33486
123.8,33431
123.805,33447
123.81,33515
123.815,33421
123.82,33450
123.825,33435
123.83,33346
123.835,33317
123.84,33253
123.845,33205
123.85,33207
123.855,33077
123.86,33088
123.865,33042
123.87,32903
123.875,32814
123.88,32754
123.885,32707
123.89,32671
123.895,32551
123.9,32472
123.905,32525
123.91,32468
123.915,32393
123.92,32344
123.925,32275
123.93,32255
123.935,32228
123.94,32190
123.945,32153
123.95,32134
123.955,32091
123.96,32094
123.965,32055
123.97,32099
123.975,32091
123.98,32049
123.985,32113
123.99,32032
123.995,32029
124.0,31983
124.005,32021
124.01,31975
124.015,32016
124.02,31977
124.025,32056
124.03,31983
124.035,31936
124.04,32007
124.045,32101
124.05,32021
124.055,32015
124.06,32013
124.065,32013
124.07,31959
124.075,31974
124.08,31940
124.085,31974
124.09,31976
124.095,32022
124.1,31989
124.105,31974
124.11,32028
124.115,31981
124.12,32055
124.125,31962
124.13,31915
124.135,31948
124.14,31972
124.145,32013
124.15,31992
124.155,31942
124.16,31965
124.165,31958
124.17,31968
124.175,32026
124.18,31978
124.185,31981
124.19,31986
124.195,31970
124.2,31937
124.205,32057
124.21,31944
124.215,31960
124.22,31944
124.225,31985
124.23,32010
124.235,31971
124.24,32025
124.245,31976
124.25,31966
124.255,31972
124.26,32116
124.265,31960
124.27,31969
124.275,32108
124.28,32006
124.285,32036
124.29,31998
124.295,31994
124.3,32032
124.305,32105
124.31,32133
124.315,32203
124.32,32263
124.325,32276
124.33,32326
124.335,32393
124.34,32509
124.345,32598
124.35,32698
124.355,32810
124.36,32950
124.365,33006
124.37,33063
124.375,33239
124.38,33287
124.385,33377
124.39,33489
124.395,33571
124.4,33663
124.405,33656
124.41,33721
124.415,33729
124.42,34125
124.425,34069
124.43,33974
124.435,33953
124.44,33967
124.445,33897
124.45,33768
124.455,33695
124.46,33595
124.465,33467
124.47,33426
124.475,33295
124.48,33148
124.485,33066
124.49,33017
124.495,32982
124.5,32945
124.505,32892
124.51,32898
124.515,32827
124.52,32877
124.525,32882
124.53,32816
124.535,32842
124.54,32944
124.545,33024
124.55,32957
124.555,33014
124.56,33022
124.565,33121
124.57,33191
124.575,33268
124.58,33336
124.585,33317
124.59,33388
124.595,33389
124.6,33450
124.605,33534
124.61,33513
124.615,33525
124.62,33581
124.625,33514
124.63,33593
124.635,33551
124.64,33590
124.645,33499
124.65,33449
124.655,33441
124.66,33421
124.665,33419
124.67,33247
124.675,33301
124.68,33277
124.685,33112
124.69,33048
124.695,33013
124.7,33000
124.705,32903
124.71,32845
124.715,32779
124.72,32723
124.725,32650
124.73,32589
124.735,32504
124.74,32512
124.745,32491
124.75,32380
124.755,32358
124.76,32331
124.765,32236
124.77,32243
124.775,32177
124.78,32118
124.785,32169
124.79,32200
124.795,32126
124.8,32145
124.805,32048
124.81,32118
124.815,32120
124.82,32044
124.825,32142
124.83,32081
124.835,32045
124.84,32090
124.845,32039
124.85,32006
124.855,32096
124.86,32078
124.865,32042
124.87,32071
124.875,32026
124.88,32105
124.885,32143
124.89,32046
124.895,32136
124.9,32064
124.905,32114
124.91,32087
124.915,32092
124.92,32051
124.925,32077
124.93,32052
124.935,32059
124.94,32053
124.945,32062
124.95,32039
124.955,32096
124.96,32035
124.965,32006
124.97,32062
124.975,32043
124.98,31991
124.985,32115
124.99,31998
124.995,32082
125.0,32117
125.005,32061
125.01,32063
125.015,32021
125.02,32049
125.025,31992
125.03,32165
125.035,32098
125.04,32058
125.045,32090
125.05,32046
125.055,32019
125.06,32047
125.065,32043
125.07,32084
125.075,32041
125.08,31992
125.085,32094
125.09,32059
125.095,32043
125.1,32073
125.105,32006
125.11,32088
125.115,32078
125.12,32044
125.125,32024
125.13,32150
125.135,32111
125.14,32107
125.145,32126
125.15,32197
125.155,32179
125.16,32286
125.165,32258
125.17,32399
125.175,32297
125.18,32475
125.185,32582
125.19,32623
125.195,32738
125.2,32785
125.205,32919
125.21,33041
125.215,33078
125.22,33243
125.225,33318
125.23,33459
125.235,33567
125.24,33521
125.245,33716
125.25,33758
125.255,33797
125.26,33812
125.265,33875
125.27,34098
125.275,34173
125.28,34137
125.285,34038
125.29,34007
125.295,33911
125.3,33808
125.305,33675
125.31,33603
125.315,33587
125.32,33487
125.325,33371
125.33,33277
125.335,33216
125.34,33154
125.345,33013
125.35,32954
125.355,32998
125.36,32974
125.365,32894
125.37,32917
125.375,32963
125.38,33027
125.385,33028
125.39,32980
125.395,33065
125.4,33076
125.405,33172
125.41,33224
125.415,33236
125.42,33303
125.425,33308
125.43,33407
125.435,33384
125.44,33464
125.445,33595
125.45,33585
125.455,33558
125.46,33569
125.465,33723
125.47,33675
125.475,33660
125.48,33708
125.485,33625
125.49,33589
125.495,33605
125.5,33523
125.505,33521
125.51,33526
125.515,33421
125.52,33412
125.525,33331
125.53,33294
125.535,33169
125.54,33158
125.545,33021
125.55,33027
125.555,32931
125.56,32881
125.565,32830
125.57,32735
125.575,32646
125.58,32666
125.585,32650
125.59,32564
125.595,32478
125.6,32494
125.605,32455
125.61,32440
125.615,32356
125.62,32350
125.625,32271
125.63,32292
125.635,32312
125.64,32258
125.645,32282
125.65,32201
125.655,32234
125.66,32232
125.665,32238
125.67,32167
125.675,32136
125.68,32203
125.685,32166
125.69,32213
125.695,32125
125.7,32128
125.705,32167
125.71,32192
125.715,32156
125.72,32162
125.725,32151
125.73,32203
125.735,32123
125.74,32168
125.745,32150
125.75,32145
125.755,32114
125.76,32110
125.765,32168
125.77,32176
125.775,32069
125.78,32175
125.785,32140
125.79,32156
125.795,32212
125.8,32130
125.805,32158
125.81,32111
125.815,32154
125.82,32148
125.825,32161
125.83,32161
125.835,32204
125.84,32162
125.845,32126
125.85,32135
125.855,32114
125.86,32135
125.865,32081
125.87,32102
125.875,32079
125.88,32153
125.885,32068
125.89,32156
125.895,32099
125.9,32138
125.905,32176
125.91,32100
125.915,32195
125.92,32147
125.925,32141
125.93,32209
125.935,32180
125.94,32161
125.945,32159
125.95,32155
125.955,32203
125.96,32206
125.965,32208
125.97,32263
125.975,32275
125.98,32326
125.985,32332
125.99,32423
125.995,32487
126.0,32520
126.005,32571
126.01,32635
126.015,32726
126.02,32742
126.025,32918
126.03,32953
126.035,33120
126.04,33270
126.045,33314
126.05,33345
126.055,33435
126.06,33582
126.065,33683
126.07,33732
126.075,33827
126.08,33872
126.085,33884
126.09,33992
126.095,34236
126.1,34219
126.105,34163
126.11,34158
126.115,34065
126.12,34009
126.125,33896
126.13,33780
126.135,33708
126.14,33606
126.145,33470
126.15,33408
126.155,33332
126.16,33301
126.165,33244
126.17,33139
126.175,33031
126.18,33046
126.185,33060
126.19,33006
126.195,32993
126.2,33019
126.205,33046
126.21,33015
126.215,33006
126.22,33091
126.225,33098
126.23,33132
126.235,33243
126.24,33295
126.245,33347
126.25,33411
126.255,33478
126.26,33486
126.265,33563
126.27,33587
126.275,33681
126.28,33719
126.285,33754
126.29,33723
126.295,33717
126.3,33748
126.305,33782
126.31,33724
126.315,33732
126.32,33755
126.325,33646
126.33,33572
126.335,33562
126.34,33554
126.345,33443
126.35,33421
126.355,33428
126.36,33298
126.365,33238
126.37,33168
126.375,33071
126.38,33050
126.385,33029
126.39,32945
126.395,32896
126.4,32795
126.405,32742
126.41,32713
126.415,32601
126.42,32591
126.425,32518
126.43,32544
126.435,32494
126.44,32445
126.445,32417
126.45,32362
126.455,32338
126.46,32353
126.465,32306
126.47,32298
126.475,32307
126.48,32330
126.485,32290
126.49,32312
126.495,32265
126.5,32283
126.505,32350
126.51,32276
126.515,32264
126.52,32261
126.525,32261
126.53,32325
126.535,32300
126.54,32231
126.545,32251
126.55,32210
126.555,32214
126.56,32245
126.565,32297
126.57,32244
126.575,32243
126.58,32204
126.585,32208
126.59,32222
126.595,32224
126.6,32218
126.605,32224
126.61,32272
126.615,32193
126.62,32222
126.625,32270
126.63,32245
126.635,32260
126.64,32228
126.645,32195
126.65,32188
126.655,32284
126.66,32220
126.665,32235
126.67,32182
126.675,32231
126.68,32225
126.685,32201
126.69,32216
126.695,32303
126.7,32274
126.705,32186
126.71,32201
126.715,32142
126.72,32221
126.725,32209
126.73,32172
126.735,32251
126.74,32261
126.745,32199
126.75,32188
126.755,32217
126.76,32246
126.765,32204
126.77,32274
126.775,32213
126.78,32297
126.785,32216
126.79,32230
126.795,32254
126.8,32289
126.805,32310
126.81,32290
126.815,32360
126.82,32330
126.825,32357
126.83,32365
126.835,32493
126.84,32487
126.845,32554
126.85,32593
126.855,32685
126.86,32811
126.865,32910
126.87,32945
126.875,32997
126.88,33147
126.885,33229
126.89,33307
126.895,33436
126.9,33513
126.905,33626
126.91,33701
126.915,33783
126.92,33909
126.925,33989
126.93,33955
126.935,33973
126.94,34288
126.945,34368
126.95,34251
126.955,34247
126.96,34173
126.965,34078
126.97,34046
126.975,33976
126.98,33821
126.985,33744
126.99,33668
126.995,33517
127.0,33397
127.005,33371
127.01,33302
127.015,33237
127.02,33172
127.025,33158
127.03,33097
127.035,33127
127.04,33108
127.045,33110
127.05,33120
127.055,33108
127.06,33209
127.065,33229
127.07,33148
127.075,33290
127.08,33329
127.085,33345
127.09,33442
127.095,33530
127.1,33523
127.105,33578
127.11,33651
127.115,33751
127.12,33686
127.125,33708
127.13,33766
127.135,33766
127.14,33830
127.145,33855
127.15,33796
127.155,33852
127.16,33795
127.165,33692
127.17,33813
127.175,33751
127.18,33688
127.185,33609
127.19,33549
127.195,33551
127.2,33461
127.205,33392
127.21,33316
127.215,33247
127.22,33204
127.225,33127
127.23,33072
127.235,33024
127.24,33009
127.245,32955
127.25,32789
127.255,32810
127.26,32776
127.265,32669
127.27,32598
127.275,32588
127.28,32536
127.285,32518
127.29,32436
127.295,32451
127.3,32441
127.305,32364
127.31,32444
127.315,32401
127.32,32414
127.325,32356
127.33,32378
127.335,32375
127.34,32291
127.345,32324
127.35,32301
127.355,32295
127.36,32339
127.365,32324
127.37,32303
127.375,32291
127.38,32338
127.385,32378
127.39,32329
127.395,32360
127.4,32272
127.405,32287
127.41,32337
127.415,32298
127.42,32305
127.425,32357
127.43,32273
127.435,32298
127.44,32299
127.445,32279
127.45,32356
127.455,32272
127.46,32262
127.465,32271
127.47,32350
127.475,32288
127.48,32334
127.485,32327
127.49,32287
127.495,32275
127.5,32320
127.505,32244
127.51,32269
127.515,32234
127.52,32271
127.525,32312
127.53,32288
127.535,32313
127.54,32267
127.545,32282
127.55,32305
127.555,32278
127.56,32250
127.565,32290
127.57,32258
127.575,32325
127.58,32318
127.585,32279
127.59,32324
127.595,32330
127.6,32288
127.605,32270
127.61,32272
127.615,32310
127.62,32303
127.625,32374
127.63,32329
127.635,32323
127.64,32364
127.645,32436
127.65,32437
127.655,32396
127.66,32464
127.665,32604
127.67,32663
127.675,32765
127.68,32727
127.685,32938
127.69,32972
127.695,33076
127.7,33111
127.705,33255
127.71,33409
127.715,33486
127.72,33553
127.725,33704
127.73,33718
127.735,33846
127.74,33913
127.745,34011
127.75,34048
127.755,34073
127.76,34004
127.765,34386
127.77,34382
127.775,34340
127.78,34166
127.785,34169
127.79,34153
127.795,34081
127.8,33975
127.805,33830
127.81,33793
127.815,33706
127.82,33589
127.825,33482
127.83,33421
127.835,33383
127.84,33235
127.845,33219
127.85,33261
127.855,33195
127.86,33200
127.865,33221
127.87,33204
127.875,33163
127.88,33153
127.885,33219
127.89,33246
127.895,33237
127.9,33362
127.905,33364
127.91,33493
127.915,33523
127.92,33580
127.925,33595
127.93,33618
127.935,33653
127.94,33715
127.945,33771
127.95,33855
127.955,33766
127.96,33865
127.965,33908
127.97,33795
127.975,33855
127.98,33879
127.985,33817
127.99,33833
127.995,33797
128.0,33799
128.005,33679
128.01,33709
128.015,33601
128.02,33529
128.025,33487
128.03,33481
128.035,33395
128.04,33294
128.045,33174
128.05,33176
128.055,33105
128.06,33050
128.065,32972
128.07,32944
128.075,32904
128.08,32821
128.085,32773
128.09,32750
128.095,32703
128.1,32664
128.105,32654
128.11,32585
128.115,32590
128.12,32620
128.125,32501
128.13,32487
128.135,32495
128.14,32495
128.145,32507
128.15,32417
128.155,32399
128.16,32419
128.165,32466
128.17,32371
128.175,32407
128.18,32442
128.185,32422
128.19,32346
128.195,32368
128.2,32436
128.205,32379
128.21,32451
128.215,32334
128.22,32349
128.225,32254
128.23,32390
128.235,32334
128.24,32318
128.245,32354
128.25,32376
128.255,32322
128.26,32404
128.265,32367
128.27,32421
128.275,32384
128.28,32309
128.285,32349
128.29,32391
128.295,32330
128.3,32389
128.305,32377
128.31,32365
128.315,32390
128.32,32314
128.325,32340
128.33,32361
128.335,32322
128.34,32342
128.345,32344
128.35,32355
128.355,32338
128.36,32408
128.365,32295
128.37,32353
128.375,32334
128.38,32388
128.385,32340
128.39,32403
128.395,32378
128.4,32404
128.405,32392
128.41,32353
128.415,32391
128.42,32366
128.425,32365
128.43,32426
128.435,32328
128.44,32382
128.445,32335
128.45,32309
128.455,32383
128.46,32371
128.465,32390
128.47,32378
128.475,32375
128.48,32403
128.485,32383
128.49,32460
128.495,32445
128.5,32524
128.505,32545
128.51,32536
128.515,32539
128.52,32722
128.525,32717
128.53,32816
128.535,32785
128.54,32830
128.545,33035
128.55,33098
128.555,33174
128.56,33283
128.565,33434
128.57,33477
128.575,33648
128.58,33649
128.585,33789
128.59,33864
128.595,33922
128.6,34010
128.605,34046
128.61,34124
128.615,34143
128.62,34461
128.625,34449
128.63,34342
128.635,34341
128.64,34301
128.645,34171
128.65,34113
128.655,34016
128.66,33942
128.665,33812
128.67,33690
128.675,33598
128.68,33516
128.685,33501
128.69,33404
128.695,33335
128.7,33344
128.705,33256
128.71,33152
128.715,33199
128.72,33195
128.725,33163
128.73,33212
128.735,33248
128.74,33344
128.745,33329
128.75,33336
128.755,33358
128.76,33518
128.765,33511
128.77,33579
128.775,33573
128.78,33716
128.785,33758
128.79,33810
128.795,33799
128.8,33883
128.805,33863
128.81,33906
128.815,33877
128.82,33980
128.825,33857
128.83,33926
128.835,33904
128.84,33989
128.845,33937
128.85,33852
128.855,33769
128.86,33796
128.865,33702
128.87,33657
128.875,33600
128.88,33613
128.885,33496
128.89,33405
128.895,33401
128.9,33335
128.905,33280
128.91,33206
128.915,33183
128.92,33019
128.925,32981
128.93,32982
128.935,32916
128.94,32843
128.945,32817
128.95,32776
128.955,32664
128.96,32690
128.965,32631
128.97,32611
128.975,32648
128.98,32560
128.985,32576
128.99,32532
128.995,32503
129.0,32481
129.005,32436
129.01,32474
129.015,32461
129.02,32464
129.025,32422
129.03,32439
129.035,32410
129.04,32444
129.045,32446
129.05,32490
129.055,32451
129.06,32444
129.065,32412
129.07,32503
129.075,32413
129.08,32382
129.085,32465
129.09,32473
129.095,32408
129.1,32489
129.105,32360
129.11,32421
129.115,32423
129.12,32451
129.125,32370
129.13,32434
129.135,32457
129.14,32402
129.145,32451
129.15,32409
129.155,32462
129.16,32374
129.165,32420
129.17,32298
129.175,32400
129.18,32398
129.185,32439
129.19,32340
129.195,32412
129.2,32422
129.205,32476
129.21,32395
129.215,32388
129.22,32428
129.225,32427
129.23,32464
129.235,32371
129.24,32465
129.245,32352
129.25,32409
129.255,32348
129.26,32415
129.265,32421
129.27,32395
129.275,32376
129.28,32377
129.285,32423
129.29,32385
129.295,32394
129.3,32395
129.305,32437
129.31,32382
129.315,32391
129.32,32424
129.325,32419
129.33,32450
129.335,32457
129.34,32425
129.345,32446
129.35,32445
129.355,32411
129.36,32473
129.365,32493
129.37,32474
129.375,32569
129.38,32404
129.385,32551
129.39,32583
129.395,32579
129.4,32648
129.405,32741
129.41,32834
129.415,32903
129.42,32933
129.425,33046
129.43,33159
129.435,33302
129.44,33336
129.445,33501
129.45,33515
129.455,33669
129.46,33690
129.465,33851
129.47,34023
129.475,34006
129.48,34053
129.485,34161
129.49,34217
129.495,34126
129.5,34468
129.505,34489
129.51,34440
129.515,34391
129.52,34345
129.525,34179
129.53,34165
129.535,34165
129.54,33931
129.545,33824
129.55,33751
129.555,33718
129.56,33567
129.565,33437
129.57,33460
129.575,33454
129.58,33358
129.585,33276
129.59,33258
129.595,33301
129.6,33228
129.605,33258
129.61,33276
129.615,33302
129.62,33287
129.625,33369
129.63,33385
129.635,33422
129.64,33571
129.645,33587
129.65,33609
129.655,33634
129.66,33681
129.665,33739
129.67,33778
129.675,33902
129.68,33886
129.685,33963
129.69,33906
129.695,33988
129.7,33948
129.705,33995
129.71,34036
129.715,33944
129.72,33986
129.725,34010
129.73,33895
129.735,33833
129.74,33794
129.745,33741
129.75,33705
129.755,33631
129.76,33621
129.765,33557
129.77,33355
129.775,33442
129.78,33333
129.785,33188
129.79,33201
129.795,33186
129.8,33062
129.805,33036
129.81,32929
129.815,32942
129.82,32810
129.825,32784
129.83,32752
129.835,32763
129.84,32714
129.845,32709
129.85,32635
129.855,32594
129.86,32682
129.865,32583
129.87,32576
129.875,32510
129.88,32502
129.885,32539
129.89,32536
129.895,32472
129.9,32477
129.905,32490
129.91,32531
129.915,32474
129.92,32542
129.925,32506
129.93,32528
129.935,32469
129.94,32478
129.945,32442
129.95,32466
129.955,32480
129.96,32419
129.965,32446
129.97,32464
129.975,32450
129.98,32397
129.985,32469
129.99,32450
129.995,32413
